# Blender 3.6.5
# www.blender.org
o SpiralPlane4
v 0.458194 0.000000 1.000000
v 0.456856 0.133333 0.977778
v 0.455518 0.266667 0.955556
v 0.454181 0.400000 0.933333
v 0.452843 0.533333 0.911111
v 0.451505 0.666667 0.888889
v 0.450167 0.800000 0.866667
v 0.448829 0.933333 0.844444
v 0.479376 0.989881 0.822222
v 0.541806 0.969643 0.800000
v 0.604236 0.949405 0.777778
v 0.666667 0.929167 0.755556
v 0.729097 0.908929 0.733333
v 0.791527 0.888690 0.711111
v 0.853958 0.868452 0.688889
v 0.916388 0.848214 0.666667
v 0.927536 0.812024 0.644444
v 0.938685 0.775833 0.622222
v 0.949833 0.739643 0.600000
v 0.960981 0.703452 0.577778
v 0.972129 0.667262 0.555556
v 0.983278 0.631071 0.533333
v 0.994426 0.594881 0.511111
v 0.984169 0.565595 0.488889
v 0.952508 0.543214 0.466667
v 0.920847 0.520833 0.444444
v 0.889186 0.498452 0.422222
v 0.857525 0.476071 0.400000
v 0.825864 0.453690 0.377778
v 0.794203 0.431309 0.355556
v 0.762542 0.408929 0.333333
v 0.736232 0.406786 0.311111
v 0.709922 0.404643 0.288889
v 0.683612 0.402500 0.266667
v 0.657302 0.400357 0.244444
v 0.630992 0.398214 0.222222
v 0.604682 0.396071 0.200000
v 0.578372 0.393929 0.177778
v 0.527536 0.396190 0.155556
v 0.452174 0.402857 0.133333
v 0.376812 0.409524 0.111111
v 0.301449 0.416190 0.088889
v 0.226087 0.422857 0.066667
v 0.150725 0.429524 0.044444
v 0.075362 0.436190 0.022222
v 0.000000 0.442857 0.000000
v 0.458194 0.000000 0.955556
v 0.456856 0.133333 0.933333
v 0.455518 0.266667 0.911111
v 0.454181 0.400000 0.888889
v 0.452843 0.533333 0.866667
v 0.451505 0.666667 0.844444
v 0.450167 0.800000 0.822222
v 0.448829 0.933333 0.800000
v 0.479376 0.989881 0.777778
v 0.541806 0.969643 0.755556
v 0.604236 0.949405 0.733333
v 0.666667 0.929167 0.711111
v 0.729097 0.908929 0.688889
v 0.791527 0.888690 0.666667
v 0.853958 0.868452 0.644444
v 0.916388 0.848214 0.622222
v 0.927536 0.812024 0.600000
v 0.938685 0.775833 0.577778
v 0.949833 0.739643 0.555556
v 0.960981 0.703452 0.533333
v 0.972129 0.667262 0.511111
v 0.983278 0.631071 0.488889
v 0.994426 0.594881 0.466667
v 0.984169 0.565595 0.444444
v 0.952508 0.543214 0.422222
v 0.920847 0.520833 0.400000
v 0.889186 0.498452 0.377778
v 0.857525 0.476071 0.355556
v 0.825864 0.453690 0.333333
v 0.794203 0.431309 0.311111
v 0.762542 0.408929 0.288889
v 0.736232 0.406786 0.266667
v 0.709922 0.404643 0.244444
v 0.683612 0.402500 0.222222
v 0.657302 0.400357 0.200000
v 0.630992 0.398214 0.177778
v 0.604682 0.396071 0.155556
v 0.578372 0.393929 0.133333
v 0.527536 0.396190 0.111111
v 0.452174 0.402857 0.088889
v 0.376812 0.409524 0.066667
v 0.301449 0.416190 0.044444
v 0.226087 0.422857 0.022222
v 0.150725 0.429524 0.000000
v 0.075362 0.436190 -0.022222
v 0.000000 0.442857 -0.044444
v 0.458194 0.000000 0.911111
v 0.456856 0.133333 0.888889
v 0.455518 0.266667 0.866667
v 0.454181 0.400000 0.844444
v 0.452843 0.533333 0.822222
v 0.451505 0.666667 0.800000
v 0.450167 0.800000 0.777778
v 0.448829 0.933333 0.755556
v 0.479376 0.989881 0.733333
v 0.541806 0.969643 0.711111
v 0.604236 0.949405 0.688889
v 0.666667 0.929167 0.666667
v 0.729097 0.908929 0.644444
v 0.791527 0.888690 0.622222
v 0.853958 0.868452 0.600000
v 0.916388 0.848214 0.577778
v 0.927536 0.812024 0.555556
v 0.938685 0.775833 0.533333
v 0.949833 0.739643 0.511111
v 0.960981 0.703452 0.488889
v 0.972129 0.667262 0.466667
v 0.983278 0.631071 0.444444
v 0.994426 0.594881 0.422222
v 0.984169 0.565595 0.400000
v 0.952508 0.543214 0.377778
v 0.920847 0.520833 0.355556
v 0.889186 0.498452 0.333333
v 0.857525 0.476071 0.311111
v 0.825864 0.453690 0.288889
v 0.794203 0.431309 0.266667
v 0.762542 0.408929 0.244444
v 0.736232 0.406786 0.222222
v 0.709922 0.404643 0.200000
v 0.683612 0.402500 0.177778
v 0.657302 0.400357 0.155556
v 0.630992 0.398214 0.133333
v 0.604682 0.396071 0.111111
v 0.578372 0.393929 0.088889
v 0.527536 0.396190 0.066667
v 0.452174 0.402857 0.044444
v 0.376812 0.409524 0.022222
v 0.301449 0.416190 0.000000
v 0.226087 0.422857 -0.022222
v 0.150725 0.429524 -0.044444
v 0.075362 0.436190 -0.066667
v 0.000000 0.442857 -0.088889
v 0.458194 0.000000 0.866667
v 0.456856 0.133333 0.844444
v 0.455518 0.266667 0.822222
v 0.454181 0.400000 0.800000
v 0.452843 0.533333 0.777778
v 0.451505 0.666667 0.755556
v 0.450167 0.800000 0.733333
v 0.448829 0.933333 0.711111
v 0.479376 0.989881 0.688889
v 0.541806 0.969643 0.666667
v 0.604236 0.949405 0.644444
v 0.666667 0.929167 0.622222
v 0.729097 0.908929 0.600000
v 0.791527 0.888690 0.577778
v 0.853958 0.868452 0.555556
v 0.916388 0.848214 0.533333
v 0.927536 0.812024 0.511111
v 0.938685 0.775833 0.488889
v 0.949833 0.739643 0.466667
v 0.960981 0.703452 0.444444
v 0.972129 0.667262 0.422222
v 0.983278 0.631071 0.400000
v 0.994426 0.594881 0.377778
v 0.984169 0.565595 0.355556
v 0.952508 0.543214 0.333333
v 0.920847 0.520833 0.311111
v 0.889186 0.498452 0.288889
v 0.857525 0.476071 0.266667
v 0.825864 0.453690 0.244444
v 0.794203 0.431309 0.222222
v 0.762542 0.408929 0.200000
v 0.736232 0.406786 0.177778
v 0.709922 0.404643 0.155556
v 0.683612 0.402500 0.133333
v 0.657302 0.400357 0.111111
v 0.630992 0.398214 0.088889
v 0.604682 0.396071 0.066667
v 0.578372 0.393929 0.044444
v 0.527536 0.396190 0.022222
v 0.452174 0.402857 0.000000
v 0.376812 0.409524 -0.022222
v 0.301449 0.416190 -0.044444
v 0.226087 0.422857 -0.066667
v 0.150725 0.429524 -0.088889
v 0.075362 0.436190 -0.111111
v 0.000000 0.442857 -0.133333
v 0.458194 0.000000 0.822222
v 0.456856 0.133333 0.800000
v 0.455518 0.266667 0.777778
v 0.454181 0.400000 0.755556
v 0.452843 0.533333 0.733333
v 0.451505 0.666667 0.711111
v 0.450167 0.800000 0.688889
v 0.448829 0.933333 0.666667
v 0.479376 0.989881 0.644444
v 0.541806 0.969643 0.622222
v 0.604236 0.949405 0.600000
v 0.666667 0.929167 0.577778
v 0.729097 0.908929 0.555556
v 0.791527 0.888690 0.533333
v 0.853958 0.868452 0.511111
v 0.916388 0.848214 0.488889
v 0.927536 0.812024 0.466667
v 0.938685 0.775833 0.444444
v 0.949833 0.739643 0.422222
v 0.960981 0.703452 0.400000
v 0.972129 0.667262 0.377778
v 0.983278 0.631071 0.355556
v 0.994426 0.594881 0.333333
v 0.984169 0.565595 0.311111
v 0.952508 0.543214 0.288889
v 0.920847 0.520833 0.266667
v 0.889186 0.498452 0.244444
v 0.857525 0.476071 0.222222
v 0.825864 0.453690 0.200000
v 0.794203 0.431309 0.177778
v 0.762542 0.408929 0.155556
v 0.736232 0.406786 0.133333
v 0.709922 0.404643 0.111111
v 0.683612 0.402500 0.088889
v 0.657302 0.400357 0.066667
v 0.630992 0.398214 0.044444
v 0.604682 0.396071 0.022222
v 0.578372 0.393929 0.000000
v 0.527536 0.396190 -0.022222
v 0.452174 0.402857 -0.044444
v 0.376812 0.409524 -0.066667
v 0.301449 0.416190 -0.088889
v 0.226087 0.422857 -0.111111
v 0.150725 0.429524 -0.133333
v 0.075362 0.436190 -0.155556
v 0.000000 0.442857 -0.177778
v 0.458194 0.000000 0.777778
v 0.456856 0.133333 0.755556
v 0.455518 0.266667 0.733333
v 0.454181 0.400000 0.711111
v 0.452843 0.533333 0.688889
v 0.451505 0.666667 0.666667
v 0.450167 0.800000 0.644444
v 0.448829 0.933333 0.622222
v 0.479376 0.989881 0.600000
v 0.541806 0.969643 0.577778
v 0.604236 0.949405 0.555556
v 0.666667 0.929167 0.533333
v 0.729097 0.908929 0.511111
v 0.791527 0.888690 0.488889
v 0.853958 0.868452 0.466667
v 0.916388 0.848214 0.444444
v 0.927536 0.812024 0.422222
v 0.938685 0.775833 0.400000
v 0.949833 0.739643 0.377778
v 0.960981 0.703452 0.355556
v 0.972129 0.667262 0.333333
v 0.983278 0.631071 0.311111
v 0.994426 0.594881 0.288889
v 0.984169 0.565595 0.266667
v 0.952508 0.543214 0.244444
v 0.920847 0.520833 0.222222
v 0.889186 0.498452 0.200000
v 0.857525 0.476071 0.177778
v 0.825864 0.453690 0.155556
v 0.794203 0.431309 0.133333
v 0.762542 0.408929 0.111111
v 0.736232 0.406786 0.088889
v 0.709922 0.404643 0.066667
v 0.683612 0.402500 0.044444
v 0.657302 0.400357 0.022222
v 0.630992 0.398214 0.000000
v 0.604682 0.396071 -0.022222
v 0.578372 0.393929 -0.044444
v 0.527536 0.396190 -0.066667
v 0.452174 0.402857 -0.088889
v 0.376812 0.409524 -0.111111
v 0.301449 0.416190 -0.133333
v 0.226087 0.422857 -0.155556
v 0.150725 0.429524 -0.177778
v 0.075362 0.436190 -0.200000
v 0.000000 0.442857 -0.222222
v 0.458194 0.000000 0.733333
v 0.456856 0.133333 0.711111
v 0.455518 0.266667 0.688889
v 0.454181 0.400000 0.666667
v 0.452843 0.533333 0.644444
v 0.451505 0.666667 0.622222
v 0.450167 0.800000 0.600000
v 0.448829 0.933333 0.577778
v 0.479376 0.989881 0.555556
v 0.541806 0.969643 0.533333
v 0.604236 0.949405 0.511111
v 0.666667 0.929167 0.488889
v 0.729097 0.908929 0.466667
v 0.791527 0.888690 0.444444
v 0.853958 0.868452 0.422222
v 0.916388 0.848214 0.400000
v 0.927536 0.812024 0.377778
v 0.938685 0.775833 0.355556
v 0.949833 0.739643 0.333333
v 0.960981 0.703452 0.311111
v 0.972129 0.667262 0.288889
v 0.983278 0.631071 0.266667
v 0.994426 0.594881 0.244444
v 0.984169 0.565595 0.222222
v 0.952508 0.543214 0.200000
v 0.920847 0.520833 0.177778
v 0.889186 0.498452 0.155556
v 0.857525 0.476071 0.133333
v 0.825864 0.453690 0.111111
v 0.794203 0.431309 0.088889
v 0.762542 0.408929 0.066667
v 0.736232 0.406786 0.044444
v 0.709922 0.404643 0.022222
v 0.683612 0.402500 0.000000
v 0.657302 0.400357 -0.022222
v 0.630992 0.398214 -0.044444
v 0.604682 0.396071 -0.066667
v 0.578372 0.393929 -0.088889
v 0.527536 0.396190 -0.111111
v 0.452174 0.402857 -0.133333
v 0.376812 0.409524 -0.155556
v 0.301449 0.416190 -0.177778
v 0.226087 0.422857 -0.200000
v 0.150725 0.429524 -0.222222
v 0.075362 0.436190 -0.244444
v 0.000000 0.442857 -0.266667
v 0.458194 0.000000 0.688889
v 0.456856 0.133333 0.666667
v 0.455518 0.266667 0.644444
v 0.454181 0.400000 0.622222
v 0.452843 0.533333 0.600000
v 0.451505 0.666667 0.577778
v 0.450167 0.800000 0.555556
v 0.448829 0.933333 0.533333
v 0.479376 0.989881 0.511111
v 0.541806 0.969643 0.488889
v 0.604236 0.949405 0.466667
v 0.666667 0.929167 0.444444
v 0.729097 0.908929 0.422222
v 0.791527 0.888690 0.400000
v 0.853958 0.868452 0.377778
v 0.916388 0.848214 0.355556
v 0.927536 0.812024 0.333333
v 0.938685 0.775833 0.311111
v 0.949833 0.739643 0.288889
v 0.960981 0.703452 0.266667
v 0.972129 0.667262 0.244444
v 0.983278 0.631071 0.222222
v 0.994426 0.594881 0.200000
v 0.984169 0.565595 0.177778
v 0.952508 0.543214 0.155556
v 0.920847 0.520833 0.133333
v 0.889186 0.498452 0.111111
v 0.857525 0.476071 0.088889
v 0.825864 0.453690 0.066667
v 0.794203 0.431309 0.044444
v 0.762542 0.408929 0.022222
v 0.736232 0.406786 0.000000
v 0.709922 0.404643 -0.022222
v 0.683612 0.402500 -0.044444
v 0.657302 0.400357 -0.066667
v 0.630992 0.398214 -0.088889
v 0.604682 0.396071 -0.111111
v 0.578372 0.393929 -0.133333
v 0.527536 0.396190 -0.155556
v 0.452174 0.402857 -0.177778
v 0.376812 0.409524 -0.200000
v 0.301449 0.416190 -0.222222
v 0.226087 0.422857 -0.244444
v 0.150725 0.429524 -0.266667
v 0.075362 0.436190 -0.288889
v 0.000000 0.442857 -0.311111
v 0.458194 0.000000 0.644444
v 0.456856 0.133333 0.622222
v 0.455518 0.266667 0.600000
v 0.454181 0.400000 0.577778
v 0.452843 0.533333 0.555556
v 0.451505 0.666667 0.533333
v 0.450167 0.800000 0.511111
v 0.448829 0.933333 0.488889
v 0.479376 0.989881 0.466667
v 0.541806 0.969643 0.444444
v 0.604236 0.949405 0.422222
v 0.666667 0.929167 0.400000
v 0.729097 0.908929 0.377778
v 0.791527 0.888690 0.355556
v 0.853958 0.868452 0.333333
v 0.916388 0.848214 0.311111
v 0.927536 0.812024 0.288889
v 0.938685 0.775833 0.266667
v 0.949833 0.739643 0.244444
v 0.960981 0.703452 0.222222
v 0.972129 0.667262 0.200000
v 0.983278 0.631071 0.177778
v 0.994426 0.594881 0.155556
v 0.984169 0.565595 0.133333
v 0.952508 0.543214 0.111111
v 0.920847 0.520833 0.088889
v 0.889186 0.498452 0.066667
v 0.857525 0.476071 0.044444
v 0.825864 0.453690 0.022222
v 0.794203 0.431309 0.000000
v 0.762542 0.408929 -0.022222
v 0.736232 0.406786 -0.044444
v 0.709922 0.404643 -0.066667
v 0.683612 0.402500 -0.088889
v 0.657302 0.400357 -0.111111
v 0.630992 0.398214 -0.133333
v 0.604682 0.396071 -0.155556
v 0.578372 0.393929 -0.177778
v 0.527536 0.396190 -0.200000
v 0.452174 0.402857 -0.222222
v 0.376812 0.409524 -0.244444
v 0.301449 0.416190 -0.266667
v 0.226087 0.422857 -0.288889
v 0.150725 0.429524 -0.311111
v 0.075362 0.436190 -0.333333
v 0.000000 0.442857 -0.355556
v 0.458194 0.000000 0.600000
v 0.456856 0.133333 0.577778
v 0.455518 0.266667 0.555556
v 0.454181 0.400000 0.533333
v 0.452843 0.533333 0.511111
v 0.451505 0.666667 0.488889
v 0.450167 0.800000 0.466667
v 0.448829 0.933333 0.444444
v 0.479376 0.989881 0.422222
v 0.541806 0.969643 0.400000
v 0.604236 0.949405 0.377778
v 0.666667 0.929167 0.355556
v 0.729097 0.908929 0.333333
v 0.791527 0.888690 0.311111
v 0.853958 0.868452 0.288889
v 0.916388 0.848214 0.266667
v 0.927536 0.812024 0.244444
v 0.938685 0.775833 0.222222
v 0.949833 0.739643 0.200000
v 0.960981 0.703452 0.177778
v 0.972129 0.667262 0.155556
v 0.983278 0.631071 0.133333
v 0.994426 0.594881 0.111111
v 0.984169 0.565595 0.088889
v 0.952508 0.543214 0.066667
v 0.920847 0.520833 0.044444
v 0.889186 0.498452 0.022222
v 0.857525 0.476071 0.000000
v 0.825864 0.453690 -0.022222
v 0.794203 0.431309 -0.044444
v 0.762542 0.408929 -0.066667
v 0.736232 0.406786 -0.088889
v 0.709922 0.404643 -0.111111
v 0.683612 0.402500 -0.133333
v 0.657302 0.400357 -0.155556
v 0.630992 0.398214 -0.177778
v 0.604682 0.396071 -0.200000
v 0.578372 0.393929 -0.222222
v 0.527536 0.396190 -0.244444
v 0.452174 0.402857 -0.266667
v 0.376812 0.409524 -0.288889
v 0.301449 0.416190 -0.311111
v 0.226087 0.422857 -0.333333
v 0.150725 0.429524 -0.355556
v 0.075362 0.436190 -0.377778
v 0.000000 0.442857 -0.400000
v 0.458194 0.000000 0.555556
v 0.456856 0.133333 0.533333
v 0.455518 0.266667 0.511111
v 0.454181 0.400000 0.488889
v 0.452843 0.533333 0.466667
v 0.451505 0.666667 0.444444
v 0.450167 0.800000 0.422222
v 0.448829 0.933333 0.400000
v 0.479376 0.989881 0.377778
v 0.541806 0.969643 0.355556
v 0.604236 0.949405 0.333333
v 0.666667 0.929167 0.311111
v 0.729097 0.908929 0.288889
v 0.791527 0.888690 0.266667
v 0.853958 0.868452 0.244444
v 0.916388 0.848214 0.222222
v 0.927536 0.812024 0.200000
v 0.938685 0.775833 0.177778
v 0.949833 0.739643 0.155556
v 0.960981 0.703452 0.133333
v 0.972129 0.667262 0.111111
v 0.983278 0.631071 0.088889
v 0.994426 0.594881 0.066667
v 0.984169 0.565595 0.044444
v 0.952508 0.543214 0.022222
v 0.920847 0.520833 0.000000
v 0.889186 0.498452 -0.022222
v 0.857525 0.476071 -0.044444
v 0.825864 0.453690 -0.066667
v 0.794203 0.431309 -0.088889
v 0.762542 0.408929 -0.111111
v 0.736232 0.406786 -0.133333
v 0.709922 0.404643 -0.155556
v 0.683612 0.402500 -0.177778
v 0.657302 0.400357 -0.200000
v 0.630992 0.398214 -0.222222
v 0.604682 0.396071 -0.244444
v 0.578372 0.393929 -0.266667
v 0.527536 0.396190 -0.288889
v 0.452174 0.402857 -0.311111
v 0.376812 0.409524 -0.333333
v 0.301449 0.416190 -0.355556
v 0.226087 0.422857 -0.377778
v 0.150725 0.429524 -0.400000
v 0.075362 0.436190 -0.422222
v 0.000000 0.442857 -0.444444
v 0.458194 0.000000 0.511111
v 0.456856 0.133333 0.488889
v 0.455518 0.266667 0.466667
v 0.454181 0.400000 0.444444
v 0.452843 0.533333 0.422222
v 0.451505 0.666667 0.400000
v 0.450167 0.800000 0.377778
v 0.448829 0.933333 0.355556
v 0.479376 0.989881 0.333333
v 0.541806 0.969643 0.311111
v 0.604236 0.949405 0.288889
v 0.666667 0.929167 0.266667
v 0.729097 0.908929 0.244444
v 0.791527 0.888690 0.222222
v 0.853958 0.868452 0.200000
v 0.916388 0.848214 0.177778
v 0.927536 0.812024 0.155556
v 0.938685 0.775833 0.133333
v 0.949833 0.739643 0.111111
v 0.960981 0.703452 0.088889
v 0.972129 0.667262 0.066667
v 0.983278 0.631071 0.044444
v 0.994426 0.594881 0.022222
v 0.984169 0.565595 0.000000
v 0.952508 0.543214 -0.022222
v 0.920847 0.520833 -0.044444
v 0.889186 0.498452 -0.066667
v 0.857525 0.476071 -0.088889
v 0.825864 0.453690 -0.111111
v 0.794203 0.431309 -0.133333
v 0.762542 0.408929 -0.155556
v 0.736232 0.406786 -0.177778
v 0.709922 0.404643 -0.200000
v 0.683612 0.402500 -0.222222
v 0.657302 0.400357 -0.244444
v 0.630992 0.398214 -0.266667
v 0.604682 0.396071 -0.288889
v 0.578372 0.393929 -0.311111
v 0.527536 0.396190 -0.333333
v 0.452174 0.402857 -0.355556
v 0.376812 0.409524 -0.377778
v 0.301449 0.416190 -0.400000
v 0.226087 0.422857 -0.422222
v 0.150725 0.429524 -0.444444
v 0.075362 0.436190 -0.466667
v 0.000000 0.442857 -0.488889
v 0.458194 0.000000 0.466667
v 0.456856 0.133333 0.444444
v 0.455518 0.266667 0.422222
v 0.454181 0.400000 0.400000
v 0.452843 0.533333 0.377778
v 0.451505 0.666667 0.355556
v 0.450167 0.800000 0.333333
v 0.448829 0.933333 0.311111
v 0.479376 0.989881 0.288889
v 0.541806 0.969643 0.266667
v 0.604236 0.949405 0.244444
v 0.666667 0.929167 0.222222
v 0.729097 0.908929 0.200000
v 0.791527 0.888690 0.177778
v 0.853958 0.868452 0.155556
v 0.916388 0.848214 0.133333
v 0.927536 0.812024 0.111111
v 0.938685 0.775833 0.088889
v 0.949833 0.739643 0.066667
v 0.960981 0.703452 0.044444
v 0.972129 0.667262 0.022222
v 0.983278 0.631071 -0.000000
v 0.994426 0.594881 -0.022222
v 0.984169 0.565595 -0.044445
v 0.952508 0.543214 -0.066667
v 0.920847 0.520833 -0.088889
v 0.889186 0.498452 -0.111111
v 0.857525 0.476071 -0.133333
v 0.825864 0.453690 -0.155556
v 0.794203 0.431309 -0.177778
v 0.762542 0.408929 -0.200000
v 0.736232 0.406786 -0.222222
v 0.709922 0.404643 -0.244444
v 0.683612 0.402500 -0.266667
v 0.657302 0.400357 -0.288889
v 0.630992 0.398214 -0.311111
v 0.604682 0.396071 -0.333333
v 0.578372 0.393929 -0.355556
v 0.527536 0.396190 -0.377778
v 0.452174 0.402857 -0.400000
v 0.376812 0.409524 -0.422222
v 0.301449 0.416190 -0.444444
v 0.226087 0.422857 -0.466667
v 0.150725 0.429524 -0.488889
v 0.075362 0.436190 -0.511111
v 0.000000 0.442857 -0.533333
v 0.458194 0.000000 0.422222
v 0.456856 0.133333 0.400000
v 0.455518 0.266667 0.377778
v 0.454181 0.400000 0.355556
v 0.452843 0.533333 0.333333
v 0.451505 0.666667 0.311111
v 0.450167 0.800000 0.288889
v 0.448829 0.933333 0.266667
v 0.479376 0.989881 0.244444
v 0.541806 0.969643 0.222222
v 0.604236 0.949405 0.200000
v 0.666667 0.929167 0.177778
v 0.729097 0.908929 0.155556
v 0.791527 0.888690 0.133333
v 0.853958 0.868452 0.111111
v 0.916388 0.848214 0.088889
v 0.927536 0.812024 0.066667
v 0.938685 0.775833 0.044444
v 0.949833 0.739643 0.022222
v 0.960981 0.703452 -0.000000
v 0.972129 0.667262 -0.022222
v 0.983278 0.631071 -0.044444
v 0.994426 0.594881 -0.066667
v 0.984169 0.565595 -0.088889
v 0.952508 0.543214 -0.111111
v 0.920847 0.520833 -0.133333
v 0.889186 0.498452 -0.155556
v 0.857525 0.476071 -0.177778
v 0.825864 0.453690 -0.200000
v 0.794203 0.431309 -0.222222
v 0.762542 0.408929 -0.244444
v 0.736232 0.406786 -0.266667
v 0.709922 0.404643 -0.288889
v 0.683612 0.402500 -0.311111
v 0.657302 0.400357 -0.333333
v 0.630992 0.398214 -0.355556
v 0.604682 0.396071 -0.377778
v 0.578372 0.393929 -0.400000
v 0.527536 0.396190 -0.422222
v 0.452174 0.402857 -0.444444
v 0.376812 0.409524 -0.466667
v 0.301449 0.416190 -0.488889
v 0.226087 0.422857 -0.511111
v 0.150725 0.429524 -0.533333
v 0.075362 0.436190 -0.555556
v 0.000000 0.442857 -0.577778
v 0.458194 0.000000 0.377778
v 0.456856 0.133333 0.355556
v 0.455518 0.266667 0.333333
v 0.454181 0.400000 0.311111
v 0.452843 0.533333 0.288889
v 0.451505 0.666667 0.266667
v 0.450167 0.800000 0.244444
v 0.448829 0.933333 0.222222
v 0.479376 0.989881 0.200000
v 0.541806 0.969643 0.177778
v 0.604236 0.949405 0.155556
v 0.666667 0.929167 0.133333
v 0.729097 0.908929 0.111111
v 0.791527 0.888690 0.088889
v 0.853958 0.868452 0.066667
v 0.916388 0.848214 0.044444
v 0.927536 0.812024 0.022222
v 0.938685 0.775833 -0.000000
v 0.949833 0.739643 -0.022222
v 0.960981 0.703452 -0.044444
v 0.972129 0.667262 -0.066667
v 0.983278 0.631071 -0.088889
v 0.994426 0.594881 -0.111111
v 0.984169 0.565595 -0.133333
v 0.952508 0.543214 -0.155556
v 0.920847 0.520833 -0.177778
v 0.889186 0.498452 -0.200000
v 0.857525 0.476071 -0.222222
v 0.825864 0.453690 -0.244444
v 0.794203 0.431309 -0.266667
v 0.762542 0.408929 -0.288889
v 0.736232 0.406786 -0.311111
v 0.709922 0.404643 -0.333333
v 0.683612 0.402500 -0.355556
v 0.657302 0.400357 -0.377778
v 0.630992 0.398214 -0.400000
v 0.604682 0.396071 -0.422222
v 0.578372 0.393929 -0.444444
v 0.527536 0.396190 -0.466667
v 0.452174 0.402857 -0.488889
v 0.376812 0.409524 -0.511111
v 0.301449 0.416190 -0.533333
v 0.226087 0.422857 -0.555556
v 0.150725 0.429524 -0.577778
v 0.075362 0.436190 -0.600000
v 0.000000 0.442857 -0.622222
v 0.458194 0.000000 0.333333
v 0.456856 0.133333 0.311111
v 0.455518 0.266667 0.288889
v 0.454181 0.400000 0.266667
v 0.452843 0.533333 0.244444
v 0.451505 0.666667 0.222222
v 0.450167 0.800000 0.200000
v 0.448829 0.933333 0.177778
v 0.479376 0.989881 0.155556
v 0.541806 0.969643 0.133333
v 0.604236 0.949405 0.111111
v 0.666667 0.929167 0.088889
v 0.729097 0.908929 0.066667
v 0.791527 0.888690 0.044444
v 0.853958 0.868452 0.022222
v 0.916388 0.848214 -0.000000
v 0.927536 0.812024 -0.022222
v 0.938685 0.775833 -0.044444
v 0.949833 0.739643 -0.066667
v 0.960981 0.703452 -0.088889
v 0.972129 0.667262 -0.111111
v 0.983278 0.631071 -0.133333
v 0.994426 0.594881 -0.155556
v 0.984169 0.565595 -0.177778
v 0.952508 0.543214 -0.200000
v 0.920847 0.520833 -0.222222
v 0.889186 0.498452 -0.244444
v 0.857525 0.476071 -0.266667
v 0.825864 0.453690 -0.288889
v 0.794203 0.431309 -0.311111
v 0.762542 0.408929 -0.333333
v 0.736232 0.406786 -0.355556
v 0.709922 0.404643 -0.377778
v 0.683612 0.402500 -0.400000
v 0.657302 0.400357 -0.422222
v 0.630992 0.398214 -0.444444
v 0.604682 0.396071 -0.466667
v 0.578372 0.393929 -0.488889
v 0.527536 0.396190 -0.511111
v 0.452174 0.402857 -0.533333
v 0.376812 0.409524 -0.555556
v 0.301449 0.416190 -0.577778
v 0.226087 0.422857 -0.600000
v 0.150725 0.429524 -0.622222
v 0.075362 0.436190 -0.644444
v 0.000000 0.442857 -0.666667
v 0.458194 0.000000 0.288889
v 0.456856 0.133333 0.266667
v 0.455518 0.266667 0.244444
v 0.454181 0.400000 0.222222
v 0.452843 0.533333 0.200000
v 0.451505 0.666667 0.177778
v 0.450167 0.800000 0.155556
v 0.448829 0.933333 0.133333
v 0.479376 0.989881 0.111111
v 0.541806 0.969643 0.088889
v 0.604236 0.949405 0.066667
v 0.666667 0.929167 0.044444
v 0.729097 0.908929 0.022222
v 0.791527 0.888690 -0.000000
v 0.853958 0.868452 -0.022222
v 0.916388 0.848214 -0.044444
v 0.927536 0.812024 -0.066667
v 0.938685 0.775833 -0.088889
v 0.949833 0.739643 -0.111111
v 0.960981 0.703452 -0.133333
v 0.972129 0.667262 -0.155556
v 0.983278 0.631071 -0.177778
v 0.994426 0.594881 -0.200000
v 0.984169 0.565595 -0.222222
v 0.952508 0.543214 -0.244444
v 0.920847 0.520833 -0.266667
v 0.889186 0.498452 -0.288889
v 0.857525 0.476071 -0.311111
v 0.825864 0.453690 -0.333333
v 0.794203 0.431309 -0.355556
v 0.762542 0.408929 -0.377778
v 0.736232 0.406786 -0.400000
v 0.709922 0.404643 -0.422222
v 0.683612 0.402500 -0.444444
v 0.657302 0.400357 -0.466667
v 0.630992 0.398214 -0.488889
v 0.604682 0.396071 -0.511111
v 0.578372 0.393929 -0.533333
v 0.527536 0.396190 -0.555556
v 0.452174 0.402857 -0.577778
v 0.376812 0.409524 -0.600000
v 0.301449 0.416190 -0.622222
v 0.226087 0.422857 -0.644444
v 0.150725 0.429524 -0.666667
v 0.075362 0.436190 -0.688889
v 0.000000 0.442857 -0.711111
v 0.458194 0.000000 0.244444
v 0.456856 0.133333 0.222222
v 0.455518 0.266667 0.200000
v 0.454181 0.400000 0.177778
v 0.452843 0.533333 0.155556
v 0.451505 0.666667 0.133333
v 0.450167 0.800000 0.111111
v 0.448829 0.933333 0.088889
v 0.479376 0.989881 0.066667
v 0.541806 0.969643 0.044444
v 0.604236 0.949405 0.022222
v 0.666667 0.929167 0.000000
v 0.729097 0.908929 -0.022222
v 0.791527 0.888690 -0.044444
v 0.853958 0.868452 -0.066667
v 0.916388 0.848214 -0.088889
v 0.927536 0.812024 -0.111111
v 0.938685 0.775833 -0.133333
v 0.949833 0.739643 -0.155556
v 0.960981 0.703452 -0.177778
v 0.972129 0.667262 -0.200000
v 0.983278 0.631071 -0.222222
v 0.994426 0.594881 -0.244444
v 0.984169 0.565595 -0.266667
v 0.952508 0.543214 -0.288889
v 0.920847 0.520833 -0.311111
v 0.889186 0.498452 -0.333333
v 0.857525 0.476071 -0.355556
v 0.825864 0.453690 -0.377778
v 0.794203 0.431309 -0.400000
v 0.762542 0.408929 -0.422222
v 0.736232 0.406786 -0.444444
v 0.709922 0.404643 -0.466667
v 0.683612 0.402500 -0.488889
v 0.657302 0.400357 -0.511111
v 0.630992 0.398214 -0.533333
v 0.604682 0.396071 -0.555556
v 0.578372 0.393929 -0.577778
v 0.527536 0.396190 -0.600000
v 0.452174 0.402857 -0.622222
v 0.376812 0.409524 -0.644444
v 0.301449 0.416190 -0.666667
v 0.226087 0.422857 -0.688889
v 0.150725 0.429524 -0.711111
v 0.075362 0.436190 -0.733333
v 0.000000 0.442857 -0.755556
v 0.458194 0.000000 0.200000
v 0.456856 0.133333 0.177778
v 0.455518 0.266667 0.155556
v 0.454181 0.400000 0.133333
v 0.452843 0.533333 0.111111
v 0.451505 0.666667 0.088889
v 0.450167 0.800000 0.066667
v 0.448829 0.933333 0.044444
v 0.479376 0.989881 0.022222
v 0.541806 0.969643 0.000000
v 0.604236 0.949405 -0.022222
v 0.666667 0.929167 -0.044444
v 0.729097 0.908929 -0.066667
v 0.791527 0.888690 -0.088889
v 0.853958 0.868452 -0.111111
v 0.916388 0.848214 -0.133333
v 0.927536 0.812024 -0.155556
v 0.938685 0.775833 -0.177778
v 0.949833 0.739643 -0.200000
v 0.960981 0.703452 -0.222222
v 0.972129 0.667262 -0.244444
v 0.983278 0.631071 -0.266667
v 0.994426 0.594881 -0.288889
v 0.984169 0.565595 -0.311111
v 0.952508 0.543214 -0.333333
v 0.920847 0.520833 -0.355556
v 0.889186 0.498452 -0.377778
v 0.857525 0.476071 -0.400000
v 0.825864 0.453690 -0.422222
v 0.794203 0.431309 -0.444444
v 0.762542 0.408929 -0.466667
v 0.736232 0.406786 -0.488889
v 0.709922 0.404643 -0.511111
v 0.683612 0.402500 -0.533333
v 0.657302 0.400357 -0.555556
v 0.630992 0.398214 -0.577778
v 0.604682 0.396071 -0.600000
v 0.578372 0.393929 -0.622222
v 0.527536 0.396190 -0.644444
v 0.452174 0.402857 -0.666667
v 0.376812 0.409524 -0.688889
v 0.301449 0.416190 -0.711111
v 0.226087 0.422857 -0.733333
v 0.150725 0.429524 -0.755556
v 0.075362 0.436190 -0.777778
v 0.000000 0.442857 -0.800000
v 0.458194 0.000000 0.155556
v 0.456856 0.133333 0.133333
v 0.455518 0.266667 0.111111
v 0.454181 0.400000 0.088889
v 0.452843 0.533333 0.066667
v 0.451505 0.666667 0.044444
v 0.450167 0.800000 0.022222
v 0.448829 0.933333 0.000000
v 0.479376 0.989881 -0.022222
v 0.541806 0.969643 -0.044444
v 0.604236 0.949405 -0.066667
v 0.666667 0.929167 -0.088889
v 0.729097 0.908929 -0.111111
v 0.791527 0.888690 -0.133333
v 0.853958 0.868452 -0.155556
v 0.916388 0.848214 -0.177778
v 0.927536 0.812024 -0.200000
v 0.938685 0.775833 -0.222222
v 0.949833 0.739643 -0.244444
v 0.960981 0.703452 -0.266667
v 0.972129 0.667262 -0.288889
v 0.983278 0.631071 -0.311111
v 0.994426 0.594881 -0.333333
v 0.984169 0.565595 -0.355556
v 0.952508 0.543214 -0.377778
v 0.920847 0.520833 -0.400000
v 0.889186 0.498452 -0.422222
v 0.857525 0.476071 -0.444444
v 0.825864 0.453690 -0.466667
v 0.794203 0.431309 -0.488889
v 0.762542 0.408929 -0.511111
v 0.736232 0.406786 -0.533333
v 0.709922 0.404643 -0.555556
v 0.683612 0.402500 -0.577778
v 0.657302 0.400357 -0.600000
v 0.630992 0.398214 -0.622222
v 0.604682 0.396071 -0.644444
v 0.578372 0.393929 -0.666667
v 0.527536 0.396190 -0.688889
v 0.452174 0.402857 -0.711111
v 0.376812 0.409524 -0.733333
v 0.301449 0.416190 -0.755556
v 0.226087 0.422857 -0.777778
v 0.150725 0.429524 -0.800000
v 0.075362 0.436190 -0.822222
v 0.000000 0.442857 -0.844444
v 0.458194 0.000000 0.111111
v 0.456856 0.133333 0.088889
v 0.455518 0.266667 0.066667
v 0.454181 0.400000 0.044444
v 0.452843 0.533333 0.022222
v 0.451505 0.666667 0.000000
v 0.450167 0.800000 -0.022222
v 0.448829 0.933333 -0.044444
v 0.479376 0.989881 -0.066667
v 0.541806 0.969643 -0.088889
v 0.604236 0.949405 -0.111111
v 0.666667 0.929167 -0.133333
v 0.729097 0.908929 -0.155556
v 0.791527 0.888690 -0.177778
v 0.853958 0.868452 -0.200000
v 0.916388 0.848214 -0.222222
v 0.927536 0.812024 -0.244444
v 0.938685 0.775833 -0.266667
v 0.949833 0.739643 -0.288889
v 0.960981 0.703452 -0.311111
v 0.972129 0.667262 -0.333333
v 0.983278 0.631071 -0.355556
v 0.994426 0.594881 -0.377778
v 0.984169 0.565595 -0.400000
v 0.952508 0.543214 -0.422222
v 0.920847 0.520833 -0.444444
v 0.889186 0.498452 -0.466667
v 0.857525 0.476071 -0.488889
v 0.825864 0.453690 -0.511111
v 0.794203 0.431309 -0.533333
v 0.762542 0.408929 -0.555556
v 0.736232 0.406786 -0.577778
v 0.709922 0.404643 -0.600000
v 0.683612 0.402500 -0.622222
v 0.657302 0.400357 -0.644444
v 0.630992 0.398214 -0.666667
v 0.604682 0.396071 -0.688889
v 0.578372 0.393929 -0.711111
v 0.527536 0.396190 -0.733333
v 0.452174 0.402857 -0.755556
v 0.376812 0.409524 -0.777778
v 0.301449 0.416190 -0.800000
v 0.226087 0.422857 -0.822222
v 0.150725 0.429524 -0.844444
v 0.075362 0.436190 -0.866667
v 0.000000 0.442857 -0.888889
v 0.458194 0.000000 0.066667
v 0.456856 0.133333 0.044444
v 0.455518 0.266667 0.022222
v 0.454181 0.400000 0.000000
v 0.452843 0.533333 -0.022222
v 0.451505 0.666667 -0.044444
v 0.450167 0.800000 -0.066667
v 0.448829 0.933333 -0.088889
v 0.479376 0.989881 -0.111111
v 0.541806 0.969643 -0.133333
v 0.604236 0.949405 -0.155556
v 0.666667 0.929167 -0.177778
v 0.729097 0.908929 -0.200000
v 0.791527 0.888690 -0.222222
v 0.853958 0.868452 -0.244444
v 0.916388 0.848214 -0.266667
v 0.927536 0.812024 -0.288889
v 0.938685 0.775833 -0.311111
v 0.949833 0.739643 -0.333333
v 0.960981 0.703452 -0.355556
v 0.972129 0.667262 -0.377778
v 0.983278 0.631071 -0.400000
v 0.994426 0.594881 -0.422222
v 0.984169 0.565595 -0.444444
v 0.952508 0.543214 -0.466667
v 0.920847 0.520833 -0.488889
v 0.889186 0.498452 -0.511111
v 0.857525 0.476071 -0.533333
v 0.825864 0.453690 -0.555556
v 0.794203 0.431309 -0.577778
v 0.762542 0.408929 -0.600000
v 0.736232 0.406786 -0.622222
v 0.709922 0.404643 -0.644444
v 0.683612 0.402500 -0.666667
v 0.657302 0.400357 -0.688889
v 0.630992 0.398214 -0.711111
v 0.604682 0.396071 -0.733333
v 0.578372 0.393929 -0.755556
v 0.527536 0.396190 -0.777778
v 0.452174 0.402857 -0.800000
v 0.376812 0.409524 -0.822222
v 0.301449 0.416190 -0.844444
v 0.226087 0.422857 -0.866667
v 0.150725 0.429524 -0.888889
v 0.075362 0.436190 -0.911111
v 0.000000 0.442857 -0.933333
v 0.458194 0.000000 0.022222
v 0.456856 0.133333 0.000000
v 0.455518 0.266667 -0.022222
v 0.454181 0.400000 -0.044444
v 0.452843 0.533333 -0.066667
v 0.451505 0.666667 -0.088889
v 0.450167 0.800000 -0.111111
v 0.448829 0.933333 -0.133333
v 0.479376 0.989881 -0.155556
v 0.541806 0.969643 -0.177778
v 0.604236 0.949405 -0.200000
v 0.666667 0.929167 -0.222222
v 0.729097 0.908929 -0.244444
v 0.791527 0.888690 -0.266667
v 0.853958 0.868452 -0.288889
v 0.916388 0.848214 -0.311111
v 0.927536 0.812024 -0.333333
v 0.938685 0.775833 -0.355556
v 0.949833 0.739643 -0.377778
v 0.960981 0.703452 -0.400000
v 0.972129 0.667262 -0.422222
v 0.983278 0.631071 -0.444444
v 0.994426 0.594881 -0.466667
v 0.984169 0.565595 -0.488889
v 0.952508 0.543214 -0.511111
v 0.920847 0.520833 -0.533333
v 0.889186 0.498452 -0.555556
v 0.857525 0.476071 -0.577778
v 0.825864 0.453690 -0.600000
v 0.794203 0.431309 -0.622222
v 0.762542 0.408929 -0.644444
v 0.736232 0.406786 -0.666667
v 0.709922 0.404643 -0.688889
v 0.683612 0.402500 -0.711111
v 0.657302 0.400357 -0.733333
v 0.630992 0.398214 -0.755556
v 0.604682 0.396071 -0.777778
v 0.578372 0.393929 -0.800000
v 0.527536 0.396190 -0.822222
v 0.452174 0.402857 -0.844444
v 0.376812 0.409524 -0.866667
v 0.301449 0.416190 -0.888889
v 0.226087 0.422857 -0.911111
v 0.150725 0.429524 -0.933333
v 0.075362 0.436190 -0.955556
v 0.000000 0.442857 -0.977778
v 0.458194 0.000000 -0.022222
v 0.456856 0.133333 -0.044445
v 0.455518 0.266667 -0.066667
v 0.454181 0.400000 -0.088889
v 0.452843 0.533333 -0.111111
v 0.451505 0.666667 -0.133333
v 0.450167 0.800000 -0.155556
v 0.448829 0.933333 -0.177778
v 0.479376 0.989881 -0.200000
v 0.541806 0.969643 -0.222222
v 0.604236 0.949405 -0.244444
v 0.666667 0.929167 -0.266667
v 0.729097 0.908929 -0.288889
v 0.791527 0.888690 -0.311111
v 0.853958 0.868452 -0.333333
v 0.916388 0.848214 -0.355556
v 0.927536 0.812024 -0.377778
v 0.938685 0.775833 -0.400000
v 0.949833 0.739643 -0.422222
v 0.960981 0.703452 -0.444445
v 0.972129 0.667262 -0.466667
v 0.983278 0.631071 -0.488889
v 0.994426 0.594881 -0.511111
v 0.984169 0.565595 -0.533333
v 0.952508 0.543214 -0.555556
v 0.920847 0.520833 -0.577778
v 0.889186 0.498452 -0.600000
v 0.857525 0.476071 -0.622222
v 0.825864 0.453690 -0.644445
v 0.794203 0.431309 -0.666667
v 0.762542 0.408929 -0.688889
v 0.736232 0.406786 -0.711111
v 0.709922 0.404643 -0.733333
v 0.683612 0.402500 -0.755556
v 0.657302 0.400357 -0.777778
v 0.630992 0.398214 -0.800000
v 0.604682 0.396071 -0.822222
v 0.578372 0.393929 -0.844445
v 0.527536 0.396190 -0.866667
v 0.452174 0.402857 -0.888889
v 0.376812 0.409524 -0.911111
v 0.301449 0.416190 -0.933333
v 0.226087 0.422857 -0.955556
v 0.150725 0.429524 -0.977778
v 0.075362 0.436190 -1.000000
v 0.000000 0.442857 -1.022222
v 0.458194 0.000000 -0.066667
v 0.456856 0.133333 -0.088889
v 0.455518 0.266667 -0.111111
v 0.454181 0.400000 -0.133333
v 0.452843 0.533333 -0.155556
v 0.451505 0.666667 -0.177778
v 0.450167 0.800000 -0.200000
v 0.448829 0.933333 -0.222222
v 0.479376 0.989881 -0.244444
v 0.541806 0.969643 -0.266667
v 0.604236 0.949405 -0.288889
v 0.666667 0.929167 -0.311111
v 0.729097 0.908929 -0.333333
v 0.791527 0.888690 -0.355556
v 0.853958 0.868452 -0.377778
v 0.916388 0.848214 -0.400000
v 0.927536 0.812024 -0.422222
v 0.938685 0.775833 -0.444445
v 0.949833 0.739643 -0.466667
v 0.960981 0.703452 -0.488889
v 0.972129 0.667262 -0.511111
v 0.983278 0.631071 -0.533333
v 0.994426 0.594881 -0.555556
v 0.984169 0.565595 -0.577778
v 0.952508 0.543214 -0.600000
v 0.920847 0.520833 -0.622222
v 0.889186 0.498452 -0.644445
v 0.857525 0.476071 -0.666667
v 0.825864 0.453690 -0.688889
v 0.794203 0.431309 -0.711111
v 0.762542 0.408929 -0.733333
v 0.736232 0.406786 -0.755556
v 0.709922 0.404643 -0.777778
v 0.683612 0.402500 -0.800000
v 0.657302 0.400357 -0.822222
v 0.630992 0.398214 -0.844445
v 0.604682 0.396071 -0.866667
v 0.578372 0.393929 -0.888889
v 0.527536 0.396190 -0.911111
v 0.452174 0.402857 -0.933333
v 0.376812 0.409524 -0.955556
v 0.301449 0.416190 -0.977778
v 0.226087 0.422857 -1.000000
v 0.150725 0.429524 -1.022222
v 0.075362 0.436190 -1.044445
v 0.000000 0.442857 -1.066667
v 0.458194 0.000000 -0.111111
v 0.456856 0.133333 -0.133333
v 0.455518 0.266667 -0.155556
v 0.454181 0.400000 -0.177778
v 0.452843 0.533333 -0.200000
v 0.451505 0.666667 -0.222222
v 0.450167 0.800000 -0.244444
v 0.448829 0.933333 -0.266667
v 0.479376 0.989881 -0.288889
v 0.541806 0.969643 -0.311111
v 0.604236 0.949405 -0.333333
v 0.666667 0.929167 -0.355556
v 0.729097 0.908929 -0.377778
v 0.791527 0.888690 -0.400000
v 0.853958 0.868452 -0.422222
v 0.916388 0.848214 -0.444445
v 0.927536 0.812024 -0.466667
v 0.938685 0.775833 -0.488889
v 0.949833 0.739643 -0.511111
v 0.960981 0.703452 -0.533333
v 0.972129 0.667262 -0.555556
v 0.983278 0.631071 -0.577778
v 0.994426 0.594881 -0.600000
v 0.984169 0.565595 -0.622222
v 0.952508 0.543214 -0.644445
v 0.920847 0.520833 -0.666667
v 0.889186 0.498452 -0.688889
v 0.857525 0.476071 -0.711111
v 0.825864 0.453690 -0.733333
v 0.794203 0.431309 -0.755556
v 0.762542 0.408929 -0.777778
v 0.736232 0.406786 -0.800000
v 0.709922 0.404643 -0.822222
v 0.683612 0.402500 -0.844445
v 0.657302 0.400357 -0.866667
v 0.630992 0.398214 -0.888889
v 0.604682 0.396071 -0.911111
v 0.578372 0.393929 -0.933333
v 0.527536 0.396190 -0.955556
v 0.452174 0.402857 -0.977778
v 0.376812 0.409524 -1.000000
v 0.301449 0.416190 -1.022222
v 0.226087 0.422857 -1.044445
v 0.150725 0.429524 -1.066667
v 0.075362 0.436190 -1.088889
v 0.000000 0.442857 -1.111111
v 0.458194 0.000000 -0.155556
v 0.456856 0.133333 -0.177778
v 0.455518 0.266667 -0.200000
v 0.454181 0.400000 -0.222222
v 0.452843 0.533333 -0.244444
v 0.451505 0.666667 -0.266667
v 0.450167 0.800000 -0.288889
v 0.448829 0.933333 -0.311111
v 0.479376 0.989881 -0.333333
v 0.541806 0.969643 -0.355556
v 0.604236 0.949405 -0.377778
v 0.666667 0.929167 -0.400000
v 0.729097 0.908929 -0.422222
v 0.791527 0.888690 -0.444445
v 0.853958 0.868452 -0.466667
v 0.916388 0.848214 -0.488889
v 0.927536 0.812024 -0.511111
v 0.938685 0.775833 -0.533333
v 0.949833 0.739643 -0.555556
v 0.960981 0.703452 -0.577778
v 0.972129 0.667262 -0.600000
v 0.983278 0.631071 -0.622222
v 0.994426 0.594881 -0.644444
v 0.984169 0.565595 -0.666667
v 0.952508 0.543214 -0.688889
v 0.920847 0.520833 -0.711111
v 0.889186 0.498452 -0.733333
v 0.857525 0.476071 -0.755556
v 0.825864 0.453690 -0.777778
v 0.794203 0.431309 -0.800000
v 0.762542 0.408929 -0.822222
v 0.736232 0.406786 -0.844445
v 0.709922 0.404643 -0.866667
v 0.683612 0.402500 -0.888889
v 0.657302 0.400357 -0.911111
v 0.630992 0.398214 -0.933333
v 0.604682 0.396071 -0.955556
v 0.578372 0.393929 -0.977778
v 0.527536 0.396190 -1.000000
v 0.452174 0.402857 -1.022222
v 0.376812 0.409524 -1.044445
v 0.301449 0.416190 -1.066667
v 0.226087 0.422857 -1.088889
v 0.150725 0.429524 -1.111111
v 0.075362 0.436190 -1.133333
v 0.000000 0.442857 -1.155556
v 0.458194 0.000000 -0.200000
v 0.456856 0.133333 -0.222222
v 0.455518 0.266667 -0.244444
v 0.454181 0.400000 -0.266667
v 0.452843 0.533333 -0.288889
v 0.451505 0.666667 -0.311111
v 0.450167 0.800000 -0.333333
v 0.448829 0.933333 -0.355556
v 0.479376 0.989881 -0.377778
v 0.541806 0.969643 -0.400000
v 0.604236 0.949405 -0.422222
v 0.666667 0.929167 -0.444444
v 0.729097 0.908929 -0.466667
v 0.791527 0.888690 -0.488889
v 0.853958 0.868452 -0.511111
v 0.916388 0.848214 -0.533333
v 0.927536 0.812024 -0.555556
v 0.938685 0.775833 -0.577778
v 0.949833 0.739643 -0.600000
v 0.960981 0.703452 -0.622222
v 0.972129 0.667262 -0.644444
v 0.983278 0.631071 -0.666667
v 0.994426 0.594881 -0.688889
v 0.984169 0.565595 -0.711111
v 0.952508 0.543214 -0.733333
v 0.920847 0.520833 -0.755556
v 0.889186 0.498452 -0.777778
v 0.857525 0.476071 -0.800000
v 0.825864 0.453690 -0.822222
v 0.794203 0.431309 -0.844445
v 0.762542 0.408929 -0.866667
v 0.736232 0.406786 -0.888889
v 0.709922 0.404643 -0.911111
v 0.683612 0.402500 -0.933333
v 0.657302 0.400357 -0.955556
v 0.630992 0.398214 -0.977778
v 0.604682 0.396071 -1.000000
v 0.578372 0.393929 -1.022222
v 0.527536 0.396190 -1.044445
v 0.452174 0.402857 -1.066667
v 0.376812 0.409524 -1.088889
v 0.301449 0.416190 -1.111111
v 0.226087 0.422857 -1.133333
v 0.150725 0.429524 -1.155556
v 0.075362 0.436190 -1.177778
v 0.000000 0.442857 -1.200000
v 0.458194 0.000000 -0.244444
v 0.456856 0.133333 -0.266667
v 0.455518 0.266667 -0.288889
v 0.454181 0.400000 -0.311111
v 0.452843 0.533333 -0.333333
v 0.451505 0.666667 -0.355556
v 0.450167 0.800000 -0.377778
v 0.448829 0.933333 -0.400000
v 0.479376 0.989881 -0.422222
v 0.541806 0.969643 -0.444444
v 0.604236 0.949405 -0.466667
v 0.666667 0.929167 -0.488889
v 0.729097 0.908929 -0.511111
v 0.791527 0.888690 -0.533333
v 0.853958 0.868452 -0.555556
v 0.916388 0.848214 -0.577778
v 0.927536 0.812024 -0.600000
v 0.938685 0.775833 -0.622222
v 0.949833 0.739643 -0.644444
v 0.960981 0.703452 -0.666667
v 0.972129 0.667262 -0.688889
v 0.983278 0.631071 -0.711111
v 0.994426 0.594881 -0.733333
v 0.984169 0.565595 -0.755556
v 0.952508 0.543214 -0.777778
v 0.920847 0.520833 -0.800000
v 0.889186 0.498452 -0.822222
v 0.857525 0.476071 -0.844445
v 0.825864 0.453690 -0.866667
v 0.794203 0.431309 -0.888889
v 0.762542 0.408929 -0.911111
v 0.736232 0.406786 -0.933333
v 0.709922 0.404643 -0.955556
v 0.683612 0.402500 -0.977778
v 0.657302 0.400357 -1.000000
v 0.630992 0.398214 -1.022222
v 0.604682 0.396071 -1.044445
v 0.578372 0.393929 -1.066667
v 0.527536 0.396190 -1.088889
v 0.452174 0.402857 -1.111111
v 0.376812 0.409524 -1.133333
v 0.301449 0.416190 -1.155556
v 0.226087 0.422857 -1.177778
v 0.150725 0.429524 -1.200000
v 0.075362 0.436190 -1.222222
v 0.000000 0.442857 -1.244444
v 0.458194 0.000000 -0.288889
v 0.456856 0.133333 -0.311111
v 0.455518 0.266667 -0.333333
v 0.454181 0.400000 -0.355556
v 0.452843 0.533333 -0.377778
v 0.451505 0.666667 -0.400000
v 0.450167 0.800000 -0.422222
v 0.448829 0.933333 -0.444444
v 0.479376 0.989881 -0.466667
v 0.541806 0.969643 -0.488889
v 0.604236 0.949405 -0.511111
v 0.666667 0.929167 -0.533333
v 0.729097 0.908929 -0.555556
v 0.791527 0.888690 -0.577778
v 0.853958 0.868452 -0.600000
v 0.916388 0.848214 -0.622222
v 0.927536 0.812024 -0.644444
v 0.938685 0.775833 -0.666667
v 0.949833 0.739643 -0.688889
v 0.960981 0.703452 -0.711111
v 0.972129 0.667262 -0.733333
v 0.983278 0.631071 -0.755556
v 0.994426 0.594881 -0.777778
v 0.984169 0.565595 -0.800000
v 0.952508 0.543214 -0.822222
v 0.920847 0.520833 -0.844445
v 0.889186 0.498452 -0.866667
v 0.857525 0.476071 -0.888889
v 0.825864 0.453690 -0.911111
v 0.794203 0.431309 -0.933333
v 0.762542 0.408929 -0.955556
v 0.736232 0.406786 -0.977778
v 0.709922 0.404643 -1.000000
v 0.683612 0.402500 -1.022222
v 0.657302 0.400357 -1.044445
v 0.630992 0.398214 -1.066667
v 0.604682 0.396071 -1.088889
v 0.578372 0.393929 -1.111111
v 0.527536 0.396190 -1.133333
v 0.452174 0.402857 -1.155556
v 0.376812 0.409524 -1.177778
v 0.301449 0.416190 -1.200000
v 0.226087 0.422857 -1.222222
v 0.150725 0.429524 -1.244444
v 0.075362 0.436190 -1.266667
v 0.000000 0.442857 -1.288889
v 0.458194 0.000000 -0.333333
v 0.456856 0.133333 -0.355556
v 0.455518 0.266667 -0.377778
v 0.454181 0.400000 -0.400000
v 0.452843 0.533333 -0.422222
v 0.451505 0.666667 -0.444444
v 0.450167 0.800000 -0.466667
v 0.448829 0.933333 -0.488889
v 0.479376 0.989881 -0.511111
v 0.541806 0.969643 -0.533333
v 0.604236 0.949405 -0.555556
v 0.666667 0.929167 -0.577778
v 0.729097 0.908929 -0.600000
v 0.791527 0.888690 -0.622222
v 0.853958 0.868452 -0.644444
v 0.916388 0.848214 -0.666667
v 0.927536 0.812024 -0.688889
v 0.938685 0.775833 -0.711111
v 0.949833 0.739643 -0.733333
v 0.960981 0.703452 -0.755556
v 0.972129 0.667262 -0.777778
v 0.983278 0.631071 -0.800000
v 0.994426 0.594881 -0.822222
v 0.984169 0.565595 -0.844445
v 0.952508 0.543214 -0.866667
v 0.920847 0.520833 -0.888889
v 0.889186 0.498452 -0.911111
v 0.857525 0.476071 -0.933333
v 0.825864 0.453690 -0.955556
v 0.794203 0.431309 -0.977778
v 0.762542 0.408929 -1.000000
v 0.736232 0.406786 -1.022222
v 0.709922 0.404643 -1.044445
v 0.683612 0.402500 -1.066667
v 0.657302 0.400357 -1.088889
v 0.630992 0.398214 -1.111111
v 0.604682 0.396071 -1.133333
v 0.578372 0.393929 -1.155556
v 0.527536 0.396190 -1.177778
v 0.452174 0.402857 -1.200000
v 0.376812 0.409524 -1.222222
v 0.301449 0.416190 -1.244444
v 0.226087 0.422857 -1.266667
v 0.150725 0.429524 -1.288889
v 0.075362 0.436190 -1.311111
v 0.000000 0.442857 -1.333333
v 0.458194 0.000000 -0.377778
v 0.456856 0.133333 -0.400000
v 0.455518 0.266667 -0.422222
v 0.454181 0.400000 -0.444444
v 0.452843 0.533333 -0.466667
v 0.451505 0.666667 -0.488889
v 0.450167 0.800000 -0.511111
v 0.448829 0.933333 -0.533333
v 0.479376 0.989881 -0.555556
v 0.541806 0.969643 -0.577778
v 0.604236 0.949405 -0.600000
v 0.666667 0.929167 -0.622222
v 0.729097 0.908929 -0.644444
v 0.791527 0.888690 -0.666667
v 0.853958 0.868452 -0.688889
v 0.916388 0.848214 -0.711111
v 0.927536 0.812024 -0.733333
v 0.938685 0.775833 -0.755556
v 0.949833 0.739643 -0.777778
v 0.960981 0.703452 -0.800000
v 0.972129 0.667262 -0.822222
v 0.983278 0.631071 -0.844445
v 0.994426 0.594881 -0.866667
v 0.984169 0.565595 -0.888889
v 0.952508 0.543214 -0.911111
v 0.920847 0.520833 -0.933333
v 0.889186 0.498452 -0.955556
v 0.857525 0.476071 -0.977778
v 0.825864 0.453690 -1.000000
v 0.794203 0.431309 -1.022222
v 0.762542 0.408929 -1.044445
v 0.736232 0.406786 -1.066667
v 0.709922 0.404643 -1.088889
v 0.683612 0.402500 -1.111111
v 0.657302 0.400357 -1.133333
v 0.630992 0.398214 -1.155556
v 0.604682 0.396071 -1.177778
v 0.578372 0.393929 -1.200000
v 0.527536 0.396190 -1.222222
v 0.452174 0.402857 -1.244444
v 0.376812 0.409524 -1.266667
v 0.301449 0.416190 -1.288889
v 0.226087 0.422857 -1.311111
v 0.150725 0.429524 -1.333333
v 0.075362 0.436190 -1.355556
v 0.000000 0.442857 -1.377778
v 0.458194 0.000000 -0.422222
v 0.456856 0.133333 -0.444444
v 0.455518 0.266667 -0.466667
v 0.454181 0.400000 -0.488889
v 0.452843 0.533333 -0.511111
v 0.451505 0.666667 -0.533333
v 0.450167 0.800000 -0.555556
v 0.448829 0.933333 -0.577778
v 0.479376 0.989881 -0.600000
v 0.541806 0.969643 -0.622222
v 0.604236 0.949405 -0.644444
v 0.666667 0.929167 -0.666667
v 0.729097 0.908929 -0.688889
v 0.791527 0.888690 -0.711111
v 0.853958 0.868452 -0.733333
v 0.916388 0.848214 -0.755556
v 0.927536 0.812024 -0.777778
v 0.938685 0.775833 -0.800000
v 0.949833 0.739643 -0.822222
v 0.960981 0.703452 -0.844445
v 0.972129 0.667262 -0.866667
v 0.983278 0.631071 -0.888889
v 0.994426 0.594881 -0.911111
v 0.984169 0.565595 -0.933333
v 0.952508 0.543214 -0.955556
v 0.920847 0.520833 -0.977778
v 0.889186 0.498452 -1.000000
v 0.857525 0.476071 -1.022222
v 0.825864 0.453690 -1.044445
v 0.794203 0.431309 -1.066667
v 0.762542 0.408929 -1.088889
v 0.736232 0.406786 -1.111111
v 0.709922 0.404643 -1.133333
v 0.683612 0.402500 -1.155556
v 0.657302 0.400357 -1.177778
v 0.630992 0.398214 -1.200000
v 0.604682 0.396071 -1.222222
v 0.578372 0.393929 -1.244444
v 0.527536 0.396190 -1.266667
v 0.452174 0.402857 -1.288889
v 0.376812 0.409524 -1.311111
v 0.301449 0.416190 -1.333333
v 0.226087 0.422857 -1.355556
v 0.150725 0.429524 -1.377778
v 0.075362 0.436190 -1.400000
v 0.000000 0.442857 -1.422222
v 0.458194 0.000000 -0.466667
v 0.456856 0.133333 -0.488889
v 0.455518 0.266667 -0.511111
v 0.454181 0.400000 -0.533333
v 0.452843 0.533333 -0.555556
v 0.451505 0.666667 -0.577778
v 0.450167 0.800000 -0.600000
v 0.448829 0.933333 -0.622222
v 0.479376 0.989881 -0.644444
v 0.541806 0.969643 -0.666667
v 0.604236 0.949405 -0.688889
v 0.666667 0.929167 -0.711111
v 0.729097 0.908929 -0.733333
v 0.791527 0.888690 -0.755556
v 0.853958 0.868452 -0.777778
v 0.916388 0.848214 -0.800000
v 0.927536 0.812024 -0.822222
v 0.938685 0.775833 -0.844445
v 0.949833 0.739643 -0.866667
v 0.960981 0.703452 -0.888889
v 0.972129 0.667262 -0.911111
v 0.983278 0.631071 -0.933333
v 0.994426 0.594881 -0.955556
v 0.984169 0.565595 -0.977778
v 0.952508 0.543214 -1.000000
v 0.920847 0.520833 -1.022222
v 0.889186 0.498452 -1.044445
v 0.857525 0.476071 -1.066667
v 0.825864 0.453690 -1.088889
v 0.794203 0.431309 -1.111111
v 0.762542 0.408929 -1.133333
v 0.736232 0.406786 -1.155556
v 0.709922 0.404643 -1.177778
v 0.683612 0.402500 -1.200000
v 0.657302 0.400357 -1.222222
v 0.630992 0.398214 -1.244444
v 0.604682 0.396071 -1.266667
v 0.578372 0.393929 -1.288889
v 0.527536 0.396190 -1.311111
v 0.452174 0.402857 -1.333333
v 0.376812 0.409524 -1.355556
v 0.301449 0.416190 -1.377778
v 0.226087 0.422857 -1.400000
v 0.150725 0.429524 -1.422222
v 0.075362 0.436190 -1.444444
v 0.000000 0.442857 -1.466667
v 0.458194 0.000000 -0.511111
v 0.456856 0.133333 -0.533333
v 0.455518 0.266667 -0.555556
v 0.454181 0.400000 -0.577778
v 0.452843 0.533333 -0.600000
v 0.451505 0.666667 -0.622222
v 0.450167 0.800000 -0.644444
v 0.448829 0.933333 -0.666667
v 0.479376 0.989881 -0.688889
v 0.541806 0.969643 -0.711111
v 0.604236 0.949405 -0.733333
v 0.666667 0.929167 -0.755556
v 0.729097 0.908929 -0.777778
v 0.791527 0.888690 -0.800000
v 0.853958 0.868452 -0.822222
v 0.916388 0.848214 -0.844445
v 0.927536 0.812024 -0.866667
v 0.938685 0.775833 -0.888889
v 0.949833 0.739643 -0.911111
v 0.960981 0.703452 -0.933333
v 0.972129 0.667262 -0.955556
v 0.983278 0.631071 -0.977778
v 0.994426 0.594881 -1.000000
v 0.984169 0.565595 -1.022222
v 0.952508 0.543214 -1.044445
v 0.920847 0.520833 -1.066667
v 0.889186 0.498452 -1.088889
v 0.857525 0.476071 -1.111111
v 0.825864 0.453690 -1.133333
v 0.794203 0.431309 -1.155556
v 0.762542 0.408929 -1.177778
v 0.736232 0.406786 -1.200000
v 0.709922 0.404643 -1.222222
v 0.683612 0.402500 -1.244444
v 0.657302 0.400357 -1.266667
v 0.630992 0.398214 -1.288889
v 0.604682 0.396071 -1.311111
v 0.578372 0.393929 -1.333333
v 0.527536 0.396190 -1.355556
v 0.452174 0.402857 -1.377778
v 0.376812 0.409524 -1.400000
v 0.301449 0.416190 -1.422222
v 0.226087 0.422857 -1.444444
v 0.150725 0.429524 -1.466667
v 0.075362 0.436190 -1.488889
v 0.000000 0.442857 -1.511111
v 0.458194 0.000000 -0.555556
v 0.456856 0.133333 -0.577778
v 0.455518 0.266667 -0.600000
v 0.454181 0.400000 -0.622222
v 0.452843 0.533333 -0.644444
v 0.451505 0.666667 -0.666667
v 0.450167 0.800000 -0.688889
v 0.448829 0.933333 -0.711111
v 0.479376 0.989881 -0.733333
v 0.541806 0.969643 -0.755556
v 0.604236 0.949405 -0.777778
v 0.666667 0.929167 -0.800000
v 0.729097 0.908929 -0.822222
v 0.791527 0.888690 -0.844445
v 0.853958 0.868452 -0.866667
v 0.916388 0.848214 -0.888889
v 0.927536 0.812024 -0.911111
v 0.938685 0.775833 -0.933333
v 0.949833 0.739643 -0.955556
v 0.960981 0.703452 -0.977778
v 0.972129 0.667262 -1.000000
v 0.983278 0.631071 -1.022222
v 0.994426 0.594881 -1.044444
v 0.984169 0.565595 -1.066667
v 0.952508 0.543214 -1.088889
v 0.920847 0.520833 -1.111111
v 0.889186 0.498452 -1.133333
v 0.857525 0.476071 -1.155556
v 0.825864 0.453690 -1.177778
v 0.794203 0.431309 -1.200000
v 0.762542 0.408929 -1.222222
v 0.736232 0.406786 -1.244444
v 0.709922 0.404643 -1.266667
v 0.683612 0.402500 -1.288889
v 0.657302 0.400357 -1.311111
v 0.630992 0.398214 -1.333333
v 0.604682 0.396071 -1.355556
v 0.578372 0.393929 -1.377778
v 0.527536 0.396190 -1.400000
v 0.452174 0.402857 -1.422222
v 0.376812 0.409524 -1.444444
v 0.301449 0.416190 -1.466667
v 0.226087 0.422857 -1.488889
v 0.150725 0.429524 -1.511111
v 0.075362 0.436190 -1.533333
v 0.000000 0.442857 -1.555556
v 0.458194 0.000000 -0.600000
v 0.456856 0.133333 -0.622222
v 0.455518 0.266667 -0.644444
v 0.454181 0.400000 -0.666667
v 0.452843 0.533333 -0.688889
v 0.451505 0.666667 -0.711111
v 0.450167 0.800000 -0.733333
v 0.448829 0.933333 -0.755556
v 0.479376 0.989881 -0.777778
v 0.541806 0.969643 -0.800000
v 0.604236 0.949405 -0.822222
v 0.666667 0.929167 -0.844444
v 0.729097 0.908929 -0.866667
v 0.791527 0.888690 -0.888889
v 0.853958 0.868452 -0.911111
v 0.916388 0.848214 -0.933333
v 0.927536 0.812024 -0.955556
v 0.938685 0.775833 -0.977778
v 0.949833 0.739643 -1.000000
v 0.960981 0.703452 -1.022222
v 0.972129 0.667262 -1.044444
v 0.983278 0.631071 -1.066667
v 0.994426 0.594881 -1.088889
v 0.984169 0.565595 -1.111111
v 0.952508 0.543214 -1.133333
v 0.920847 0.520833 -1.155556
v 0.889186 0.498452 -1.177778
v 0.857525 0.476071 -1.200000
v 0.825864 0.453690 -1.222222
v 0.794203 0.431309 -1.244444
v 0.762542 0.408929 -1.266667
v 0.736232 0.406786 -1.288889
v 0.709922 0.404643 -1.311111
v 0.683612 0.402500 -1.333333
v 0.657302 0.400357 -1.355556
v 0.630992 0.398214 -1.377778
v 0.604682 0.396071 -1.400000
v 0.578372 0.393929 -1.422222
v 0.527536 0.396190 -1.444444
v 0.452174 0.402857 -1.466667
v 0.376812 0.409524 -1.488889
v 0.301449 0.416190 -1.511111
v 0.226087 0.422857 -1.533333
v 0.150725 0.429524 -1.555556
v 0.075362 0.436190 -1.577778
v 0.000000 0.442857 -1.600000
v 0.458194 0.000000 -0.644444
v 0.456856 0.133333 -0.666667
v 0.455518 0.266667 -0.688889
v 0.454181 0.400000 -0.711111
v 0.452843 0.533333 -0.733333
v 0.451505 0.666667 -0.755556
v 0.450167 0.800000 -0.777778
v 0.448829 0.933333 -0.800000
v 0.479376 0.989881 -0.822222
v 0.541806 0.969643 -0.844444
v 0.604236 0.949405 -0.866667
v 0.666667 0.929167 -0.888889
v 0.729097 0.908929 -0.911111
v 0.791527 0.888690 -0.933333
v 0.853958 0.868452 -0.955556
v 0.916388 0.848214 -0.977778
v 0.927536 0.812024 -1.000000
v 0.938685 0.775833 -1.022222
v 0.949833 0.739643 -1.044444
v 0.960981 0.703452 -1.066667
v 0.972129 0.667262 -1.088889
v 0.983278 0.631071 -1.111111
v 0.994426 0.594881 -1.133333
v 0.984169 0.565595 -1.155556
v 0.952508 0.543214 -1.177778
v 0.920847 0.520833 -1.200000
v 0.889186 0.498452 -1.222222
v 0.857525 0.476071 -1.244444
v 0.825864 0.453690 -1.266667
v 0.794203 0.431309 -1.288889
v 0.762542 0.408929 -1.311111
v 0.736232 0.406786 -1.333333
v 0.709922 0.404643 -1.355556
v 0.683612 0.402500 -1.377778
v 0.657302 0.400357 -1.400000
v 0.630992 0.398214 -1.422222
v 0.604682 0.396071 -1.444444
v 0.578372 0.393929 -1.466667
v 0.527536 0.396190 -1.488889
v 0.452174 0.402857 -1.511111
v 0.376812 0.409524 -1.533333
v 0.301449 0.416190 -1.555556
v 0.226087 0.422857 -1.577778
v 0.150725 0.429524 -1.600000
v 0.075362 0.436190 -1.622222
v 0.000000 0.442857 -1.644444
v 0.458194 0.000000 -0.688889
v 0.456856 0.133333 -0.711111
v 0.455518 0.266667 -0.733333
v 0.454181 0.400000 -0.755556
v 0.452843 0.533333 -0.777778
v 0.451505 0.666667 -0.800000
v 0.450167 0.800000 -0.822222
v 0.448829 0.933333 -0.844444
v 0.479376 0.989881 -0.866667
v 0.541806 0.969643 -0.888889
v 0.604236 0.949405 -0.911111
v 0.666667 0.929167 -0.933333
v 0.729097 0.908929 -0.955556
v 0.791527 0.888690 -0.977778
v 0.853958 0.868452 -1.000000
v 0.916388 0.848214 -1.022222
v 0.927536 0.812024 -1.044444
v 0.938685 0.775833 -1.066667
v 0.949833 0.739643 -1.088889
v 0.960981 0.703452 -1.111111
v 0.972129 0.667262 -1.133333
v 0.983278 0.631071 -1.155556
v 0.994426 0.594881 -1.177778
v 0.984169 0.565595 -1.200000
v 0.952508 0.543214 -1.222222
v 0.920847 0.520833 -1.244444
v 0.889186 0.498452 -1.266667
v 0.857525 0.476071 -1.288889
v 0.825864 0.453690 -1.311111
v 0.794203 0.431309 -1.333333
v 0.762542 0.408929 -1.355556
v 0.736232 0.406786 -1.377778
v 0.709922 0.404643 -1.400000
v 0.683612 0.402500 -1.422222
v 0.657302 0.400357 -1.444444
v 0.630992 0.398214 -1.466667
v 0.604682 0.396071 -1.488889
v 0.578372 0.393929 -1.511111
v 0.527536 0.396190 -1.533333
v 0.452174 0.402857 -1.555556
v 0.376812 0.409524 -1.577778
v 0.301449 0.416190 -1.600000
v 0.226087 0.422857 -1.622222
v 0.150725 0.429524 -1.644444
v 0.075362 0.436190 -1.666667
v 0.000000 0.442857 -1.688889
v 0.458194 0.000000 -0.733333
v 0.456856 0.133333 -0.755556
v 0.455518 0.266667 -0.777778
v 0.454181 0.400000 -0.800000
v 0.452843 0.533333 -0.822222
v 0.451505 0.666667 -0.844444
v 0.450167 0.800000 -0.866667
v 0.448829 0.933333 -0.888889
v 0.479376 0.989881 -0.911111
v 0.541806 0.969643 -0.933333
v 0.604236 0.949405 -0.955556
v 0.666667 0.929167 -0.977778
v 0.729097 0.908929 -1.000000
v 0.791527 0.888690 -1.022222
v 0.853958 0.868452 -1.044444
v 0.916388 0.848214 -1.066667
v 0.927536 0.812024 -1.088889
v 0.938685 0.775833 -1.111111
v 0.949833 0.739643 -1.133333
v 0.960981 0.703452 -1.155556
v 0.972129 0.667262 -1.177778
v 0.983278 0.631071 -1.200000
v 0.994426 0.594881 -1.222222
v 0.984169 0.565595 -1.244444
v 0.952508 0.543214 -1.266667
v 0.920847 0.520833 -1.288889
v 0.889186 0.498452 -1.311111
v 0.857525 0.476071 -1.333333
v 0.825864 0.453690 -1.355556
v 0.794203 0.431309 -1.377778
v 0.762542 0.408929 -1.400000
v 0.736232 0.406786 -1.422222
v 0.709922 0.404643 -1.444444
v 0.683612 0.402500 -1.466667
v 0.657302 0.400357 -1.488889
v 0.630992 0.398214 -1.511111
v 0.604682 0.396071 -1.533333
v 0.578372 0.393929 -1.555556
v 0.527536 0.396190 -1.577778
v 0.452174 0.402857 -1.600000
v 0.376812 0.409524 -1.622222
v 0.301449 0.416190 -1.644444
v 0.226087 0.422857 -1.666667
v 0.150725 0.429524 -1.688889
v 0.075362 0.436190 -1.711111
v 0.000000 0.442857 -1.733333
v 0.458194 0.000000 -0.777778
v 0.456856 0.133333 -0.800000
v 0.455518 0.266667 -0.822222
v 0.454181 0.400000 -0.844444
v 0.452843 0.533333 -0.866667
v 0.451505 0.666667 -0.888889
v 0.450167 0.800000 -0.911111
v 0.448829 0.933333 -0.933333
v 0.479376 0.989881 -0.955556
v 0.541806 0.969643 -0.977778
v 0.604236 0.949405 -1.000000
v 0.666667 0.929167 -1.022222
v 0.729097 0.908929 -1.044444
v 0.791527 0.888690 -1.066667
v 0.853958 0.868452 -1.088889
v 0.916388 0.848214 -1.111111
v 0.927536 0.812024 -1.133333
v 0.938685 0.775833 -1.155556
v 0.949833 0.739643 -1.177778
v 0.960981 0.703452 -1.200000
v 0.972129 0.667262 -1.222222
v 0.983278 0.631071 -1.244444
v 0.994426 0.594881 -1.266667
v 0.984169 0.565595 -1.288889
v 0.952508 0.543214 -1.311111
v 0.920847 0.520833 -1.333333
v 0.889186 0.498452 -1.355556
v 0.857525 0.476071 -1.377778
v 0.825864 0.453690 -1.400000
v 0.794203 0.431309 -1.422222
v 0.762542 0.408929 -1.444444
v 0.736232 0.406786 -1.466667
v 0.709922 0.404643 -1.488889
v 0.683612 0.402500 -1.511111
v 0.657302 0.400357 -1.533333
v 0.630992 0.398214 -1.555556
v 0.604682 0.396071 -1.577778
v 0.578372 0.393929 -1.600000
v 0.527536 0.396190 -1.622222
v 0.452174 0.402857 -1.644444
v 0.376812 0.409524 -1.666667
v 0.301449 0.416190 -1.688889
v 0.226087 0.422857 -1.711111
v 0.150725 0.429524 -1.733333
v 0.075362 0.436190 -1.755556
v 0.000000 0.442857 -1.777778
v 0.458194 0.000000 -0.822222
v 0.456856 0.133333 -0.844444
v 0.455518 0.266667 -0.866667
v 0.454181 0.400000 -0.888889
v 0.452843 0.533333 -0.911111
v 0.451505 0.666667 -0.933333
v 0.450167 0.800000 -0.955556
v 0.448829 0.933333 -0.977778
v 0.479376 0.989881 -1.000000
v 0.541806 0.969643 -1.022222
v 0.604236 0.949405 -1.044444
v 0.666667 0.929167 -1.066667
v 0.729097 0.908929 -1.088889
v 0.791527 0.888690 -1.111111
v 0.853958 0.868452 -1.133333
v 0.916388 0.848214 -1.155556
v 0.927536 0.812024 -1.177778
v 0.938685 0.775833 -1.200000
v 0.949833 0.739643 -1.222222
v 0.960981 0.703452 -1.244444
v 0.972129 0.667262 -1.266667
v 0.983278 0.631071 -1.288889
v 0.994426 0.594881 -1.311111
v 0.984169 0.565595 -1.333333
v 0.952508 0.543214 -1.355556
v 0.920847 0.520833 -1.377778
v 0.889186 0.498452 -1.400000
v 0.857525 0.476071 -1.422222
v 0.825864 0.453690 -1.444444
v 0.794203 0.431309 -1.466667
v 0.762542 0.408929 -1.488889
v 0.736232 0.406786 -1.511111
v 0.709922 0.404643 -1.533333
v 0.683612 0.402500 -1.555556
v 0.657302 0.400357 -1.577778
v 0.630992 0.398214 -1.600000
v 0.604682 0.396071 -1.622222
v 0.578372 0.393929 -1.644444
v 0.527536 0.396190 -1.666667
v 0.452174 0.402857 -1.688889
v 0.376812 0.409524 -1.711111
v 0.301449 0.416190 -1.733333
v 0.226087 0.422857 -1.755556
v 0.150725 0.429524 -1.777778
v 0.075362 0.436190 -1.800000
v 0.000000 0.442857 -1.822222
v 0.458194 0.000000 -0.866667
v 0.456856 0.133333 -0.888889
v 0.455518 0.266667 -0.911111
v 0.454181 0.400000 -0.933333
v 0.452843 0.533333 -0.955556
v 0.451505 0.666667 -0.977778
v 0.450167 0.800000 -1.000000
v 0.448829 0.933333 -1.022222
v 0.479376 0.989881 -1.044444
v 0.541806 0.969643 -1.066667
v 0.604236 0.949405 -1.088889
v 0.666667 0.929167 -1.111111
v 0.729097 0.908929 -1.133333
v 0.791527 0.888690 -1.155556
v 0.853958 0.868452 -1.177778
v 0.916388 0.848214 -1.200000
v 0.927536 0.812024 -1.222222
v 0.938685 0.775833 -1.244444
v 0.949833 0.739643 -1.266667
v 0.960981 0.703452 -1.288889
v 0.972129 0.667262 -1.311111
v 0.983278 0.631071 -1.333333
v 0.994426 0.594881 -1.355556
v 0.984169 0.565595 -1.377778
v 0.952508 0.543214 -1.400000
v 0.920847 0.520833 -1.422222
v 0.889186 0.498452 -1.444444
v 0.857525 0.476071 -1.466667
v 0.825864 0.453690 -1.488889
v 0.794203 0.431309 -1.511111
v 0.762542 0.408929 -1.533333
v 0.736232 0.406786 -1.555556
v 0.709922 0.404643 -1.577778
v 0.683612 0.402500 -1.600000
v 0.657302 0.400357 -1.622222
v 0.630992 0.398214 -1.644444
v 0.604682 0.396071 -1.666667
v 0.578372 0.393929 -1.688889
v 0.527536 0.396190 -1.711111
v 0.452174 0.402857 -1.733333
v 0.376812 0.409524 -1.755556
v 0.301449 0.416190 -1.777778
v 0.226087 0.422857 -1.800000
v 0.150725 0.429524 -1.822222
v 0.075362 0.436190 -1.844445
v 0.000000 0.442857 -1.866667
v 0.458194 0.000000 -0.911111
v 0.456856 0.133333 -0.933333
v 0.455518 0.266667 -0.955556
v 0.454181 0.400000 -0.977778
v 0.452843 0.533333 -1.000000
v 0.451505 0.666667 -1.022222
v 0.450167 0.800000 -1.044444
v 0.448829 0.933333 -1.066667
v 0.479376 0.989881 -1.088889
v 0.541806 0.969643 -1.111111
v 0.604236 0.949405 -1.133333
v 0.666667 0.929167 -1.155555
v 0.729097 0.908929 -1.177778
v 0.791527 0.888690 -1.200000
v 0.853958 0.868452 -1.222222
v 0.916388 0.848214 -1.244444
v 0.927536 0.812024 -1.266667
v 0.938685 0.775833 -1.288889
v 0.949833 0.739643 -1.311111
v 0.960981 0.703452 -1.333333
v 0.972129 0.667262 -1.355556
v 0.983278 0.631071 -1.377778
v 0.994426 0.594881 -1.400000
v 0.984169 0.565595 -1.422222
v 0.952508 0.543214 -1.444444
v 0.920847 0.520833 -1.466667
v 0.889186 0.498452 -1.488889
v 0.857525 0.476071 -1.511111
v 0.825864 0.453690 -1.533333
v 0.794203 0.431309 -1.555556
v 0.762542 0.408929 -1.577778
v 0.736232 0.406786 -1.600000
v 0.709922 0.404643 -1.622222
v 0.683612 0.402500 -1.644444
v 0.657302 0.400357 -1.666667
v 0.630992 0.398214 -1.688889
v 0.604682 0.396071 -1.711111
v 0.578372 0.393929 -1.733333
v 0.527536 0.396190 -1.755556
v 0.452174 0.402857 -1.777778
v 0.376812 0.409524 -1.800000
v 0.301449 0.416190 -1.822222
v 0.226087 0.422857 -1.844445
v 0.150725 0.429524 -1.866667
v 0.075362 0.436190 -1.888889
v 0.000000 0.442857 -1.911111
v 0.458194 0.000000 -0.955556
v 0.456856 0.133333 -0.977778
v 0.455518 0.266667 -1.000000
v 0.454181 0.400000 -1.022222
v 0.452843 0.533333 -1.044444
v 0.451505 0.666667 -1.066667
v 0.450167 0.800000 -1.088889
v 0.448829 0.933333 -1.111111
v 0.479376 0.989881 -1.133333
v 0.541806 0.969643 -1.155555
v 0.604236 0.949405 -1.177778
v 0.666667 0.929167 -1.200000
v 0.729097 0.908929 -1.222222
v 0.791527 0.888690 -1.244444
v 0.853958 0.868452 -1.266667
v 0.916388 0.848214 -1.288889
v 0.927536 0.812024 -1.311111
v 0.938685 0.775833 -1.333333
v 0.949833 0.739643 -1.355556
v 0.960981 0.703452 -1.377778
v 0.972129 0.667262 -1.400000
v 0.983278 0.631071 -1.422222
v 0.994426 0.594881 -1.444444
v 0.984169 0.565595 -1.466667
v 0.952508 0.543214 -1.488889
v 0.920847 0.520833 -1.511111
v 0.889186 0.498452 -1.533333
v 0.857525 0.476071 -1.555556
v 0.825864 0.453690 -1.577778
v 0.794203 0.431309 -1.600000
v 0.762542 0.408929 -1.622222
v 0.736232 0.406786 -1.644444
v 0.709922 0.404643 -1.666667
v 0.683612 0.402500 -1.688889
v 0.657302 0.400357 -1.711111
v 0.630992 0.398214 -1.733333
v 0.604682 0.396071 -1.755556
v 0.578372 0.393929 -1.777778
v 0.527536 0.396190 -1.800000
v 0.452174 0.402857 -1.822222
v 0.376812 0.409524 -1.844445
v 0.301449 0.416190 -1.866667
v 0.226087 0.422857 -1.888889
v 0.150725 0.429524 -1.911111
v 0.075362 0.436190 -1.933333
v 0.000000 0.442857 -1.955556
v 0.458194 0.000000 -1.000000
v 0.456856 0.133333 -1.022222
v 0.455518 0.266667 -1.044444
v 0.454181 0.400000 -1.066667
v 0.452843 0.533333 -1.088889
v 0.451505 0.666667 -1.111111
v 0.450167 0.800000 -1.133333
v 0.448829 0.933333 -1.155555
v 0.479376 0.989881 -1.177778
v 0.541806 0.969643 -1.200000
v 0.604236 0.949405 -1.222222
v 0.666667 0.929167 -1.244444
v 0.729097 0.908929 -1.266667
v 0.791527 0.888690 -1.288889
v 0.853958 0.868452 -1.311111
v 0.916388 0.848214 -1.333333
v 0.927536 0.812024 -1.355556
v 0.938685 0.775833 -1.377778
v 0.949833 0.739643 -1.400000
v 0.960981 0.703452 -1.422222
v 0.972129 0.667262 -1.444444
v 0.983278 0.631071 -1.466667
v 0.994426 0.594881 -1.488889
v 0.984169 0.565595 -1.511111
v 0.952508 0.543214 -1.533333
v 0.920847 0.520833 -1.555556
v 0.889186 0.498452 -1.577778
v 0.857525 0.476071 -1.600000
v 0.825864 0.453690 -1.622222
v 0.794203 0.431309 -1.644444
v 0.762542 0.408929 -1.666667
v 0.736232 0.406786 -1.688889
v 0.709922 0.404643 -1.711111
v 0.683612 0.402500 -1.733333
v 0.657302 0.400357 -1.755556
v 0.630992 0.398214 -1.777778
v 0.604682 0.396071 -1.800000
v 0.578372 0.393929 -1.822222
v 0.527536 0.396190 -1.844445
v 0.452174 0.402857 -1.866667
v 0.376812 0.409524 -1.888889
v 0.301449 0.416190 -1.911111
v 0.226087 0.422857 -1.933333
v 0.150725 0.429524 -1.955556
v 0.075362 0.436190 -1.977778
v 0.000000 0.442857 -2.000000
vn -0.9999 -0.0100 -0.0000
vn -0.8798 0.4753 -0.0000
vn 0.3084 0.9513 -0.0000
vn 0.9557 0.2944 -0.0000
vn 0.9438 -0.3305 -0.0000
vn 0.5772 -0.8166 -0.0000
vn 0.0812 -0.9967 -0.0000
vn -0.0444 -0.9990 -0.0000
vn -0.0881 -0.9961 -0.0000
vn -0.0445 -0.9990 -0.0000
s 0
f 1//1 2//1 48//1 47//1
f 2//1 3//1 49//1 48//1
f 3//1 4//1 50//1 49//1
f 4//1 5//1 51//1 50//1
f 5//1 6//1 52//1 51//1
f 6//1 7//1 53//1 52//1
f 7//1 8//1 54//1 53//1
f 8//2 9//2 55//2 54//2
f 9//3 10//3 56//3 55//3
f 10//3 11//3 57//3 56//3
f 11//3 12//3 58//3 57//3
f 12//3 13//3 59//3 58//3
f 13//3 14//3 60//3 59//3
f 14//3 15//3 61//3 60//3
f 15//3 16//3 62//3 61//3
f 16//4 17//4 63//4 62//4
f 17//4 18//4 64//4 63//4
f 18//4 19//4 65//4 64//4
f 19//4 20//4 66//4 65//4
f 20//4 21//4 67//4 66//4
f 21//4 22//4 68//4 67//4
f 22//4 23//4 69//4 68//4
f 23//5 24//5 70//5 69//5
f 24//6 25//6 71//6 70//6
f 25//6 26//6 72//6 71//6
f 26//6 27//6 73//6 72//6
f 27//6 28//6 74//6 73//6
f 28//6 29//6 75//6 74//6
f 29//6 30//6 76//6 75//6
f 30//6 31//6 77//6 76//6
f 31//7 32//7 78//7 77//7
f 32//7 33//7 79//7 78//7
f 33//7 34//7 80//7 79//7
f 34//7 35//7 81//7 80//7
f 35//7 36//7 82//7 81//7
f 36//7 37//7 83//7 82//7
f 37//7 38//7 84//7 83//7
f 38//8 39//8 85//8 84//8
f 39//9 40//9 86//9 85//9
f 40//9 41//9 87//9 86//9
f 41//9 42//9 88//9 87//9
f 42//9 43//9 89//9 88//9
f 43//9 44//9 90//9 89//9
f 44//9 45//9 91//9 90//9
f 45//9 46//9 92//9 91//9
f 47//1 48//1 94//1 93//1
f 48//1 49//1 95//1 94//1
f 49//1 50//1 96//1 95//1
f 50//1 51//1 97//1 96//1
f 51//1 52//1 98//1 97//1
f 52//1 53//1 99//1 98//1
f 53//1 54//1 100//1 99//1
f 54//2 55//2 101//2 100//2
f 55//3 56//3 102//3 101//3
f 56//3 57//3 103//3 102//3
f 57//3 58//3 104//3 103//3
f 58//3 59//3 105//3 104//3
f 59//3 60//3 106//3 105//3
f 60//3 61//3 107//3 106//3
f 61//3 62//3 108//3 107//3
f 62//4 63//4 109//4 108//4
f 63//4 64//4 110//4 109//4
f 64//4 65//4 111//4 110//4
f 65//4 66//4 112//4 111//4
f 66//4 67//4 113//4 112//4
f 67//4 68//4 114//4 113//4
f 68//4 69//4 115//4 114//4
f 69//5 70//5 116//5 115//5
f 70//6 71//6 117//6 116//6
f 71//6 72//6 118//6 117//6
f 72//6 73//6 119//6 118//6
f 73//6 74//6 120//6 119//6
f 74//6 75//6 121//6 120//6
f 75//6 76//6 122//6 121//6
f 76//6 77//6 123//6 122//6
f 77//7 78//7 124//7 123//7
f 78//7 79//7 125//7 124//7
f 79//7 80//7 126//7 125//7
f 80//7 81//7 127//7 126//7
f 81//7 82//7 128//7 127//7
f 82//7 83//7 129//7 128//7
f 83//7 84//7 130//7 129//7
f 84//8 85//8 131//8 130//8
f 85//9 86//9 132//9 131//9
f 86//9 87//9 133//9 132//9
f 87//9 88//9 134//9 133//9
f 88//9 89//9 135//9 134//9
f 89//9 90//9 136//9 135//9
f 90//9 91//9 137//9 136//9
f 91//9 92//9 138//9 137//9
f 93//1 94//1 140//1 139//1
f 94//1 95//1 141//1 140//1
f 95//1 96//1 142//1 141//1
f 96//1 97//1 143//1 142//1
f 97//1 98//1 144//1 143//1
f 98//1 99//1 145//1 144//1
f 99//1 100//1 146//1 145//1
f 100//2 101//2 147//2 146//2
f 101//3 102//3 148//3 147//3
f 102//3 103//3 149//3 148//3
f 103//3 104//3 150//3 149//3
f 104//3 105//3 151//3 150//3
f 105//3 106//3 152//3 151//3
f 106//3 107//3 153//3 152//3
f 107//3 108//3 154//3 153//3
f 108//4 109//4 155//4 154//4
f 109//4 110//4 156//4 155//4
f 110//4 111//4 157//4 156//4
f 111//4 112//4 158//4 157//4
f 112//4 113//4 159//4 158//4
f 113//4 114//4 160//4 159//4
f 114//4 115//4 161//4 160//4
f 115//5 116//5 162//5 161//5
f 116//6 117//6 163//6 162//6
f 117//6 118//6 164//6 163//6
f 118//6 119//6 165//6 164//6
f 119//6 120//6 166//6 165//6
f 120//6 121//6 167//6 166//6
f 121//6 122//6 168//6 167//6
f 122//6 123//6 169//6 168//6
f 123//7 124//7 170//7 169//7
f 124//7 125//7 171//7 170//7
f 125//7 126//7 172//7 171//7
f 126//7 127//7 173//7 172//7
f 127//7 128//7 174//7 173//7
f 128//7 129//7 175//7 174//7
f 129//7 130//7 176//7 175//7
f 130//8 131//8 177//8 176//8
f 131//9 132//9 178//9 177//9
f 132//9 133//9 179//9 178//9
f 133//9 134//9 180//9 179//9
f 134//9 135//9 181//9 180//9
f 135//9 136//9 182//9 181//9
f 136//9 137//9 183//9 182//9
f 137//9 138//9 184//9 183//9
f 139//1 140//1 186//1 185//1
f 140//1 141//1 187//1 186//1
f 141//1 142//1 188//1 187//1
f 142//1 143//1 189//1 188//1
f 143//1 144//1 190//1 189//1
f 144//1 145//1 191//1 190//1
f 145//1 146//1 192//1 191//1
f 146//2 147//2 193//2 192//2
f 147//3 148//3 194//3 193//3
f 148//3 149//3 195//3 194//3
f 149//3 150//3 196//3 195//3
f 150//3 151//3 197//3 196//3
f 151//3 152//3 198//3 197//3
f 152//3 153//3 199//3 198//3
f 153//3 154//3 200//3 199//3
f 154//4 155//4 201//4 200//4
f 155//4 156//4 202//4 201//4
f 156//4 157//4 203//4 202//4
f 157//4 158//4 204//4 203//4
f 158//4 159//4 205//4 204//4
f 159//4 160//4 206//4 205//4
f 160//4 161//4 207//4 206//4
f 161//5 162//5 208//5 207//5
f 162//6 163//6 209//6 208//6
f 163//6 164//6 210//6 209//6
f 164//6 165//6 211//6 210//6
f 165//6 166//6 212//6 211//6
f 166//6 167//6 213//6 212//6
f 167//6 168//6 214//6 213//6
f 168//6 169//6 215//6 214//6
f 169//7 170//7 216//7 215//7
f 170//7 171//7 217//7 216//7
f 171//7 172//7 218//7 217//7
f 172//7 173//7 219//7 218//7
f 173//7 174//7 220//7 219//7
f 174//7 175//7 221//7 220//7
f 175//7 176//7 222//7 221//7
f 176//8 177//8 223//8 222//8
f 177//9 178//9 224//9 223//9
f 178//9 179//9 225//9 224//9
f 179//9 180//9 226//9 225//9
f 180//9 181//9 227//9 226//9
f 181//9 182//9 228//9 227//9
f 182//9 183//9 229//9 228//9
f 183//9 184//9 230//9 229//9
f 185//1 186//1 232//1 231//1
f 186//1 187//1 233//1 232//1
f 187//1 188//1 234//1 233//1
f 188//1 189//1 235//1 234//1
f 189//1 190//1 236//1 235//1
f 190//1 191//1 237//1 236//1
f 191//1 192//1 238//1 237//1
f 192//2 193//2 239//2 238//2
f 193//3 194//3 240//3 239//3
f 194//3 195//3 241//3 240//3
f 195//3 196//3 242//3 241//3
f 196//3 197//3 243//3 242//3
f 197//3 198//3 244//3 243//3
f 198//3 199//3 245//3 244//3
f 199//3 200//3 246//3 245//3
f 200//4 201//4 247//4 246//4
f 201//4 202//4 248//4 247//4
f 202//4 203//4 249//4 248//4
f 203//4 204//4 250//4 249//4
f 204//4 205//4 251//4 250//4
f 205//4 206//4 252//4 251//4
f 206//4 207//4 253//4 252//4
f 207//5 208//5 254//5 253//5
f 208//6 209//6 255//6 254//6
f 209//6 210//6 256//6 255//6
f 210//6 211//6 257//6 256//6
f 211//6 212//6 258//6 257//6
f 212//6 213//6 259//6 258//6
f 213//6 214//6 260//6 259//6
f 214//6 215//6 261//6 260//6
f 215//7 216//7 262//7 261//7
f 216//7 217//7 263//7 262//7
f 217//7 218//7 264//7 263//7
f 218//7 219//7 265//7 264//7
f 219//7 220//7 266//7 265//7
f 220//7 221//7 267//7 266//7
f 221//7 222//7 268//7 267//7
f 222//8 223//8 269//8 268//8
f 223//9 224//9 270//9 269//9
f 224//9 225//9 271//9 270//9
f 225//9 226//9 272//9 271//9
f 226//9 227//9 273//9 272//9
f 227//9 228//9 274//9 273//9
f 228//9 229//9 275//9 274//9
f 229//9 230//9 276//9 275//9
f 231//1 232//1 278//1 277//1
f 232//1 233//1 279//1 278//1
f 233//1 234//1 280//1 279//1
f 234//1 235//1 281//1 280//1
f 235//1 236//1 282//1 281//1
f 236//1 237//1 283//1 282//1
f 237//1 238//1 284//1 283//1
f 238//2 239//2 285//2 284//2
f 239//3 240//3 286//3 285//3
f 240//3 241//3 287//3 286//3
f 241//3 242//3 288//3 287//3
f 242//3 243//3 289//3 288//3
f 243//3 244//3 290//3 289//3
f 244//3 245//3 291//3 290//3
f 245//3 246//3 292//3 291//3
f 246//4 247//4 293//4 292//4
f 247//4 248//4 294//4 293//4
f 248//4 249//4 295//4 294//4
f 249//4 250//4 296//4 295//4
f 250//4 251//4 297//4 296//4
f 251//4 252//4 298//4 297//4
f 252//4 253//4 299//4 298//4
f 253//5 254//5 300//5 299//5
f 254//6 255//6 301//6 300//6
f 255//6 256//6 302//6 301//6
f 256//6 257//6 303//6 302//6
f 257//6 258//6 304//6 303//6
f 258//6 259//6 305//6 304//6
f 259//6 260//6 306//6 305//6
f 260//6 261//6 307//6 306//6
f 261//7 262//7 308//7 307//7
f 262//7 263//7 309//7 308//7
f 263//7 264//7 310//7 309//7
f 264//7 265//7 311//7 310//7
f 265//7 266//7 312//7 311//7
f 266//7 267//7 313//7 312//7
f 267//7 268//7 314//7 313//7
f 268//8 269//8 315//8 314//8
f 269//9 270//9 316//9 315//9
f 270//9 271//9 317//9 316//9
f 271//9 272//9 318//9 317//9
f 272//9 273//9 319//9 318//9
f 273//9 274//9 320//9 319//9
f 274//9 275//9 321//9 320//9
f 275//9 276//9 322//9 321//9
f 277//1 278//1 324//1 323//1
f 278//1 279//1 325//1 324//1
f 279//1 280//1 326//1 325//1
f 280//1 281//1 327//1 326//1
f 281//1 282//1 328//1 327//1
f 282//1 283//1 329//1 328//1
f 283//1 284//1 330//1 329//1
f 284//2 285//2 331//2 330//2
f 285//3 286//3 332//3 331//3
f 286//3 287//3 333//3 332//3
f 287//3 288//3 334//3 333//3
f 288//3 289//3 335//3 334//3
f 289//3 290//3 336//3 335//3
f 290//3 291//3 337//3 336//3
f 291//3 292//3 338//3 337//3
f 292//4 293//4 339//4 338//4
f 293//4 294//4 340//4 339//4
f 294//4 295//4 341//4 340//4
f 295//4 296//4 342//4 341//4
f 296//4 297//4 343//4 342//4
f 297//4 298//4 344//4 343//4
f 298//4 299//4 345//4 344//4
f 299//5 300//5 346//5 345//5
f 300//6 301//6 347//6 346//6
f 301//6 302//6 348//6 347//6
f 302//6 303//6 349//6 348//6
f 303//6 304//6 350//6 349//6
f 304//6 305//6 351//6 350//6
f 305//6 306//6 352//6 351//6
f 306//6 307//6 353//6 352//6
f 307//7 308//7 354//7 353//7
f 308//7 309//7 355//7 354//7
f 309//7 310//7 356//7 355//7
f 310//7 311//7 357//7 356//7
f 311//7 312//7 358//7 357//7
f 312//7 313//7 359//7 358//7
f 313//7 314//7 360//7 359//7
f 314//8 315//8 361//8 360//8
f 315//9 316//9 362//9 361//9
f 316//9 317//9 363//9 362//9
f 317//9 318//9 364//9 363//9
f 318//9 319//9 365//9 364//9
f 319//9 320//9 366//9 365//9
f 320//9 321//9 367//9 366//9
f 321//9 322//9 368//9 367//9
f 323//1 324//1 370//1 369//1
f 324//1 325//1 371//1 370//1
f 325//1 326//1 372//1 371//1
f 326//1 327//1 373//1 372//1
f 327//1 328//1 374//1 373//1
f 328//1 329//1 375//1 374//1
f 329//1 330//1 376//1 375//1
f 330//2 331//2 377//2 376//2
f 331//3 332//3 378//3 377//3
f 332//3 333//3 379//3 378//3
f 333//3 334//3 380//3 379//3
f 334//3 335//3 381//3 380//3
f 335//3 336//3 382//3 381//3
f 336//3 337//3 383//3 382//3
f 337//3 338//3 384//3 383//3
f 338//4 339//4 385//4 384//4
f 339//4 340//4 386//4 385//4
f 340//4 341//4 387//4 386//4
f 341//4 342//4 388//4 387//4
f 342//4 343//4 389//4 388//4
f 343//4 344//4 390//4 389//4
f 344//4 345//4 391//4 390//4
f 345//5 346//5 392//5 391//5
f 346//6 347//6 393//6 392//6
f 347//6 348//6 394//6 393//6
f 348//6 349//6 395//6 394//6
f 349//6 350//6 396//6 395//6
f 350//6 351//6 397//6 396//6
f 351//6 352//6 398//6 397//6
f 352//6 353//6 399//6 398//6
f 353//7 354//7 400//7 399//7
f 354//7 355//7 401//7 400//7
f 355//7 356//7 402//7 401//7
f 356//7 357//7 403//7 402//7
f 357//7 358//7 404//7 403//7
f 358//7 359//7 405//7 404//7
f 359//7 360//7 406//7 405//7
f 360//8 361//8 407//8 406//8
f 361//9 362//9 408//9 407//9
f 362//9 363//9 409//9 408//9
f 363//9 364//9 410//9 409//9
f 364//9 365//9 411//9 410//9
f 365//9 366//9 412//9 411//9
f 366//9 367//9 413//9 412//9
f 367//9 368//9 414//9 413//9
f 369//1 370//1 416//1 415//1
f 370//1 371//1 417//1 416//1
f 371//1 372//1 418//1 417//1
f 372//1 373//1 419//1 418//1
f 373//1 374//1 420//1 419//1
f 374//1 375//1 421//1 420//1
f 375//1 376//1 422//1 421//1
f 376//2 377//2 423//2 422//2
f 377//3 378//3 424//3 423//3
f 378//3 379//3 425//3 424//3
f 379//3 380//3 426//3 425//3
f 380//3 381//3 427//3 426//3
f 381//3 382//3 428//3 427//3
f 382//3 383//3 429//3 428//3
f 383//3 384//3 430//3 429//3
f 384//4 385//4 431//4 430//4
f 385//4 386//4 432//4 431//4
f 386//4 387//4 433//4 432//4
f 387//4 388//4 434//4 433//4
f 388//4 389//4 435//4 434//4
f 389//4 390//4 436//4 435//4
f 390//4 391//4 437//4 436//4
f 391//5 392//5 438//5 437//5
f 392//6 393//6 439//6 438//6
f 393//6 394//6 440//6 439//6
f 394//6 395//6 441//6 440//6
f 395//6 396//6 442//6 441//6
f 396//6 397//6 443//6 442//6
f 397//6 398//6 444//6 443//6
f 398//6 399//6 445//6 444//6
f 399//7 400//7 446//7 445//7
f 400//7 401//7 447//7 446//7
f 401//7 402//7 448//7 447//7
f 402//7 403//7 449//7 448//7
f 403//7 404//7 450//7 449//7
f 404//7 405//7 451//7 450//7
f 405//7 406//7 452//7 451//7
f 406//8 407//8 453//8 452//8
f 407//9 408//9 454//9 453//9
f 408//9 409//9 455//9 454//9
f 409//9 410//9 456//9 455//9
f 410//9 411//9 457//9 456//9
f 411//9 412//9 458//9 457//9
f 412//9 413//9 459//9 458//9
f 413//9 414//9 460//9 459//9
f 415//1 416//1 462//1 461//1
f 416//1 417//1 463//1 462//1
f 417//1 418//1 464//1 463//1
f 418//1 419//1 465//1 464//1
f 419//1 420//1 466//1 465//1
f 420//1 421//1 467//1 466//1
f 421//1 422//1 468//1 467//1
f 422//2 423//2 469//2 468//2
f 423//3 424//3 470//3 469//3
f 424//3 425//3 471//3 470//3
f 425//3 426//3 472//3 471//3
f 426//3 427//3 473//3 472//3
f 427//3 428//3 474//3 473//3
f 428//3 429//3 475//3 474//3
f 429//3 430//3 476//3 475//3
f 430//4 431//4 477//4 476//4
f 431//4 432//4 478//4 477//4
f 432//4 433//4 479//4 478//4
f 433//4 434//4 480//4 479//4
f 434//4 435//4 481//4 480//4
f 435//4 436//4 482//4 481//4
f 436//4 437//4 483//4 482//4
f 437//5 438//5 484//5 483//5
f 438//6 439//6 485//6 484//6
f 439//6 440//6 486//6 485//6
f 440//6 441//6 487//6 486//6
f 441//6 442//6 488//6 487//6
f 442//6 443//6 489//6 488//6
f 443//6 444//6 490//6 489//6
f 444//6 445//6 491//6 490//6
f 445//7 446//7 492//7 491//7
f 446//7 447//7 493//7 492//7
f 447//7 448//7 494//7 493//7
f 448//7 449//7 495//7 494//7
f 449//7 450//7 496//7 495//7
f 450//7 451//7 497//7 496//7
f 451//7 452//7 498//7 497//7
f 452//8 453//8 499//8 498//8
f 453//9 454//9 500//9 499//9
f 454//9 455//9 501//9 500//9
f 455//9 456//9 502//9 501//9
f 456//9 457//9 503//9 502//9
f 457//9 458//9 504//9 503//9
f 458//9 459//9 505//9 504//9
f 459//9 460//9 506//9 505//9
f 461//1 462//1 508//1 507//1
f 462//1 463//1 509//1 508//1
f 463//1 464//1 510//1 509//1
f 464//1 465//1 511//1 510//1
f 465//1 466//1 512//1 511//1
f 466//1 467//1 513//1 512//1
f 467//1 468//1 514//1 513//1
f 468//2 469//2 515//2 514//2
f 469//3 470//3 516//3 515//3
f 470//3 471//3 517//3 516//3
f 471//3 472//3 518//3 517//3
f 472//3 473//3 519//3 518//3
f 473//3 474//3 520//3 519//3
f 474//3 475//3 521//3 520//3
f 475//3 476//3 522//3 521//3
f 476//4 477//4 523//4 522//4
f 477//4 478//4 524//4 523//4
f 478//4 479//4 525//4 524//4
f 479//4 480//4 526//4 525//4
f 480//4 481//4 527//4 526//4
f 481//4 482//4 528//4 527//4
f 482//4 483//4 529//4 528//4
f 483//5 484//5 530//5 529//5
f 484//6 485//6 531//6 530//6
f 485//6 486//6 532//6 531//6
f 486//6 487//6 533//6 532//6
f 487//6 488//6 534//6 533//6
f 488//6 489//6 535//6 534//6
f 489//6 490//6 536//6 535//6
f 490//6 491//6 537//6 536//6
f 491//7 492//7 538//7 537//7
f 492//7 493//7 539//7 538//7
f 493//7 494//7 540//7 539//7
f 494//7 495//7 541//7 540//7
f 495//7 496//7 542//7 541//7
f 496//7 497//7 543//7 542//7
f 497//7 498//7 544//7 543//7
f 498//8 499//8 545//8 544//8
f 499//9 500//9 546//9 545//9
f 500//9 501//9 547//9 546//9
f 501//9 502//9 548//9 547//9
f 502//9 503//9 549//9 548//9
f 503//9 504//9 550//9 549//9
f 504//9 505//9 551//9 550//9
f 505//9 506//9 552//9 551//9
f 507//1 508//1 554//1 553//1
f 508//1 509//1 555//1 554//1
f 509//1 510//1 556//1 555//1
f 510//1 511//1 557//1 556//1
f 511//1 512//1 558//1 557//1
f 512//1 513//1 559//1 558//1
f 513//1 514//1 560//1 559//1
f 514//2 515//2 561//2 560//2
f 515//3 516//3 562//3 561//3
f 516//3 517//3 563//3 562//3
f 517//3 518//3 564//3 563//3
f 518//3 519//3 565//3 564//3
f 519//3 520//3 566//3 565//3
f 520//3 521//3 567//3 566//3
f 521//3 522//3 568//3 567//3
f 522//4 523//4 569//4 568//4
f 523//4 524//4 570//4 569//4
f 524//4 525//4 571//4 570//4
f 525//4 526//4 572//4 571//4
f 526//4 527//4 573//4 572//4
f 527//4 528//4 574//4 573//4
f 528//4 529//4 575//4 574//4
f 529//5 530//5 576//5 575//5
f 530//6 531//6 577//6 576//6
f 531//6 532//6 578//6 577//6
f 532//6 533//6 579//6 578//6
f 533//6 534//6 580//6 579//6
f 534//6 535//6 581//6 580//6
f 535//6 536//6 582//6 581//6
f 536//6 537//6 583//6 582//6
f 537//7 538//7 584//7 583//7
f 538//7 539//7 585//7 584//7
f 539//7 540//7 586//7 585//7
f 540//7 541//7 587//7 586//7
f 541//7 542//7 588//7 587//7
f 542//7 543//7 589//7 588//7
f 543//7 544//7 590//7 589//7
f 544//8 545//8 591//8 590//8
f 545//9 546//9 592//9 591//9
f 546//9 547//9 593//9 592//9
f 547//9 548//9 594//9 593//9
f 548//9 549//9 595//9 594//9
f 549//9 550//9 596//9 595//9
f 550//9 551//9 597//9 596//9
f 551//9 552//9 598//9 597//9
f 553//1 554//1 600//1 599//1
f 554//1 555//1 601//1 600//1
f 555//1 556//1 602//1 601//1
f 556//1 557//1 603//1 602//1
f 557//1 558//1 604//1 603//1
f 558//1 559//1 605//1 604//1
f 559//1 560//1 606//1 605//1
f 560//2 561//2 607//2 606//2
f 561//3 562//3 608//3 607//3
f 562//3 563//3 609//3 608//3
f 563//3 564//3 610//3 609//3
f 564//3 565//3 611//3 610//3
f 565//3 566//3 612//3 611//3
f 566//3 567//3 613//3 612//3
f 567//3 568//3 614//3 613//3
f 568//4 569//4 615//4 614//4
f 569//4 570//4 616//4 615//4
f 570//4 571//4 617//4 616//4
f 571//4 572//4 618//4 617//4
f 572//4 573//4 619//4 618//4
f 573//4 574//4 620//4 619//4
f 574//4 575//4 621//4 620//4
f 575//5 576//5 622//5 621//5
f 576//6 577//6 623//6 622//6
f 577//6 578//6 624//6 623//6
f 578//6 579//6 625//6 624//6
f 579//6 580//6 626//6 625//6
f 580//6 581//6 627//6 626//6
f 581//6 582//6 628//6 627//6
f 582//6 583//6 629//6 628//6
f 583//7 584//7 630//7 629//7
f 584//7 585//7 631//7 630//7
f 585//7 586//7 632//7 631//7
f 586//7 587//7 633//7 632//7
f 587//7 588//7 634//7 633//7
f 588//7 589//7 635//7 634//7
f 589//7 590//7 636//7 635//7
f 590//8 591//8 637//8 636//8
f 591//9 592//9 638//9 637//9
f 592//9 593//9 639//9 638//9
f 593//9 594//9 640//9 639//9
f 594//9 595//9 641//9 640//9
f 595//9 596//9 642//9 641//9
f 596//9 597//9 643//9 642//9
f 597//9 598//9 644//9 643//9
f 599//1 600//1 646//1 645//1
f 600//1 601//1 647//1 646//1
f 601//1 602//1 648//1 647//1
f 602//1 603//1 649//1 648//1
f 603//1 604//1 650//1 649//1
f 604//1 605//1 651//1 650//1
f 605//1 606//1 652//1 651//1
f 606//2 607//2 653//2 652//2
f 607//3 608//3 654//3 653//3
f 608//3 609//3 655//3 654//3
f 609//3 610//3 656//3 655//3
f 610//3 611//3 657//3 656//3
f 611//3 612//3 658//3 657//3
f 612//3 613//3 659//3 658//3
f 613//3 614//3 660//3 659//3
f 614//4 615//4 661//4 660//4
f 615//4 616//4 662//4 661//4
f 616//4 617//4 663//4 662//4
f 617//4 618//4 664//4 663//4
f 618//4 619//4 665//4 664//4
f 619//4 620//4 666//4 665//4
f 620//4 621//4 667//4 666//4
f 621//5 622//5 668//5 667//5
f 622//6 623//6 669//6 668//6
f 623//6 624//6 670//6 669//6
f 624//6 625//6 671//6 670//6
f 625//6 626//6 672//6 671//6
f 626//6 627//6 673//6 672//6
f 627//6 628//6 674//6 673//6
f 628//6 629//6 675//6 674//6
f 629//7 630//7 676//7 675//7
f 630//7 631//7 677//7 676//7
f 631//7 632//7 678//7 677//7
f 632//7 633//7 679//7 678//7
f 633//7 634//7 680//7 679//7
f 634//7 635//7 681//7 680//7
f 635//7 636//7 682//7 681//7
f 636//8 637//8 683//8 682//8
f 637//9 638//9 684//9 683//9
f 638//9 639//9 685//9 684//9
f 639//9 640//9 686//9 685//9
f 640//9 641//9 687//9 686//9
f 641//9 642//9 688//9 687//9
f 642//9 643//9 689//9 688//9
f 643//9 644//9 690//9 689//9
f 645//1 646//1 692//1 691//1
f 646//1 647//1 693//1 692//1
f 647//1 648//1 694//1 693//1
f 648//1 649//1 695//1 694//1
f 649//1 650//1 696//1 695//1
f 650//1 651//1 697//1 696//1
f 651//1 652//1 698//1 697//1
f 652//2 653//2 699//2 698//2
f 653//3 654//3 700//3 699//3
f 654//3 655//3 701//3 700//3
f 655//3 656//3 702//3 701//3
f 656//3 657//3 703//3 702//3
f 657//3 658//3 704//3 703//3
f 658//3 659//3 705//3 704//3
f 659//3 660//3 706//3 705//3
f 660//4 661//4 707//4 706//4
f 661//4 662//4 708//4 707//4
f 662//4 663//4 709//4 708//4
f 663//4 664//4 710//4 709//4
f 664//4 665//4 711//4 710//4
f 665//4 666//4 712//4 711//4
f 666//4 667//4 713//4 712//4
f 667//5 668//5 714//5 713//5
f 668//6 669//6 715//6 714//6
f 669//6 670//6 716//6 715//6
f 670//6 671//6 717//6 716//6
f 671//6 672//6 718//6 717//6
f 672//6 673//6 719//6 718//6
f 673//6 674//6 720//6 719//6
f 674//6 675//6 721//6 720//6
f 675//7 676//7 722//7 721//7
f 676//7 677//7 723//7 722//7
f 677//7 678//7 724//7 723//7
f 678//7 679//7 725//7 724//7
f 679//7 680//7 726//7 725//7
f 680//7 681//7 727//7 726//7
f 681//7 682//7 728//7 727//7
f 682//8 683//8 729//8 728//8
f 683//9 684//9 730//9 729//9
f 684//9 685//9 731//9 730//9
f 685//9 686//9 732//9 731//9
f 686//9 687//9 733//9 732//9
f 687//9 688//9 734//9 733//9
f 688//9 689//9 735//9 734//9
f 689//9 690//9 736//9 735//9
f 691//1 692//1 738//1 737//1
f 692//1 693//1 739//1 738//1
f 693//1 694//1 740//1 739//1
f 694//1 695//1 741//1 740//1
f 695//1 696//1 742//1 741//1
f 696//1 697//1 743//1 742//1
f 697//1 698//1 744//1 743//1
f 698//2 699//2 745//2 744//2
f 699//3 700//3 746//3 745//3
f 700//3 701//3 747//3 746//3
f 701//3 702//3 748//3 747//3
f 702//3 703//3 749//3 748//3
f 703//3 704//3 750//3 749//3
f 704//3 705//3 751//3 750//3
f 705//3 706//3 752//3 751//3
f 706//4 707//4 753//4 752//4
f 707//4 708//4 754//4 753//4
f 708//4 709//4 755//4 754//4
f 709//4 710//4 756//4 755//4
f 710//4 711//4 757//4 756//4
f 711//4 712//4 758//4 757//4
f 712//4 713//4 759//4 758//4
f 713//5 714//5 760//5 759//5
f 714//6 715//6 761//6 760//6
f 715//6 716//6 762//6 761//6
f 716//6 717//6 763//6 762//6
f 717//6 718//6 764//6 763//6
f 718//6 719//6 765//6 764//6
f 719//6 720//6 766//6 765//6
f 720//6 721//6 767//6 766//6
f 721//7 722//7 768//7 767//7
f 722//7 723//7 769//7 768//7
f 723//7 724//7 770//7 769//7
f 724//7 725//7 771//7 770//7
f 725//7 726//7 772//7 771//7
f 726//7 727//7 773//7 772//7
f 727//7 728//7 774//7 773//7
f 728//8 729//8 775//8 774//8
f 729//9 730//9 776//9 775//9
f 730//9 731//9 777//9 776//9
f 731//9 732//9 778//9 777//9
f 732//9 733//9 779//9 778//9
f 733//9 734//9 780//9 779//9
f 734//9 735//9 781//9 780//9
f 735//9 736//9 782//9 781//9
f 737//1 738//1 784//1 783//1
f 738//1 739//1 785//1 784//1
f 739//1 740//1 786//1 785//1
f 740//1 741//1 787//1 786//1
f 741//1 742//1 788//1 787//1
f 742//1 743//1 789//1 788//1
f 743//1 744//1 790//1 789//1
f 744//2 745//2 791//2 790//2
f 745//3 746//3 792//3 791//3
f 746//3 747//3 793//3 792//3
f 747//3 748//3 794//3 793//3
f 748//3 749//3 795//3 794//3
f 749//3 750//3 796//3 795//3
f 750//3 751//3 797//3 796//3
f 751//3 752//3 798//3 797//3
f 752//4 753//4 799//4 798//4
f 753//4 754//4 800//4 799//4
f 754//4 755//4 801//4 800//4
f 755//4 756//4 802//4 801//4
f 756//4 757//4 803//4 802//4
f 757//4 758//4 804//4 803//4
f 758//4 759//4 805//4 804//4
f 759//5 760//5 806//5 805//5
f 760//6 761//6 807//6 806//6
f 761//6 762//6 808//6 807//6
f 762//6 763//6 809//6 808//6
f 763//6 764//6 810//6 809//6
f 764//6 765//6 811//6 810//6
f 765//6 766//6 812//6 811//6
f 766//6 767//6 813//6 812//6
f 767//7 768//7 814//7 813//7
f 768//7 769//7 815//7 814//7
f 769//7 770//7 816//7 815//7
f 770//7 771//7 817//7 816//7
f 771//7 772//7 818//7 817//7
f 772//7 773//7 819//7 818//7
f 773//7 774//7 820//7 819//7
f 774//8 775//8 821//8 820//8
f 775//9 776//9 822//9 821//9
f 776//9 777//9 823//9 822//9
f 777//9 778//9 824//9 823//9
f 778//9 779//9 825//9 824//9
f 779//9 780//9 826//9 825//9
f 780//9 781//9 827//9 826//9
f 781//9 782//9 828//9 827//9
f 783//1 784//1 830//1 829//1
f 784//1 785//1 831//1 830//1
f 785//1 786//1 832//1 831//1
f 786//1 787//1 833//1 832//1
f 787//1 788//1 834//1 833//1
f 788//1 789//1 835//1 834//1
f 789//1 790//1 836//1 835//1
f 790//2 791//2 837//2 836//2
f 791//3 792//3 838//3 837//3
f 792//3 793//3 839//3 838//3
f 793//3 794//3 840//3 839//3
f 794//3 795//3 841//3 840//3
f 795//3 796//3 842//3 841//3
f 796//3 797//3 843//3 842//3
f 797//3 798//3 844//3 843//3
f 798//4 799//4 845//4 844//4
f 799//4 800//4 846//4 845//4
f 800//4 801//4 847//4 846//4
f 801//4 802//4 848//4 847//4
f 802//4 803//4 849//4 848//4
f 803//4 804//4 850//4 849//4
f 804//4 805//4 851//4 850//4
f 805//5 806//5 852//5 851//5
f 806//6 807//6 853//6 852//6
f 807//6 808//6 854//6 853//6
f 808//6 809//6 855//6 854//6
f 809//6 810//6 856//6 855//6
f 810//6 811//6 857//6 856//6
f 811//6 812//6 858//6 857//6
f 812//6 813//6 859//6 858//6
f 813//7 814//7 860//7 859//7
f 814//7 815//7 861//7 860//7
f 815//7 816//7 862//7 861//7
f 816//7 817//7 863//7 862//7
f 817//7 818//7 864//7 863//7
f 818//7 819//7 865//7 864//7
f 819//7 820//7 866//7 865//7
f 820//8 821//8 867//8 866//8
f 821//9 822//9 868//9 867//9
f 822//9 823//9 869//9 868//9
f 823//9 824//9 870//9 869//9
f 824//9 825//9 871//9 870//9
f 825//9 826//9 872//9 871//9
f 826//9 827//9 873//9 872//9
f 827//9 828//9 874//9 873//9
f 829//1 830//1 876//1 875//1
f 830//1 831//1 877//1 876//1
f 831//1 832//1 878//1 877//1
f 832//1 833//1 879//1 878//1
f 833//1 834//1 880//1 879//1
f 834//1 835//1 881//1 880//1
f 835//1 836//1 882//1 881//1
f 836//2 837//2 883//2 882//2
f 837//3 838//3 884//3 883//3
f 838//3 839//3 885//3 884//3
f 839//3 840//3 886//3 885//3
f 840//3 841//3 887//3 886//3
f 841//3 842//3 888//3 887//3
f 842//3 843//3 889//3 888//3
f 843//3 844//3 890//3 889//3
f 844//4 845//4 891//4 890//4
f 845//4 846//4 892//4 891//4
f 846//4 847//4 893//4 892//4
f 847//4 848//4 894//4 893//4
f 848//4 849//4 895//4 894//4
f 849//4 850//4 896//4 895//4
f 850//4 851//4 897//4 896//4
f 851//5 852//5 898//5 897//5
f 852//6 853//6 899//6 898//6
f 853//6 854//6 900//6 899//6
f 854//6 855//6 901//6 900//6
f 855//6 856//6 902//6 901//6
f 856//6 857//6 903//6 902//6
f 857//6 858//6 904//6 903//6
f 858//6 859//6 905//6 904//6
f 859//7 860//7 906//7 905//7
f 860//7 861//7 907//7 906//7
f 861//7 862//7 908//7 907//7
f 862//7 863//7 909//7 908//7
f 863//7 864//7 910//7 909//7
f 864//7 865//7 911//7 910//7
f 865//7 866//7 912//7 911//7
f 866//8 867//8 913//8 912//8
f 867//9 868//9 914//9 913//9
f 868//9 869//9 915//9 914//9
f 869//9 870//9 916//9 915//9
f 870//9 871//9 917//9 916//9
f 871//9 872//9 918//9 917//9
f 872//9 873//9 919//9 918//9
f 873//9 874//9 920//9 919//9
f 875//1 876//1 922//1 921//1
f 876//1 877//1 923//1 922//1
f 877//1 878//1 924//1 923//1
f 878//1 879//1 925//1 924//1
f 879//1 880//1 926//1 925//1
f 880//1 881//1 927//1 926//1
f 881//1 882//1 928//1 927//1
f 882//2 883//2 929//2 928//2
f 883//3 884//3 930//3 929//3
f 884//3 885//3 931//3 930//3
f 885//3 886//3 932//3 931//3
f 886//3 887//3 933//3 932//3
f 887//3 888//3 934//3 933//3
f 888//3 889//3 935//3 934//3
f 889//3 890//3 936//3 935//3
f 890//4 891//4 937//4 936//4
f 891//4 892//4 938//4 937//4
f 892//4 893//4 939//4 938//4
f 893//4 894//4 940//4 939//4
f 894//4 895//4 941//4 940//4
f 895//4 896//4 942//4 941//4
f 896//4 897//4 943//4 942//4
f 897//5 898//5 944//5 943//5
f 898//6 899//6 945//6 944//6
f 899//6 900//6 946//6 945//6
f 900//6 901//6 947//6 946//6
f 901//6 902//6 948//6 947//6
f 902//6 903//6 949//6 948//6
f 903//6 904//6 950//6 949//6
f 904//6 905//6 951//6 950//6
f 905//7 906//7 952//7 951//7
f 906//7 907//7 953//7 952//7
f 907//7 908//7 954//7 953//7
f 908//7 909//7 955//7 954//7
f 909//7 910//7 956//7 955//7
f 910//7 911//7 957//7 956//7
f 911//7 912//7 958//7 957//7
f 912//8 913//8 959//8 958//8
f 913//9 914//9 960//9 959//9
f 914//9 915//9 961//9 960//9
f 915//9 916//9 962//9 961//9
f 916//9 917//9 963//9 962//9
f 917//9 918//9 964//9 963//9
f 918//9 919//9 965//9 964//9
f 919//9 920//9 966//9 965//9
f 921//1 922//1 968//1 967//1
f 922//1 923//1 969//1 968//1
f 923//1 924//1 970//1 969//1
f 924//1 925//1 971//1 970//1
f 925//1 926//1 972//1 971//1
f 926//1 927//1 973//1 972//1
f 927//1 928//1 974//1 973//1
f 928//2 929//2 975//2 974//2
f 929//3 930//3 976//3 975//3
f 930//3 931//3 977//3 976//3
f 931//3 932//3 978//3 977//3
f 932//3 933//3 979//3 978//3
f 933//3 934//3 980//3 979//3
f 934//3 935//3 981//3 980//3
f 935//3 936//3 982//3 981//3
f 936//4 937//4 983//4 982//4
f 937//4 938//4 984//4 983//4
f 938//4 939//4 985//4 984//4
f 939//4 940//4 986//4 985//4
f 940//4 941//4 987//4 986//4
f 941//4 942//4 988//4 987//4
f 942//4 943//4 989//4 988//4
f 943//5 944//5 990//5 989//5
f 944//6 945//6 991//6 990//6
f 945//6 946//6 992//6 991//6
f 946//6 947//6 993//6 992//6
f 947//6 948//6 994//6 993//6
f 948//6 949//6 995//6 994//6
f 949//6 950//6 996//6 995//6
f 950//6 951//6 997//6 996//6
f 951//7 952//7 998//7 997//7
f 952//7 953//7 999//7 998//7
f 953//7 954//7 1000//7 999//7
f 954//7 955//7 1001//7 1000//7
f 955//7 956//7 1002//7 1001//7
f 956//7 957//7 1003//7 1002//7
f 957//7 958//7 1004//7 1003//7
f 958//8 959//8 1005//8 1004//8
f 959//9 960//9 1006//9 1005//9
f 960//9 961//9 1007//9 1006//9
f 961//9 962//9 1008//9 1007//9
f 962//9 963//9 1009//9 1008//9
f 963//9 964//9 1010//9 1009//9
f 964//9 965//9 1011//9 1010//9
f 965//9 966//9 1012//9 1011//9
f 967//1 968//1 1014//1 1013//1
f 968//1 969//1 1015//1 1014//1
f 969//1 970//1 1016//1 1015//1
f 970//1 971//1 1017//1 1016//1
f 971//1 972//1 1018//1 1017//1
f 972//1 973//1 1019//1 1018//1
f 973//1 974//1 1020//1 1019//1
f 974//2 975//2 1021//2 1020//2
f 975//3 976//3 1022//3 1021//3
f 976//3 977//3 1023//3 1022//3
f 977//3 978//3 1024//3 1023//3
f 978//3 979//3 1025//3 1024//3
f 979//3 980//3 1026//3 1025//3
f 980//3 981//3 1027//3 1026//3
f 981//3 982//3 1028//3 1027//3
f 982//4 983//4 1029//4 1028//4
f 983//4 984//4 1030//4 1029//4
f 984//4 985//4 1031//4 1030//4
f 985//4 986//4 1032//4 1031//4
f 986//4 987//4 1033//4 1032//4
f 987//4 988//4 1034//4 1033//4
f 988//4 989//4 1035//4 1034//4
f 989//5 990//5 1036//5 1035//5
f 990//6 991//6 1037//6 1036//6
f 991//6 992//6 1038//6 1037//6
f 992//6 993//6 1039//6 1038//6
f 993//6 994//6 1040//6 1039//6
f 994//6 995//6 1041//6 1040//6
f 995//6 996//6 1042//6 1041//6
f 996//6 997//6 1043//6 1042//6
f 997//7 998//7 1044//7 1043//7
f 998//7 999//7 1045//7 1044//7
f 999//7 1000//7 1046//7 1045//7
f 1000//7 1001//7 1047//7 1046//7
f 1001//7 1002//7 1048//7 1047//7
f 1002//7 1003//7 1049//7 1048//7
f 1003//7 1004//7 1050//7 1049//7
f 1004//8 1005//8 1051//8 1050//8
f 1005//9 1006//9 1052//9 1051//9
f 1006//9 1007//9 1053//9 1052//9
f 1007//9 1008//9 1054//9 1053//9
f 1008//9 1009//9 1055//9 1054//9
f 1009//9 1010//9 1056//9 1055//9
f 1010//9 1011//9 1057//9 1056//9
f 1011//9 1012//9 1058//9 1057//9
f 1013//1 1014//1 1060//1 1059//1
f 1014//1 1015//1 1061//1 1060//1
f 1015//1 1016//1 1062//1 1061//1
f 1016//1 1017//1 1063//1 1062//1
f 1017//1 1018//1 1064//1 1063//1
f 1018//1 1019//1 1065//1 1064//1
f 1019//1 1020//1 1066//1 1065//1
f 1020//2 1021//2 1067//2 1066//2
f 1021//3 1022//3 1068//3 1067//3
f 1022//3 1023//3 1069//3 1068//3
f 1023//3 1024//3 1070//3 1069//3
f 1024//3 1025//3 1071//3 1070//3
f 1025//3 1026//3 1072//3 1071//3
f 1026//3 1027//3 1073//3 1072//3
f 1027//3 1028//3 1074//3 1073//3
f 1028//4 1029//4 1075//4 1074//4
f 1029//4 1030//4 1076//4 1075//4
f 1030//4 1031//4 1077//4 1076//4
f 1031//4 1032//4 1078//4 1077//4
f 1032//4 1033//4 1079//4 1078//4
f 1033//4 1034//4 1080//4 1079//4
f 1034//4 1035//4 1081//4 1080//4
f 1035//5 1036//5 1082//5 1081//5
f 1036//6 1037//6 1083//6 1082//6
f 1037//6 1038//6 1084//6 1083//6
f 1038//6 1039//6 1085//6 1084//6
f 1039//6 1040//6 1086//6 1085//6
f 1040//6 1041//6 1087//6 1086//6
f 1041//6 1042//6 1088//6 1087//6
f 1042//6 1043//6 1089//6 1088//6
f 1043//7 1044//7 1090//7 1089//7
f 1044//7 1045//7 1091//7 1090//7
f 1045//7 1046//7 1092//7 1091//7
f 1046//7 1047//7 1093//7 1092//7
f 1047//7 1048//7 1094//7 1093//7
f 1048//7 1049//7 1095//7 1094//7
f 1049//7 1050//7 1096//7 1095//7
f 1050//8 1051//8 1097//8 1096//8
f 1051//9 1052//9 1098//9 1097//9
f 1052//9 1053//9 1099//9 1098//9
f 1053//9 1054//9 1100//9 1099//9
f 1054//9 1055//9 1101//9 1100//9
f 1055//9 1056//9 1102//9 1101//9
f 1056//9 1057//9 1103//9 1102//9
f 1057//9 1058//9 1104//9 1103//9
f 1059//1 1060//1 1106//1 1105//1
f 1060//1 1061//1 1107//1 1106//1
f 1061//1 1062//1 1108//1 1107//1
f 1062//1 1063//1 1109//1 1108//1
f 1063//1 1064//1 1110//1 1109//1
f 1064//1 1065//1 1111//1 1110//1
f 1065//1 1066//1 1112//1 1111//1
f 1066//2 1067//2 1113//2 1112//2
f 1067//3 1068//3 1114//3 1113//3
f 1068//3 1069//3 1115//3 1114//3
f 1069//3 1070//3 1116//3 1115//3
f 1070//3 1071//3 1117//3 1116//3
f 1071//3 1072//3 1118//3 1117//3
f 1072//3 1073//3 1119//3 1118//3
f 1073//3 1074//3 1120//3 1119//3
f 1074//4 1075//4 1121//4 1120//4
f 1075//4 1076//4 1122//4 1121//4
f 1076//4 1077//4 1123//4 1122//4
f 1077//4 1078//4 1124//4 1123//4
f 1078//4 1079//4 1125//4 1124//4
f 1079//4 1080//4 1126//4 1125//4
f 1080//4 1081//4 1127//4 1126//4
f 1081//5 1082//5 1128//5 1127//5
f 1082//6 1083//6 1129//6 1128//6
f 1083//6 1084//6 1130//6 1129//6
f 1084//6 1085//6 1131//6 1130//6
f 1085//6 1086//6 1132//6 1131//6
f 1086//6 1087//6 1133//6 1132//6
f 1087//6 1088//6 1134//6 1133//6
f 1088//6 1089//6 1135//6 1134//6
f 1089//7 1090//7 1136//7 1135//7
f 1090//7 1091//7 1137//7 1136//7
f 1091//7 1092//7 1138//7 1137//7
f 1092//7 1093//7 1139//7 1138//7
f 1093//7 1094//7 1140//7 1139//7
f 1094//7 1095//7 1141//7 1140//7
f 1095//7 1096//7 1142//7 1141//7
f 1096//8 1097//8 1143//8 1142//8
f 1097//9 1098//9 1144//9 1143//9
f 1098//9 1099//9 1145//9 1144//9
f 1099//9 1100//9 1146//9 1145//9
f 1100//9 1101//9 1147//9 1146//9
f 1101//9 1102//9 1148//9 1147//9
f 1102//9 1103//9 1149//9 1148//9
f 1103//9 1104//9 1150//9 1149//9
f 1105//1 1106//1 1152//1 1151//1
f 1106//1 1107//1 1153//1 1152//1
f 1107//1 1108//1 1154//1 1153//1
f 1108//1 1109//1 1155//1 1154//1
f 1109//1 1110//1 1156//1 1155//1
f 1110//1 1111//1 1157//1 1156//1
f 1111//1 1112//1 1158//1 1157//1
f 1112//2 1113//2 1159//2 1158//2
f 1113//3 1114//3 1160//3 1159//3
f 1114//3 1115//3 1161//3 1160//3
f 1115//3 1116//3 1162//3 1161//3
f 1116//3 1117//3 1163//3 1162//3
f 1117//3 1118//3 1164//3 1163//3
f 1118//3 1119//3 1165//3 1164//3
f 1119//3 1120//3 1166//3 1165//3
f 1120//4 1121//4 1167//4 1166//4
f 1121//4 1122//4 1168//4 1167//4
f 1122//4 1123//4 1169//4 1168//4
f 1123//4 1124//4 1170//4 1169//4
f 1124//4 1125//4 1171//4 1170//4
f 1125//4 1126//4 1172//4 1171//4
f 1126//4 1127//4 1173//4 1172//4
f 1127//5 1128//5 1174//5 1173//5
f 1128//6 1129//6 1175//6 1174//6
f 1129//6 1130//6 1176//6 1175//6
f 1130//6 1131//6 1177//6 1176//6
f 1131//6 1132//6 1178//6 1177//6
f 1132//6 1133//6 1179//6 1178//6
f 1133//6 1134//6 1180//6 1179//6
f 1134//6 1135//6 1181//6 1180//6
f 1135//7 1136//7 1182//7 1181//7
f 1136//7 1137//7 1183//7 1182//7
f 1137//7 1138//7 1184//7 1183//7
f 1138//7 1139//7 1185//7 1184//7
f 1139//7 1140//7 1186//7 1185//7
f 1140//7 1141//7 1187//7 1186//7
f 1141//7 1142//7 1188//7 1187//7
f 1142//8 1143//8 1189//8 1188//8
f 1143//9 1144//9 1190//9 1189//9
f 1144//9 1145//9 1191//9 1190//9
f 1145//9 1146//9 1192//9 1191//9
f 1146//9 1147//9 1193//9 1192//9
f 1147//9 1148//9 1194//9 1193//9
f 1148//9 1149//9 1195//9 1194//9
f 1149//9 1150//9 1196//9 1195//9
f 1151//1 1152//1 1198//1 1197//1
f 1152//1 1153//1 1199//1 1198//1
f 1153//1 1154//1 1200//1 1199//1
f 1154//1 1155//1 1201//1 1200//1
f 1155//1 1156//1 1202//1 1201//1
f 1156//1 1157//1 1203//1 1202//1
f 1157//1 1158//1 1204//1 1203//1
f 1158//2 1159//2 1205//2 1204//2
f 1159//3 1160//3 1206//3 1205//3
f 1160//3 1161//3 1207//3 1206//3
f 1161//3 1162//3 1208//3 1207//3
f 1162//3 1163//3 1209//3 1208//3
f 1163//3 1164//3 1210//3 1209//3
f 1164//3 1165//3 1211//3 1210//3
f 1165//3 1166//3 1212//3 1211//3
f 1166//4 1167//4 1213//4 1212//4
f 1167//4 1168//4 1214//4 1213//4
f 1168//4 1169//4 1215//4 1214//4
f 1169//4 1170//4 1216//4 1215//4
f 1170//4 1171//4 1217//4 1216//4
f 1171//4 1172//4 1218//4 1217//4
f 1172//4 1173//4 1219//4 1218//4
f 1173//5 1174//5 1220//5 1219//5
f 1174//6 1175//6 1221//6 1220//6
f 1175//6 1176//6 1222//6 1221//6
f 1176//6 1177//6 1223//6 1222//6
f 1177//6 1178//6 1224//6 1223//6
f 1178//6 1179//6 1225//6 1224//6
f 1179//6 1180//6 1226//6 1225//6
f 1180//6 1181//6 1227//6 1226//6
f 1181//7 1182//7 1228//7 1227//7
f 1182//7 1183//7 1229//7 1228//7
f 1183//7 1184//7 1230//7 1229//7
f 1184//7 1185//7 1231//7 1230//7
f 1185//7 1186//7 1232//7 1231//7
f 1186//7 1187//7 1233//7 1232//7
f 1187//7 1188//7 1234//7 1233//7
f 1188//8 1189//8 1235//8 1234//8
f 1189//9 1190//9 1236//9 1235//9
f 1190//9 1191//9 1237//9 1236//9
f 1191//9 1192//9 1238//9 1237//9
f 1192//9 1193//9 1239//9 1238//9
f 1193//9 1194//9 1240//9 1239//9
f 1194//9 1195//9 1241//9 1240//9
f 1195//9 1196//9 1242//9 1241//9
f 1197//1 1198//1 1244//1 1243//1
f 1198//1 1199//1 1245//1 1244//1
f 1199//1 1200//1 1246//1 1245//1
f 1200//1 1201//1 1247//1 1246//1
f 1201//1 1202//1 1248//1 1247//1
f 1202//1 1203//1 1249//1 1248//1
f 1203//1 1204//1 1250//1 1249//1
f 1204//2 1205//2 1251//2 1250//2
f 1205//3 1206//3 1252//3 1251//3
f 1206//3 1207//3 1253//3 1252//3
f 1207//3 1208//3 1254//3 1253//3
f 1208//3 1209//3 1255//3 1254//3
f 1209//3 1210//3 1256//3 1255//3
f 1210//3 1211//3 1257//3 1256//3
f 1211//3 1212//3 1258//3 1257//3
f 1212//4 1213//4 1259//4 1258//4
f 1213//4 1214//4 1260//4 1259//4
f 1214//4 1215//4 1261//4 1260//4
f 1215//4 1216//4 1262//4 1261//4
f 1216//4 1217//4 1263//4 1262//4
f 1217//4 1218//4 1264//4 1263//4
f 1218//4 1219//4 1265//4 1264//4
f 1219//5 1220//5 1266//5 1265//5
f 1220//6 1221//6 1267//6 1266//6
f 1221//6 1222//6 1268//6 1267//6
f 1222//6 1223//6 1269//6 1268//6
f 1223//6 1224//6 1270//6 1269//6
f 1224//6 1225//6 1271//6 1270//6
f 1225//6 1226//6 1272//6 1271//6
f 1226//6 1227//6 1273//6 1272//6
f 1227//7 1228//7 1274//7 1273//7
f 1228//7 1229//7 1275//7 1274//7
f 1229//7 1230//7 1276//7 1275//7
f 1230//7 1231//7 1277//7 1276//7
f 1231//7 1232//7 1278//7 1277//7
f 1232//7 1233//7 1279//7 1278//7
f 1233//7 1234//7 1280//7 1279//7
f 1234//10 1235//10 1281//10 1280//10
f 1235//9 1236//9 1282//9 1281//9
f 1236//9 1237//9 1283//9 1282//9
f 1237//9 1238//9 1284//9 1283//9
f 1238//9 1239//9 1285//9 1284//9
f 1239//9 1240//9 1286//9 1285//9
f 1240//9 1241//9 1287//9 1286//9
f 1241//9 1242//9 1288//9 1287//9
f 1243//1 1244//1 1290//1 1289//1
f 1244//1 1245//1 1291//1 1290//1
f 1245//1 1246//1 1292//1 1291//1
f 1246//1 1247//1 1293//1 1292//1
f 1247//1 1248//1 1294//1 1293//1
f 1248//1 1249//1 1295//1 1294//1
f 1249//1 1250//1 1296//1 1295//1
f 1250//2 1251//2 1297//2 1296//2
f 1251//3 1252//3 1298//3 1297//3
f 1252//3 1253//3 1299//3 1298//3
f 1253//3 1254//3 1300//3 1299//3
f 1254//3 1255//3 1301//3 1300//3
f 1255//3 1256//3 1302//3 1301//3
f 1256//3 1257//3 1303//3 1302//3
f 1257//3 1258//3 1304//3 1303//3
f 1258//4 1259//4 1305//4 1304//4
f 1259//4 1260//4 1306//4 1305//4
f 1260//4 1261//4 1307//4 1306//4
f 1261//4 1262//4 1308//4 1307//4
f 1262//4 1263//4 1309//4 1308//4
f 1263//4 1264//4 1310//4 1309//4
f 1264//4 1265//4 1311//4 1310//4
f 1265//5 1266//5 1312//5 1311//5
f 1266//6 1267//6 1313//6 1312//6
f 1267//6 1268//6 1314//6 1313//6
f 1268//6 1269//6 1315//6 1314//6
f 1269//6 1270//6 1316//6 1315//6
f 1270//6 1271//6 1317//6 1316//6
f 1271//6 1272//6 1318//6 1317//6
f 1272//6 1273//6 1319//6 1318//6
f 1273//7 1274//7 1320//7 1319//7
f 1274//7 1275//7 1321//7 1320//7
f 1275//7 1276//7 1322//7 1321//7
f 1276//7 1277//7 1323//7 1322//7
f 1277//7 1278//7 1324//7 1323//7
f 1278//7 1279//7 1325//7 1324//7
f 1279//7 1280//7 1326//7 1325//7
f 1280//8 1281//8 1327//8 1326//8
f 1281//9 1282//9 1328//9 1327//9
f 1282//9 1283//9 1329//9 1328//9
f 1283//9 1284//9 1330//9 1329//9
f 1284//9 1285//9 1331//9 1330//9
f 1285//9 1286//9 1332//9 1331//9
f 1286//9 1287//9 1333//9 1332//9
f 1287//9 1288//9 1334//9 1333//9
f 1289//1 1290//1 1336//1 1335//1
f 1290//1 1291//1 1337//1 1336//1
f 1291//1 1292//1 1338//1 1337//1
f 1292//1 1293//1 1339//1 1338//1
f 1293//1 1294//1 1340//1 1339//1
f 1294//1 1295//1 1341//1 1340//1
f 1295//1 1296//1 1342//1 1341//1
f 1296//2 1297//2 1343//2 1342//2
f 1297//3 1298//3 1344//3 1343//3
f 1298//3 1299//3 1345//3 1344//3
f 1299//3 1300//3 1346//3 1345//3
f 1300//3 1301//3 1347//3 1346//3
f 1301//3 1302//3 1348//3 1347//3
f 1302//3 1303//3 1349//3 1348//3
f 1303//3 1304//3 1350//3 1349//3
f 1304//4 1305//4 1351//4 1350//4
f 1305//4 1306//4 1352//4 1351//4
f 1306//4 1307//4 1353//4 1352//4
f 1307//4 1308//4 1354//4 1353//4
f 1308//4 1309//4 1355//4 1354//4
f 1309//4 1310//4 1356//4 1355//4
f 1310//4 1311//4 1357//4 1356//4
f 1311//5 1312//5 1358//5 1357//5
f 1312//6 1313//6 1359//6 1358//6
f 1313//6 1314//6 1360//6 1359//6
f 1314//6 1315//6 1361//6 1360//6
f 1315//6 1316//6 1362//6 1361//6
f 1316//6 1317//6 1363//6 1362//6
f 1317//6 1318//6 1364//6 1363//6
f 1318//6 1319//6 1365//6 1364//6
f 1319//7 1320//7 1366//7 1365//7
f 1320//7 1321//7 1367//7 1366//7
f 1321//7 1322//7 1368//7 1367//7
f 1322//7 1323//7 1369//7 1368//7
f 1323//7 1324//7 1370//7 1369//7
f 1324//7 1325//7 1371//7 1370//7
f 1325//7 1326//7 1372//7 1371//7
f 1326//10 1327//10 1373//10 1372//10
f 1327//9 1328//9 1374//9 1373//9
f 1328//9 1329//9 1375//9 1374//9
f 1329//9 1330//9 1376//9 1375//9
f 1330//9 1331//9 1377//9 1376//9
f 1331//9 1332//9 1378//9 1377//9
f 1332//9 1333//9 1379//9 1378//9
f 1333//9 1334//9 1380//9 1379//9
f 1335//1 1336//1 1382//1 1381//1
f 1336//1 1337//1 1383//1 1382//1
f 1337//1 1338//1 1384//1 1383//1
f 1338//1 1339//1 1385//1 1384//1
f 1339//1 1340//1 1386//1 1385//1
f 1340//1 1341//1 1387//1 1386//1
f 1341//1 1342//1 1388//1 1387//1
f 1342//2 1343//2 1389//2 1388//2
f 1343//3 1344//3 1390//3 1389//3
f 1344//3 1345//3 1391//3 1390//3
f 1345//3 1346//3 1392//3 1391//3
f 1346//3 1347//3 1393//3 1392//3
f 1347//3 1348//3 1394//3 1393//3
f 1348//3 1349//3 1395//3 1394//3
f 1349//3 1350//3 1396//3 1395//3
f 1350//4 1351//4 1397//4 1396//4
f 1351//4 1352//4 1398//4 1397//4
f 1352//4 1353//4 1399//4 1398//4
f 1353//4 1354//4 1400//4 1399//4
f 1354//4 1355//4 1401//4 1400//4
f 1355//4 1356//4 1402//4 1401//4
f 1356//4 1357//4 1403//4 1402//4
f 1357//5 1358//5 1404//5 1403//5
f 1358//6 1359//6 1405//6 1404//6
f 1359//6 1360//6 1406//6 1405//6
f 1360//6 1361//6 1407//6 1406//6
f 1361//6 1362//6 1408//6 1407//6
f 1362//6 1363//6 1409//6 1408//6
f 1363//6 1364//6 1410//6 1409//6
f 1364//6 1365//6 1411//6 1410//6
f 1365//7 1366//7 1412//7 1411//7
f 1366//7 1367//7 1413//7 1412//7
f 1367//7 1368//7 1414//7 1413//7
f 1368//7 1369//7 1415//7 1414//7
f 1369//7 1370//7 1416//7 1415//7
f 1370//7 1371//7 1417//7 1416//7
f 1371//7 1372//7 1418//7 1417//7
f 1372//8 1373//8 1419//8 1418//8
f 1373//9 1374//9 1420//9 1419//9
f 1374//9 1375//9 1421//9 1420//9
f 1375//9 1376//9 1422//9 1421//9
f 1376//9 1377//9 1423//9 1422//9
f 1377//9 1378//9 1424//9 1423//9
f 1378//9 1379//9 1425//9 1424//9
f 1379//9 1380//9 1426//9 1425//9
f 1381//1 1382//1 1428//1 1427//1
f 1382//1 1383//1 1429//1 1428//1
f 1383//1 1384//1 1430//1 1429//1
f 1384//1 1385//1 1431//1 1430//1
f 1385//1 1386//1 1432//1 1431//1
f 1386//1 1387//1 1433//1 1432//1
f 1387//1 1388//1 1434//1 1433//1
f 1388//2 1389//2 1435//2 1434//2
f 1389//3 1390//3 1436//3 1435//3
f 1390//3 1391//3 1437//3 1436//3
f 1391//3 1392//3 1438//3 1437//3
f 1392//3 1393//3 1439//3 1438//3
f 1393//3 1394//3 1440//3 1439//3
f 1394//3 1395//3 1441//3 1440//3
f 1395//3 1396//3 1442//3 1441//3
f 1396//4 1397//4 1443//4 1442//4
f 1397//4 1398//4 1444//4 1443//4
f 1398//4 1399//4 1445//4 1444//4
f 1399//4 1400//4 1446//4 1445//4
f 1400//4 1401//4 1447//4 1446//4
f 1401//4 1402//4 1448//4 1447//4
f 1402//4 1403//4 1449//4 1448//4
f 1403//5 1404//5 1450//5 1449//5
f 1404//6 1405//6 1451//6 1450//6
f 1405//6 1406//6 1452//6 1451//6
f 1406//6 1407//6 1453//6 1452//6
f 1407//6 1408//6 1454//6 1453//6
f 1408//6 1409//6 1455//6 1454//6
f 1409//6 1410//6 1456//6 1455//6
f 1410//6 1411//6 1457//6 1456//6
f 1411//7 1412//7 1458//7 1457//7
f 1412//7 1413//7 1459//7 1458//7
f 1413//7 1414//7 1460//7 1459//7
f 1414//7 1415//7 1461//7 1460//7
f 1415//7 1416//7 1462//7 1461//7
f 1416//7 1417//7 1463//7 1462//7
f 1417//7 1418//7 1464//7 1463//7
f 1418//10 1419//10 1465//10 1464//10
f 1419//9 1420//9 1466//9 1465//9
f 1420//9 1421//9 1467//9 1466//9
f 1421//9 1422//9 1468//9 1467//9
f 1422//9 1423//9 1469//9 1468//9
f 1423//9 1424//9 1470//9 1469//9
f 1424//9 1425//9 1471//9 1470//9
f 1425//9 1426//9 1472//9 1471//9
f 1427//1 1428//1 1474//1 1473//1
f 1428//1 1429//1 1475//1 1474//1
f 1429//1 1430//1 1476//1 1475//1
f 1430//1 1431//1 1477//1 1476//1
f 1431//1 1432//1 1478//1 1477//1
f 1432//1 1433//1 1479//1 1478//1
f 1433//1 1434//1 1480//1 1479//1
f 1434//2 1435//2 1481//2 1480//2
f 1435//3 1436//3 1482//3 1481//3
f 1436//3 1437//3 1483//3 1482//3
f 1437//3 1438//3 1484//3 1483//3
f 1438//3 1439//3 1485//3 1484//3
f 1439//3 1440//3 1486//3 1485//3
f 1440//3 1441//3 1487//3 1486//3
f 1441//3 1442//3 1488//3 1487//3
f 1442//4 1443//4 1489//4 1488//4
f 1443//4 1444//4 1490//4 1489//4
f 1444//4 1445//4 1491//4 1490//4
f 1445//4 1446//4 1492//4 1491//4
f 1446//4 1447//4 1493//4 1492//4
f 1447//4 1448//4 1494//4 1493//4
f 1448//4 1449//4 1495//4 1494//4
f 1449//5 1450//5 1496//5 1495//5
f 1450//6 1451//6 1497//6 1496//6
f 1451//6 1452//6 1498//6 1497//6
f 1452//6 1453//6 1499//6 1498//6
f 1453//6 1454//6 1500//6 1499//6
f 1454//6 1455//6 1501//6 1500//6
f 1455//6 1456//6 1502//6 1501//6
f 1456//6 1457//6 1503//6 1502//6
f 1457//7 1458//7 1504//7 1503//7
f 1458//7 1459//7 1505//7 1504//7
f 1459//7 1460//7 1506//7 1505//7
f 1460//7 1461//7 1507//7 1506//7
f 1461//7 1462//7 1508//7 1507//7
f 1462//7 1463//7 1509//7 1508//7
f 1463//7 1464//7 1510//7 1509//7
f 1464//8 1465//8 1511//8 1510//8
f 1465//9 1466//9 1512//9 1511//9
f 1466//9 1467//9 1513//9 1512//9
f 1467//9 1468//9 1514//9 1513//9
f 1468//9 1469//9 1515//9 1514//9
f 1469//9 1470//9 1516//9 1515//9
f 1470//9 1471//9 1517//9 1516//9
f 1471//9 1472//9 1518//9 1517//9
f 1473//1 1474//1 1520//1 1519//1
f 1474//1 1475//1 1521//1 1520//1
f 1475//1 1476//1 1522//1 1521//1
f 1476//1 1477//1 1523//1 1522//1
f 1477//1 1478//1 1524//1 1523//1
f 1478//1 1479//1 1525//1 1524//1
f 1479//1 1480//1 1526//1 1525//1
f 1480//2 1481//2 1527//2 1526//2
f 1481//3 1482//3 1528//3 1527//3
f 1482//3 1483//3 1529//3 1528//3
f 1483//3 1484//3 1530//3 1529//3
f 1484//3 1485//3 1531//3 1530//3
f 1485//3 1486//3 1532//3 1531//3
f 1486//3 1487//3 1533//3 1532//3
f 1487//3 1488//3 1534//3 1533//3
f 1488//4 1489//4 1535//4 1534//4
f 1489//4 1490//4 1536//4 1535//4
f 1490//4 1491//4 1537//4 1536//4
f 1491//4 1492//4 1538//4 1537//4
f 1492//4 1493//4 1539//4 1538//4
f 1493//4 1494//4 1540//4 1539//4
f 1494//4 1495//4 1541//4 1540//4
f 1495//5 1496//5 1542//5 1541//5
f 1496//6 1497//6 1543//6 1542//6
f 1497//6 1498//6 1544//6 1543//6
f 1498//6 1499//6 1545//6 1544//6
f 1499//6 1500//6 1546//6 1545//6
f 1500//6 1501//6 1547//6 1546//6
f 1501//6 1502//6 1548//6 1547//6
f 1502//6 1503//6 1549//6 1548//6
f 1503//7 1504//7 1550//7 1549//7
f 1504//7 1505//7 1551//7 1550//7
f 1505//7 1506//7 1552//7 1551//7
f 1506//7 1507//7 1553//7 1552//7
f 1507//7 1508//7 1554//7 1553//7
f 1508//7 1509//7 1555//7 1554//7
f 1509//7 1510//7 1556//7 1555//7
f 1510//10 1511//10 1557//10 1556//10
f 1511//9 1512//9 1558//9 1557//9
f 1512//9 1513//9 1559//9 1558//9
f 1513//9 1514//9 1560//9 1559//9
f 1514//9 1515//9 1561//9 1560//9
f 1515//9 1516//9 1562//9 1561//9
f 1516//9 1517//9 1563//9 1562//9
f 1517//9 1518//9 1564//9 1563//9
f 1519//1 1520//1 1566//1 1565//1
f 1520//1 1521//1 1567//1 1566//1
f 1521//1 1522//1 1568//1 1567//1
f 1522//1 1523//1 1569//1 1568//1
f 1523//1 1524//1 1570//1 1569//1
f 1524//1 1525//1 1571//1 1570//1
f 1525//1 1526//1 1572//1 1571//1
f 1526//2 1527//2 1573//2 1572//2
f 1527//3 1528//3 1574//3 1573//3
f 1528//3 1529//3 1575//3 1574//3
f 1529//3 1530//3 1576//3 1575//3
f 1530//3 1531//3 1577//3 1576//3
f 1531//3 1532//3 1578//3 1577//3
f 1532//3 1533//3 1579//3 1578//3
f 1533//3 1534//3 1580//3 1579//3
f 1534//4 1535//4 1581//4 1580//4
f 1535//4 1536//4 1582//4 1581//4
f 1536//4 1537//4 1583//4 1582//4
f 1537//4 1538//4 1584//4 1583//4
f 1538//4 1539//4 1585//4 1584//4
f 1539//4 1540//4 1586//4 1585//4
f 1540//4 1541//4 1587//4 1586//4
f 1541//5 1542//5 1588//5 1587//5
f 1542//6 1543//6 1589//6 1588//6
f 1543//6 1544//6 1590//6 1589//6
f 1544//6 1545//6 1591//6 1590//6
f 1545//6 1546//6 1592//6 1591//6
f 1546//6 1547//6 1593//6 1592//6
f 1547//6 1548//6 1594//6 1593//6
f 1548//6 1549//6 1595//6 1594//6
f 1549//7 1550//7 1596//7 1595//7
f 1550//7 1551//7 1597//7 1596//7
f 1551//7 1552//7 1598//7 1597//7
f 1552//7 1553//7 1599//7 1598//7
f 1553//7 1554//7 1600//7 1599//7
f 1554//7 1555//7 1601//7 1600//7
f 1555//7 1556//7 1602//7 1601//7
f 1556//8 1557//8 1603//8 1602//8
f 1557//9 1558//9 1604//9 1603//9
f 1558//9 1559//9 1605//9 1604//9
f 1559//9 1560//9 1606//9 1605//9
f 1560//9 1561//9 1607//9 1606//9
f 1561//9 1562//9 1608//9 1607//9
f 1562//9 1563//9 1609//9 1608//9
f 1563//9 1564//9 1610//9 1609//9
f 1565//1 1566//1 1612//1 1611//1
f 1566//1 1567//1 1613//1 1612//1
f 1567//1 1568//1 1614//1 1613//1
f 1568//1 1569//1 1615//1 1614//1
f 1569//1 1570//1 1616//1 1615//1
f 1570//1 1571//1 1617//1 1616//1
f 1571//1 1572//1 1618//1 1617//1
f 1572//2 1573//2 1619//2 1618//2
f 1573//3 1574//3 1620//3 1619//3
f 1574//3 1575//3 1621//3 1620//3
f 1575//3 1576//3 1622//3 1621//3
f 1576//3 1577//3 1623//3 1622//3
f 1577//3 1578//3 1624//3 1623//3
f 1578//3 1579//3 1625//3 1624//3
f 1579//3 1580//3 1626//3 1625//3
f 1580//4 1581//4 1627//4 1626//4
f 1581//4 1582//4 1628//4 1627//4
f 1582//4 1583//4 1629//4 1628//4
f 1583//4 1584//4 1630//4 1629//4
f 1584//4 1585//4 1631//4 1630//4
f 1585//4 1586//4 1632//4 1631//4
f 1586//4 1587//4 1633//4 1632//4
f 1587//5 1588//5 1634//5 1633//5
f 1588//6 1589//6 1635//6 1634//6
f 1589//6 1590//6 1636//6 1635//6
f 1590//6 1591//6 1637//6 1636//6
f 1591//6 1592//6 1638//6 1637//6
f 1592//6 1593//6 1639//6 1638//6
f 1593//6 1594//6 1640//6 1639//6
f 1594//6 1595//6 1641//6 1640//6
f 1595//7 1596//7 1642//7 1641//7
f 1596//7 1597//7 1643//7 1642//7
f 1597//7 1598//7 1644//7 1643//7
f 1598//7 1599//7 1645//7 1644//7
f 1599//7 1600//7 1646//7 1645//7
f 1600//7 1601//7 1647//7 1646//7
f 1601//7 1602//7 1648//7 1647//7
f 1602//10 1603//10 1649//10 1648//10
f 1603//9 1604//9 1650//9 1649//9
f 1604//9 1605//9 1651//9 1650//9
f 1605//9 1606//9 1652//9 1651//9
f 1606//9 1607//9 1653//9 1652//9
f 1607//9 1608//9 1654//9 1653//9
f 1608//9 1609//9 1655//9 1654//9
f 1609//9 1610//9 1656//9 1655//9
f 1611//1 1612//1 1658//1 1657//1
f 1612//1 1613//1 1659//1 1658//1
f 1613//1 1614//1 1660//1 1659//1
f 1614//1 1615//1 1661//1 1660//1
f 1615//1 1616//1 1662//1 1661//1
f 1616//1 1617//1 1663//1 1662//1
f 1617//1 1618//1 1664//1 1663//1
f 1618//2 1619//2 1665//2 1664//2
f 1619//3 1620//3 1666//3 1665//3
f 1620//3 1621//3 1667//3 1666//3
f 1621//3 1622//3 1668//3 1667//3
f 1622//3 1623//3 1669//3 1668//3
f 1623//3 1624//3 1670//3 1669//3
f 1624//3 1625//3 1671//3 1670//3
f 1625//3 1626//3 1672//3 1671//3
f 1626//4 1627//4 1673//4 1672//4
f 1627//4 1628//4 1674//4 1673//4
f 1628//4 1629//4 1675//4 1674//4
f 1629//4 1630//4 1676//4 1675//4
f 1630//4 1631//4 1677//4 1676//4
f 1631//4 1632//4 1678//4 1677//4
f 1632//4 1633//4 1679//4 1678//4
f 1633//5 1634//5 1680//5 1679//5
f 1634//6 1635//6 1681//6 1680//6
f 1635//6 1636//6 1682//6 1681//6
f 1636//6 1637//6 1683//6 1682//6
f 1637//6 1638//6 1684//6 1683//6
f 1638//6 1639//6 1685//6 1684//6
f 1639//6 1640//6 1686//6 1685//6
f 1640//6 1641//6 1687//6 1686//6
f 1641//7 1642//7 1688//7 1687//7
f 1642//7 1643//7 1689//7 1688//7
f 1643//7 1644//7 1690//7 1689//7
f 1644//7 1645//7 1691//7 1690//7
f 1645//7 1646//7 1692//7 1691//7
f 1646//7 1647//7 1693//7 1692//7
f 1647//7 1648//7 1694//7 1693//7
f 1648//8 1649//8 1695//8 1694//8
f 1649//9 1650//9 1696//9 1695//9
f 1650//9 1651//9 1697//9 1696//9
f 1651//9 1652//9 1698//9 1697//9
f 1652//9 1653//9 1699//9 1698//9
f 1653//9 1654//9 1700//9 1699//9
f 1654//9 1655//9 1701//9 1700//9
f 1655//9 1656//9 1702//9 1701//9
f 1657//1 1658//1 1704//1 1703//1
f 1658//1 1659//1 1705//1 1704//1
f 1659//1 1660//1 1706//1 1705//1
f 1660//1 1661//1 1707//1 1706//1
f 1661//1 1662//1 1708//1 1707//1
f 1662//1 1663//1 1709//1 1708//1
f 1663//1 1664//1 1710//1 1709//1
f 1664//2 1665//2 1711//2 1710//2
f 1665//3 1666//3 1712//3 1711//3
f 1666//3 1667//3 1713//3 1712//3
f 1667//3 1668//3 1714//3 1713//3
f 1668//3 1669//3 1715//3 1714//3
f 1669//3 1670//3 1716//3 1715//3
f 1670//3 1671//3 1717//3 1716//3
f 1671//3 1672//3 1718//3 1717//3
f 1672//4 1673//4 1719//4 1718//4
f 1673//4 1674//4 1720//4 1719//4
f 1674//4 1675//4 1721//4 1720//4
f 1675//4 1676//4 1722//4 1721//4
f 1676//4 1677//4 1723//4 1722//4
f 1677//4 1678//4 1724//4 1723//4
f 1678//4 1679//4 1725//4 1724//4
f 1679//5 1680//5 1726//5 1725//5
f 1680//6 1681//6 1727//6 1726//6
f 1681//6 1682//6 1728//6 1727//6
f 1682//6 1683//6 1729//6 1728//6
f 1683//6 1684//6 1730//6 1729//6
f 1684//6 1685//6 1731//6 1730//6
f 1685//6 1686//6 1732//6 1731//6
f 1686//6 1687//6 1733//6 1732//6
f 1687//7 1688//7 1734//7 1733//7
f 1688//7 1689//7 1735//7 1734//7
f 1689//7 1690//7 1736//7 1735//7
f 1690//7 1691//7 1737//7 1736//7
f 1691//7 1692//7 1738//7 1737//7
f 1692//7 1693//7 1739//7 1738//7
f 1693//7 1694//7 1740//7 1739//7
f 1694//10 1695//10 1741//10 1740//10
f 1695//9 1696//9 1742//9 1741//9
f 1696//9 1697//9 1743//9 1742//9
f 1697//9 1698//9 1744//9 1743//9
f 1698//9 1699//9 1745//9 1744//9
f 1699//9 1700//9 1746//9 1745//9
f 1700//9 1701//9 1747//9 1746//9
f 1701//9 1702//9 1748//9 1747//9
f 1703//1 1704//1 1750//1 1749//1
f 1704//1 1705//1 1751//1 1750//1
f 1705//1 1706//1 1752//1 1751//1
f 1706//1 1707//1 1753//1 1752//1
f 1707//1 1708//1 1754//1 1753//1
f 1708//1 1709//1 1755//1 1754//1
f 1709//1 1710//1 1756//1 1755//1
f 1710//2 1711//2 1757//2 1756//2
f 1711//3 1712//3 1758//3 1757//3
f 1712//3 1713//3 1759//3 1758//3
f 1713//3 1714//3 1760//3 1759//3
f 1714//3 1715//3 1761//3 1760//3
f 1715//3 1716//3 1762//3 1761//3
f 1716//3 1717//3 1763//3 1762//3
f 1717//3 1718//3 1764//3 1763//3
f 1718//4 1719//4 1765//4 1764//4
f 1719//4 1720//4 1766//4 1765//4
f 1720//4 1721//4 1767//4 1766//4
f 1721//4 1722//4 1768//4 1767//4
f 1722//4 1723//4 1769//4 1768//4
f 1723//4 1724//4 1770//4 1769//4
f 1724//4 1725//4 1771//4 1770//4
f 1725//5 1726//5 1772//5 1771//5
f 1726//6 1727//6 1773//6 1772//6
f 1727//6 1728//6 1774//6 1773//6
f 1728//6 1729//6 1775//6 1774//6
f 1729//6 1730//6 1776//6 1775//6
f 1730//6 1731//6 1777//6 1776//6
f 1731//6 1732//6 1778//6 1777//6
f 1732//6 1733//6 1779//6 1778//6
f 1733//7 1734//7 1780//7 1779//7
f 1734//7 1735//7 1781//7 1780//7
f 1735//7 1736//7 1782//7 1781//7
f 1736//7 1737//7 1783//7 1782//7
f 1737//7 1738//7 1784//7 1783//7
f 1738//7 1739//7 1785//7 1784//7
f 1739//7 1740//7 1786//7 1785//7
f 1740//8 1741//8 1787//8 1786//8
f 1741//9 1742//9 1788//9 1787//9
f 1742//9 1743//9 1789//9 1788//9
f 1743//9 1744//9 1790//9 1789//9
f 1744//9 1745//9 1791//9 1790//9
f 1745//9 1746//9 1792//9 1791//9
f 1746//9 1747//9 1793//9 1792//9
f 1747//9 1748//9 1794//9 1793//9
f 1749//1 1750//1 1796//1 1795//1
f 1750//1 1751//1 1797//1 1796//1
f 1751//1 1752//1 1798//1 1797//1
f 1752//1 1753//1 1799//1 1798//1
f 1753//1 1754//1 1800//1 1799//1
f 1754//1 1755//1 1801//1 1800//1
f 1755//1 1756//1 1802//1 1801//1
f 1756//2 1757//2 1803//2 1802//2
f 1757//3 1758//3 1804//3 1803//3
f 1758//3 1759//3 1805//3 1804//3
f 1759//3 1760//3 1806//3 1805//3
f 1760//3 1761//3 1807//3 1806//3
f 1761//3 1762//3 1808//3 1807//3
f 1762//3 1763//3 1809//3 1808//3
f 1763//3 1764//3 1810//3 1809//3
f 1764//4 1765//4 1811//4 1810//4
f 1765//4 1766//4 1812//4 1811//4
f 1766//4 1767//4 1813//4 1812//4
f 1767//4 1768//4 1814//4 1813//4
f 1768//4 1769//4 1815//4 1814//4
f 1769//4 1770//4 1816//4 1815//4
f 1770//4 1771//4 1817//4 1816//4
f 1771//5 1772//5 1818//5 1817//5
f 1772//6 1773//6 1819//6 1818//6
f 1773//6 1774//6 1820//6 1819//6
f 1774//6 1775//6 1821//6 1820//6
f 1775//6 1776//6 1822//6 1821//6
f 1776//6 1777//6 1823//6 1822//6
f 1777//6 1778//6 1824//6 1823//6
f 1778//6 1779//6 1825//6 1824//6
f 1779//7 1780//7 1826//7 1825//7
f 1780//7 1781//7 1827//7 1826//7
f 1781//7 1782//7 1828//7 1827//7
f 1782//7 1783//7 1829//7 1828//7
f 1783//7 1784//7 1830//7 1829//7
f 1784//7 1785//7 1831//7 1830//7
f 1785//7 1786//7 1832//7 1831//7
f 1786//10 1787//10 1833//10 1832//10
f 1787//9 1788//9 1834//9 1833//9
f 1788//9 1789//9 1835//9 1834//9
f 1789//9 1790//9 1836//9 1835//9
f 1790//9 1791//9 1837//9 1836//9
f 1791//9 1792//9 1838//9 1837//9
f 1792//9 1793//9 1839//9 1838//9
f 1793//9 1794//9 1840//9 1839//9
f 1795//1 1796//1 1842//1 1841//1
f 1796//1 1797//1 1843//1 1842//1
f 1797//1 1798//1 1844//1 1843//1
f 1798//1 1799//1 1845//1 1844//1
f 1799//1 1800//1 1846//1 1845//1
f 1800//1 1801//1 1847//1 1846//1
f 1801//1 1802//1 1848//1 1847//1
f 1802//2 1803//2 1849//2 1848//2
f 1803//3 1804//3 1850//3 1849//3
f 1804//3 1805//3 1851//3 1850//3
f 1805//3 1806//3 1852//3 1851//3
f 1806//3 1807//3 1853//3 1852//3
f 1807//3 1808//3 1854//3 1853//3
f 1808//3 1809//3 1855//3 1854//3
f 1809//3 1810//3 1856//3 1855//3
f 1810//4 1811//4 1857//4 1856//4
f 1811//4 1812//4 1858//4 1857//4
f 1812//4 1813//4 1859//4 1858//4
f 1813//4 1814//4 1860//4 1859//4
f 1814//4 1815//4 1861//4 1860//4
f 1815//4 1816//4 1862//4 1861//4
f 1816//4 1817//4 1863//4 1862//4
f 1817//5 1818//5 1864//5 1863//5
f 1818//6 1819//6 1865//6 1864//6
f 1819//6 1820//6 1866//6 1865//6
f 1820//6 1821//6 1867//6 1866//6
f 1821//6 1822//6 1868//6 1867//6
f 1822//6 1823//6 1869//6 1868//6
f 1823//6 1824//6 1870//6 1869//6
f 1824//6 1825//6 1871//6 1870//6
f 1825//7 1826//7 1872//7 1871//7
f 1826//7 1827//7 1873//7 1872//7
f 1827//7 1828//7 1874//7 1873//7
f 1828//7 1829//7 1875//7 1874//7
f 1829//7 1830//7 1876//7 1875//7
f 1830//7 1831//7 1877//7 1876//7
f 1831//7 1832//7 1878//7 1877//7
f 1832//8 1833//8 1879//8 1878//8
f 1833//9 1834//9 1880//9 1879//9
f 1834//9 1835//9 1881//9 1880//9
f 1835//9 1836//9 1882//9 1881//9
f 1836//9 1837//9 1883//9 1882//9
f 1837//9 1838//9 1884//9 1883//9
f 1838//9 1839//9 1885//9 1884//9
f 1839//9 1840//9 1886//9 1885//9
f 1841//1 1842//1 1888//1 1887//1
f 1842//1 1843//1 1889//1 1888//1
f 1843//1 1844//1 1890//1 1889//1
f 1844//1 1845//1 1891//1 1890//1
f 1845//1 1846//1 1892//1 1891//1
f 1846//1 1847//1 1893//1 1892//1
f 1847//1 1848//1 1894//1 1893//1
f 1848//2 1849//2 1895//2 1894//2
f 1849//3 1850//3 1896//3 1895//3
f 1850//3 1851//3 1897//3 1896//3
f 1851//3 1852//3 1898//3 1897//3
f 1852//3 1853//3 1899//3 1898//3
f 1853//3 1854//3 1900//3 1899//3
f 1854//3 1855//3 1901//3 1900//3
f 1855//3 1856//3 1902//3 1901//3
f 1856//4 1857//4 1903//4 1902//4
f 1857//4 1858//4 1904//4 1903//4
f 1858//4 1859//4 1905//4 1904//4
f 1859//4 1860//4 1906//4 1905//4
f 1860//4 1861//4 1907//4 1906//4
f 1861//4 1862//4 1908//4 1907//4
f 1862//4 1863//4 1909//4 1908//4
f 1863//5 1864//5 1910//5 1909//5
f 1864//6 1865//6 1911//6 1910//6
f 1865//6 1866//6 1912//6 1911//6
f 1866//6 1867//6 1913//6 1912//6
f 1867//6 1868//6 1914//6 1913//6
f 1868//6 1869//6 1915//6 1914//6
f 1869//6 1870//6 1916//6 1915//6
f 1870//6 1871//6 1917//6 1916//6
f 1871//7 1872//7 1918//7 1917//7
f 1872//7 1873//7 1919//7 1918//7
f 1873//7 1874//7 1920//7 1919//7
f 1874//7 1875//7 1921//7 1920//7
f 1875//7 1876//7 1922//7 1921//7
f 1876//7 1877//7 1923//7 1922//7
f 1877//7 1878//7 1924//7 1923//7
f 1878//10 1879//10 1925//10 1924//10
f 1879//9 1880//9 1926//9 1925//9
f 1880//9 1881//9 1927//9 1926//9
f 1881//9 1882//9 1928//9 1927//9
f 1882//9 1883//9 1929//9 1928//9
f 1883//9 1884//9 1930//9 1929//9
f 1884//9 1885//9 1931//9 1930//9
f 1885//9 1886//9 1932//9 1931//9
f 1887//1 1888//1 1934//1 1933//1
f 1888//1 1889//1 1935//1 1934//1
f 1889//1 1890//1 1936//1 1935//1
f 1890//1 1891//1 1937//1 1936//1
f 1891//1 1892//1 1938//1 1937//1
f 1892//1 1893//1 1939//1 1938//1
f 1893//1 1894//1 1940//1 1939//1
f 1894//2 1895//2 1941//2 1940//2
f 1895//3 1896//3 1942//3 1941//3
f 1896//3 1897//3 1943//3 1942//3
f 1897//3 1898//3 1944//3 1943//3
f 1898//3 1899//3 1945//3 1944//3
f 1899//3 1900//3 1946//3 1945//3
f 1900//3 1901//3 1947//3 1946//3
f 1901//3 1902//3 1948//3 1947//3
f 1902//4 1903//4 1949//4 1948//4
f 1903//4 1904//4 1950//4 1949//4
f 1904//4 1905//4 1951//4 1950//4
f 1905//4 1906//4 1952//4 1951//4
f 1906//4 1907//4 1953//4 1952//4
f 1907//4 1908//4 1954//4 1953//4
f 1908//4 1909//4 1955//4 1954//4
f 1909//5 1910//5 1956//5 1955//5
f 1910//6 1911//6 1957//6 1956//6
f 1911//6 1912//6 1958//6 1957//6
f 1912//6 1913//6 1959//6 1958//6
f 1913//6 1914//6 1960//6 1959//6
f 1914//6 1915//6 1961//6 1960//6
f 1915//6 1916//6 1962//6 1961//6
f 1916//6 1917//6 1963//6 1962//6
f 1917//7 1918//7 1964//7 1963//7
f 1918//7 1919//7 1965//7 1964//7
f 1919//7 1920//7 1966//7 1965//7
f 1920//7 1921//7 1967//7 1966//7
f 1921//7 1922//7 1968//7 1967//7
f 1922//7 1923//7 1969//7 1968//7
f 1923//7 1924//7 1970//7 1969//7
f 1924//8 1925//8 1971//8 1970//8
f 1925//9 1926//9 1972//9 1971//9
f 1926//9 1927//9 1973//9 1972//9
f 1927//9 1928//9 1974//9 1973//9
f 1928//9 1929//9 1975//9 1974//9
f 1929//9 1930//9 1976//9 1975//9
f 1930//9 1931//9 1977//9 1976//9
f 1931//9 1932//9 1978//9 1977//9
f 1933//1 1934//1 1980//1 1979//1
f 1934//1 1935//1 1981//1 1980//1
f 1935//1 1936//1 1982//1 1981//1
f 1936//1 1937//1 1983//1 1982//1
f 1937//1 1938//1 1984//1 1983//1
f 1938//1 1939//1 1985//1 1984//1
f 1939//1 1940//1 1986//1 1985//1
f 1940//2 1941//2 1987//2 1986//2
f 1941//3 1942//3 1988//3 1987//3
f 1942//3 1943//3 1989//3 1988//3
f 1943//3 1944//3 1990//3 1989//3
f 1944//3 1945//3 1991//3 1990//3
f 1945//3 1946//3 1992//3 1991//3
f 1946//3 1947//3 1993//3 1992//3
f 1947//3 1948//3 1994//3 1993//3
f 1948//4 1949//4 1995//4 1994//4
f 1949//4 1950//4 1996//4 1995//4
f 1950//4 1951//4 1997//4 1996//4
f 1951//4 1952//4 1998//4 1997//4
f 1952//4 1953//4 1999//4 1998//4
f 1953//4 1954//4 2000//4 1999//4
f 1954//4 1955//4 2001//4 2000//4
f 1955//5 1956//5 2002//5 2001//5
f 1956//6 1957//6 2003//6 2002//6
f 1957//6 1958//6 2004//6 2003//6
f 1958//6 1959//6 2005//6 2004//6
f 1959//6 1960//6 2006//6 2005//6
f 1960//6 1961//6 2007//6 2006//6
f 1961//6 1962//6 2008//6 2007//6
f 1962//6 1963//6 2009//6 2008//6
f 1963//7 1964//7 2010//7 2009//7
f 1964//7 1965//7 2011//7 2010//7
f 1965//7 1966//7 2012//7 2011//7
f 1966//7 1967//7 2013//7 2012//7
f 1967//7 1968//7 2014//7 2013//7
f 1968//7 1969//7 2015//7 2014//7
f 1969//7 1970//7 2016//7 2015//7
f 1970//10 1971//10 2017//10 2016//10
f 1971//9 1972//9 2018//9 2017//9
f 1972//9 1973//9 2019//9 2018//9
f 1973//9 1974//9 2020//9 2019//9
f 1974//9 1975//9 2021//9 2020//9
f 1975//9 1976//9 2022//9 2021//9
f 1976//9 1977//9 2023//9 2022//9
f 1977//9 1978//9 2024//9 2023//9
f 1979//1 1980//1 2026//1 2025//1
f 1980//1 1981//1 2027//1 2026//1
f 1981//1 1982//1 2028//1 2027//1
f 1982//1 1983//1 2029//1 2028//1
f 1983//1 1984//1 2030//1 2029//1
f 1984//1 1985//1 2031//1 2030//1
f 1985//1 1986//1 2032//1 2031//1
f 1986//2 1987//2 2033//2 2032//2
f 1987//3 1988//3 2034//3 2033//3
f 1988//3 1989//3 2035//3 2034//3
f 1989//3 1990//3 2036//3 2035//3
f 1990//3 1991//3 2037//3 2036//3
f 1991//3 1992//3 2038//3 2037//3
f 1992//3 1993//3 2039//3 2038//3
f 1993//3 1994//3 2040//3 2039//3
f 1994//4 1995//4 2041//4 2040//4
f 1995//4 1996//4 2042//4 2041//4
f 1996//4 1997//4 2043//4 2042//4
f 1997//4 1998//4 2044//4 2043//4
f 1998//4 1999//4 2045//4 2044//4
f 1999//4 2000//4 2046//4 2045//4
f 2000//4 2001//4 2047//4 2046//4
f 2001//5 2002//5 2048//5 2047//5
f 2002//6 2003//6 2049//6 2048//6
f 2003//6 2004//6 2050//6 2049//6
f 2004//6 2005//6 2051//6 2050//6
f 2005//6 2006//6 2052//6 2051//6
f 2006//6 2007//6 2053//6 2052//6
f 2007//6 2008//6 2054//6 2053//6
f 2008//6 2009//6 2055//6 2054//6
f 2009//7 2010//7 2056//7 2055//7
f 2010//7 2011//7 2057//7 2056//7
f 2011//7 2012//7 2058//7 2057//7
f 2012//7 2013//7 2059//7 2058//7
f 2013//7 2014//7 2060//7 2059//7
f 2014//7 2015//7 2061//7 2060//7
f 2015//7 2016//7 2062//7 2061//7
f 2016//8 2017//8 2063//8 2062//8
f 2017//9 2018//9 2064//9 2063//9
f 2018//9 2019//9 2065//9 2064//9
f 2019//9 2020//9 2066//9 2065//9
f 2020//9 2021//9 2067//9 2066//9
f 2021//9 2022//9 2068//9 2067//9
f 2022//9 2023//9 2069//9 2068//9
f 2023//9 2024//9 2070//9 2069//9
f 2025//1 2026//1 2072//1 2071//1
f 2026//1 2027//1 2073//1 2072//1
f 2027//1 2028//1 2074//1 2073//1
f 2028//1 2029//1 2075//1 2074//1
f 2029//1 2030//1 2076//1 2075//1
f 2030//1 2031//1 2077//1 2076//1
f 2031//1 2032//1 2078//1 2077//1
f 2032//2 2033//2 2079//2 2078//2
f 2033//3 2034//3 2080//3 2079//3
f 2034//3 2035//3 2081//3 2080//3
f 2035//3 2036//3 2082//3 2081//3
f 2036//3 2037//3 2083//3 2082//3
f 2037//3 2038//3 2084//3 2083//3
f 2038//3 2039//3 2085//3 2084//3
f 2039//3 2040//3 2086//3 2085//3
f 2040//4 2041//4 2087//4 2086//4
f 2041//4 2042//4 2088//4 2087//4
f 2042//4 2043//4 2089//4 2088//4
f 2043//4 2044//4 2090//4 2089//4
f 2044//4 2045//4 2091//4 2090//4
f 2045//4 2046//4 2092//4 2091//4
f 2046//4 2047//4 2093//4 2092//4
f 2047//5 2048//5 2094//5 2093//5
f 2048//6 2049//6 2095//6 2094//6
f 2049//6 2050//6 2096//6 2095//6
f 2050//6 2051//6 2097//6 2096//6
f 2051//6 2052//6 2098//6 2097//6
f 2052//6 2053//6 2099//6 2098//6
f 2053//6 2054//6 2100//6 2099//6
f 2054//6 2055//6 2101//6 2100//6
f 2055//7 2056//7 2102//7 2101//7
f 2056//7 2057//7 2103//7 2102//7
f 2057//7 2058//7 2104//7 2103//7
f 2058//7 2059//7 2105//7 2104//7
f 2059//7 2060//7 2106//7 2105//7
f 2060//7 2061//7 2107//7 2106//7
f 2061//7 2062//7 2108//7 2107//7
f 2062//10 2063//10 2109//10 2108//10
f 2063//9 2064//9 2110//9 2109//9
f 2064//9 2065//9 2111//9 2110//9
f 2065//9 2066//9 2112//9 2111//9
f 2066//9 2067//9 2113//9 2112//9
f 2067//9 2068//9 2114//9 2113//9
f 2068//9 2069//9 2115//9 2114//9
f 2069//9 2070//9 2116//9 2115//9
