# Blender 3.6.5
# www.blender.org
o SpiralPlane8
v 0.526582 0.000000 1.000000
v 0.448886 0.031102 0.990000
v 0.371190 0.062204 0.980000
v 0.293494 0.093306 0.970000
v 0.336101 0.118882 0.960000
v 0.413798 0.142845 0.950000
v 0.491494 0.166809 0.940000
v 0.543797 0.184901 0.930000
v 0.575190 0.198158 0.920000
v 0.606582 0.211414 0.910000
v 0.647595 0.229934 0.900000
v 0.708810 0.259507 0.890000
v 0.770025 0.289079 0.880000
v 0.816430 0.316826 0.870000
v 0.724608 0.327533 0.860000
v 0.632785 0.338240 0.850000
v 0.540962 0.348947 0.840000
v 0.483316 0.362763 0.830000
v 0.430734 0.377039 0.820000
v 0.378152 0.391316 0.810000
v 0.351392 0.407566 0.800000
v 0.338835 0.424901 0.790000
v 0.326278 0.442237 0.780000
v 0.328203 0.458289 0.770000
v 0.350177 0.472566 0.760000
v 0.372152 0.486842 0.750000
v 0.402785 0.501908 0.740000
v 0.469494 0.520263 0.730000
v 0.536203 0.538618 0.720000
v 0.602911 0.556974 0.710000
v 0.615696 0.577303 0.700000
v 0.626684 0.597697 0.690000
v 0.637671 0.618092 0.680000
v 0.625949 0.642648 0.670000
v 0.606329 0.668651 0.660000
v 0.586709 0.694655 0.650000
v 0.545215 0.704079 0.640000
v 0.483215 0.697960 0.630000
v 0.421215 0.691842 0.620000
v 0.373570 0.691201 0.610000
v 0.361013 0.703947 0.600000
v 0.348456 0.716694 0.590000
v 0.335443 0.729868 0.580000
v 0.315823 0.749243 0.570000
v 0.296203 0.768618 0.560000
v 0.276582 0.787993 0.550000
v 0.311595 0.806941 0.540000
v 0.357114 0.825806 0.530000
v 0.402633 0.844671 0.520000
v 0.507797 0.849786 0.510000
v 0.650633 0.846217 0.500000
v 0.793468 0.842648 0.490000
v 0.841823 0.851513 0.480000
v 0.740583 0.880066 0.470000
v 0.639342 0.908618 0.460000
v 0.555063 0.934457 0.450000
v 0.558987 0.946184 0.440000
v 0.562911 0.957911 0.430000
v 0.566835 0.969638 0.420000
v 0.560481 0.978980 0.410000
v 0.553418 0.988158 0.400000
v 0.546354 0.997336 0.390000
v 0.518683 0.997829 0.380000
v 0.482582 0.994770 0.370000
v 0.446481 0.991710 0.360000
v 0.412658 0.982977 0.350000
v 0.381266 0.968191 0.340000
v 0.349874 0.953405 0.330000
v 0.324152 0.936645 0.320000
v 0.314734 0.914211 0.310000
v 0.305316 0.891776 0.300000
v 0.293241 0.867780 0.290000
v 0.201418 0.796908 0.280000
v 0.109595 0.726036 0.270000
v 0.017772 0.655164 0.260000
v 0.194937 0.636924 0.250000
v 0.436658 0.631316 0.240000
v 0.678379 0.625707 0.230000
v 0.819392 0.599671 0.220000
v 0.887671 0.558882 0.210000
v 0.955949 0.518092 0.200000
v 0.957949 0.480378 0.190000
v 0.839443 0.448257 0.180000
v 0.720937 0.416135 0.170000
v 0.602937 0.383750 0.160000
v 0.488355 0.349589 0.150000
v 0.373773 0.315428 0.140000
v 0.259190 0.281266 0.130000
v 0.265114 0.251250 0.120000
v 0.283949 0.221678 0.110000
v 0.302785 0.192105 0.100000
v 0.363620 0.166678 0.090000
v 0.444455 0.143224 0.080000
v 0.525291 0.119770 0.070000
v 0.579899 0.098849 0.060000
v 0.602658 0.081003 0.050000
v 0.625418 0.063158 0.040000
v 0.660050 0.048651 0.030000
v 0.735392 0.045592 0.020000
v 0.810734 0.042533 0.010000
v 0.886076 0.039474 0.000000
v 0.526582 0.000000 0.980000
v 0.448886 0.031102 0.970000
v 0.371190 0.062204 0.960000
v 0.293494 0.093306 0.950000
v 0.336101 0.118882 0.940000
v 0.413798 0.142845 0.930000
v 0.491494 0.166809 0.920000
v 0.543797 0.184901 0.910000
v 0.575190 0.198158 0.900000
v 0.606582 0.211414 0.890000
v 0.647595 0.229934 0.880000
v 0.708810 0.259507 0.870000
v 0.770025 0.289079 0.860000
v 0.816430 0.316826 0.850000
v 0.724608 0.327533 0.840000
v 0.632785 0.338240 0.830000
v 0.540962 0.348947 0.820000
v 0.483316 0.362763 0.810000
v 0.430734 0.377039 0.800000
v 0.378152 0.391316 0.790000
v 0.351392 0.407566 0.780000
v 0.338835 0.424901 0.770000
v 0.326278 0.442237 0.760000
v 0.328203 0.458289 0.750000
v 0.350177 0.472566 0.740000
v 0.372152 0.486842 0.730000
v 0.402785 0.501908 0.720000
v 0.469494 0.520263 0.710000
v 0.536203 0.538618 0.700000
v 0.602911 0.556974 0.690000
v 0.615696 0.577303 0.680000
v 0.626684 0.597697 0.670000
v 0.637671 0.618092 0.660000
v 0.625949 0.642648 0.650000
v 0.606329 0.668651 0.640000
v 0.586709 0.694655 0.630000
v 0.545215 0.704079 0.620000
v 0.483215 0.697960 0.610000
v 0.421215 0.691842 0.600000
v 0.373570 0.691201 0.590000
v 0.361013 0.703947 0.580000
v 0.348456 0.716694 0.570000
v 0.335443 0.729868 0.560000
v 0.315823 0.749243 0.550000
v 0.296203 0.768618 0.540000
v 0.276582 0.787993 0.530000
v 0.311595 0.806941 0.520000
v 0.357114 0.825806 0.510000
v 0.402633 0.844671 0.500000
v 0.507797 0.849786 0.490000
v 0.650633 0.846217 0.480000
v 0.793468 0.842648 0.470000
v 0.841823 0.851513 0.460000
v 0.740583 0.880066 0.450000
v 0.639342 0.908618 0.440000
v 0.555063 0.934457 0.430000
v 0.558987 0.946184 0.420000
v 0.562911 0.957911 0.410000
v 0.566835 0.969638 0.400000
v 0.560481 0.978980 0.390000
v 0.553418 0.988158 0.380000
v 0.546354 0.997336 0.370000
v 0.518683 0.997829 0.360000
v 0.482582 0.994770 0.350000
v 0.446481 0.991710 0.340000
v 0.412658 0.982977 0.330000
v 0.381266 0.968191 0.320000
v 0.349874 0.953405 0.310000
v 0.324152 0.936645 0.300000
v 0.314734 0.914211 0.290000
v 0.305316 0.891776 0.280000
v 0.293241 0.867780 0.270000
v 0.201418 0.796908 0.260000
v 0.109595 0.726036 0.250000
v 0.017772 0.655164 0.240000
v 0.194937 0.636924 0.230000
v 0.436658 0.631316 0.220000
v 0.678379 0.625707 0.210000
v 0.819392 0.599671 0.200000
v 0.887671 0.558882 0.190000
v 0.955949 0.518092 0.180000
v 0.957949 0.480378 0.170000
v 0.839443 0.448257 0.160000
v 0.720937 0.416135 0.150000
v 0.602937 0.383750 0.140000
v 0.488355 0.349589 0.130000
v 0.373773 0.315428 0.120000
v 0.259190 0.281266 0.110000
v 0.265114 0.251250 0.100000
v 0.283949 0.221678 0.090000
v 0.302785 0.192105 0.080000
v 0.363620 0.166678 0.070000
v 0.444455 0.143224 0.060000
v 0.525291 0.119770 0.050000
v 0.579899 0.098849 0.040000
v 0.602658 0.081003 0.030000
v 0.625418 0.063158 0.020000
v 0.660050 0.048651 0.010000
v 0.735392 0.045592 0.000000
v 0.810734 0.042533 -0.010000
v 0.886076 0.039474 -0.020000
v 0.526582 0.000000 0.960000
v 0.448886 0.031102 0.950000
v 0.371190 0.062204 0.940000
v 0.293494 0.093306 0.930000
v 0.336101 0.118882 0.920000
v 0.413798 0.142845 0.910000
v 0.491494 0.166809 0.900000
v 0.543797 0.184901 0.890000
v 0.575190 0.198158 0.880000
v 0.606582 0.211414 0.870000
v 0.647595 0.229934 0.860000
v 0.708810 0.259507 0.850000
v 0.770025 0.289079 0.840000
v 0.816430 0.316826 0.830000
v 0.724608 0.327533 0.820000
v 0.632785 0.338240 0.810000
v 0.540962 0.348947 0.800000
v 0.483316 0.362763 0.790000
v 0.430734 0.377039 0.780000
v 0.378152 0.391316 0.770000
v 0.351392 0.407566 0.760000
v 0.338835 0.424901 0.750000
v 0.326278 0.442237 0.740000
v 0.328203 0.458289 0.730000
v 0.350177 0.472566 0.720000
v 0.372152 0.486842 0.710000
v 0.402785 0.501908 0.700000
v 0.469494 0.520263 0.690000
v 0.536203 0.538618 0.680000
v 0.602911 0.556974 0.670000
v 0.615696 0.577303 0.660000
v 0.626684 0.597697 0.650000
v 0.637671 0.618092 0.640000
v 0.625949 0.642648 0.630000
v 0.606329 0.668651 0.620000
v 0.586709 0.694655 0.610000
v 0.545215 0.704079 0.600000
v 0.483215 0.697960 0.590000
v 0.421215 0.691842 0.580000
v 0.373570 0.691201 0.570000
v 0.361013 0.703947 0.560000
v 0.348456 0.716694 0.550000
v 0.335443 0.729868 0.540000
v 0.315823 0.749243 0.530000
v 0.296203 0.768618 0.520000
v 0.276582 0.787993 0.510000
v 0.311595 0.806941 0.500000
v 0.357114 0.825806 0.490000
v 0.402633 0.844671 0.480000
v 0.507797 0.849786 0.470000
v 0.650633 0.846217 0.460000
v 0.793468 0.842648 0.450000
v 0.841823 0.851513 0.440000
v 0.740583 0.880066 0.430000
v 0.639342 0.908618 0.420000
v 0.555063 0.934457 0.410000
v 0.558987 0.946184 0.400000
v 0.562911 0.957911 0.390000
v 0.566835 0.969638 0.380000
v 0.560481 0.978980 0.370000
v 0.553418 0.988158 0.360000
v 0.546354 0.997336 0.350000
v 0.518683 0.997829 0.340000
v 0.482582 0.994770 0.330000
v 0.446481 0.991710 0.320000
v 0.412658 0.982977 0.310000
v 0.381266 0.968191 0.300000
v 0.349874 0.953405 0.290000
v 0.324152 0.936645 0.280000
v 0.314734 0.914211 0.270000
v 0.305316 0.891776 0.260000
v 0.293241 0.867780 0.250000
v 0.201418 0.796908 0.240000
v 0.109595 0.726036 0.230000
v 0.017772 0.655164 0.220000
v 0.194937 0.636924 0.210000
v 0.436658 0.631316 0.200000
v 0.678379 0.625707 0.190000
v 0.819392 0.599671 0.180000
v 0.887671 0.558882 0.170000
v 0.955949 0.518092 0.160000
v 0.957949 0.480378 0.150000
v 0.839443 0.448257 0.140000
v 0.720937 0.416135 0.130000
v 0.602937 0.383750 0.120000
v 0.488355 0.349589 0.110000
v 0.373773 0.315428 0.100000
v 0.259190 0.281266 0.090000
v 0.265114 0.251250 0.080000
v 0.283949 0.221678 0.070000
v 0.302785 0.192105 0.060000
v 0.363620 0.166678 0.050000
v 0.444455 0.143224 0.040000
v 0.525291 0.119770 0.030000
v 0.579899 0.098849 0.020000
v 0.602658 0.081003 0.010000
v 0.625418 0.063158 0.000000
v 0.660050 0.048651 -0.010000
v 0.735392 0.045592 -0.020000
v 0.810734 0.042533 -0.030000
v 0.886076 0.039474 -0.040000
v 0.526582 0.000000 0.940000
v 0.448886 0.031102 0.930000
v 0.371190 0.062204 0.920000
v 0.293494 0.093306 0.910000
v 0.336101 0.118882 0.900000
v 0.413798 0.142845 0.890000
v 0.491494 0.166809 0.880000
v 0.543797 0.184901 0.870000
v 0.575190 0.198158 0.860000
v 0.606582 0.211414 0.850000
v 0.647595 0.229934 0.840000
v 0.708810 0.259507 0.830000
v 0.770025 0.289079 0.820000
v 0.816430 0.316826 0.810000
v 0.724608 0.327533 0.800000
v 0.632785 0.338240 0.790000
v 0.540962 0.348947 0.780000
v 0.483316 0.362763 0.770000
v 0.430734 0.377039 0.760000
v 0.378152 0.391316 0.750000
v 0.351392 0.407566 0.740000
v 0.338835 0.424901 0.730000
v 0.326278 0.442237 0.720000
v 0.328203 0.458289 0.710000
v 0.350177 0.472566 0.700000
v 0.372152 0.486842 0.690000
v 0.402785 0.501908 0.680000
v 0.469494 0.520263 0.670000
v 0.536203 0.538618 0.660000
v 0.602911 0.556974 0.650000
v 0.615696 0.577303 0.640000
v 0.626684 0.597697 0.630000
v 0.637671 0.618092 0.620000
v 0.625949 0.642648 0.610000
v 0.606329 0.668651 0.600000
v 0.586709 0.694655 0.590000
v 0.545215 0.704079 0.580000
v 0.483215 0.697960 0.570000
v 0.421215 0.691842 0.560000
v 0.373570 0.691201 0.550000
v 0.361013 0.703947 0.540000
v 0.348456 0.716694 0.530000
v 0.335443 0.729868 0.520000
v 0.315823 0.749243 0.510000
v 0.296203 0.768618 0.500000
v 0.276582 0.787993 0.490000
v 0.311595 0.806941 0.480000
v 0.357114 0.825806 0.470000
v 0.402633 0.844671 0.460000
v 0.507797 0.849786 0.450000
v 0.650633 0.846217 0.440000
v 0.793468 0.842648 0.430000
v 0.841823 0.851513 0.420000
v 0.740583 0.880066 0.410000
v 0.639342 0.908618 0.400000
v 0.555063 0.934457 0.390000
v 0.558987 0.946184 0.380000
v 0.562911 0.957911 0.370000
v 0.566835 0.969638 0.360000
v 0.560481 0.978980 0.350000
v 0.553418 0.988158 0.340000
v 0.546354 0.997336 0.330000
v 0.518683 0.997829 0.320000
v 0.482582 0.994770 0.310000
v 0.446481 0.991710 0.300000
v 0.412658 0.982977 0.290000
v 0.381266 0.968191 0.280000
v 0.349874 0.953405 0.270000
v 0.324152 0.936645 0.260000
v 0.314734 0.914211 0.250000
v 0.305316 0.891776 0.240000
v 0.293241 0.867780 0.230000
v 0.201418 0.796908 0.220000
v 0.109595 0.726036 0.210000
v 0.017772 0.655164 0.200000
v 0.194937 0.636924 0.190000
v 0.436658 0.631316 0.180000
v 0.678379 0.625707 0.170000
v 0.819392 0.599671 0.160000
v 0.887671 0.558882 0.150000
v 0.955949 0.518092 0.140000
v 0.957949 0.480378 0.130000
v 0.839443 0.448257 0.120000
v 0.720937 0.416135 0.110000
v 0.602937 0.383750 0.100000
v 0.488355 0.349589 0.090000
v 0.373773 0.315428 0.080000
v 0.259190 0.281266 0.070000
v 0.265114 0.251250 0.060000
v 0.283949 0.221678 0.050000
v 0.302785 0.192105 0.040000
v 0.363620 0.166678 0.030000
v 0.444455 0.143224 0.020000
v 0.525291 0.119770 0.010000
v 0.579899 0.098849 0.000000
v 0.602658 0.081003 -0.010000
v 0.625418 0.063158 -0.020000
v 0.660050 0.048651 -0.030000
v 0.735392 0.045592 -0.040000
v 0.810734 0.042533 -0.050000
v 0.886076 0.039474 -0.060000
v 0.526582 0.000000 0.920000
v 0.448886 0.031102 0.910000
v 0.371190 0.062204 0.900000
v 0.293494 0.093306 0.890000
v 0.336101 0.118882 0.880000
v 0.413798 0.142845 0.870000
v 0.491494 0.166809 0.860000
v 0.543797 0.184901 0.850000
v 0.575190 0.198158 0.840000
v 0.606582 0.211414 0.830000
v 0.647595 0.229934 0.820000
v 0.708810 0.259507 0.810000
v 0.770025 0.289079 0.800000
v 0.816430 0.316826 0.790000
v 0.724608 0.327533 0.780000
v 0.632785 0.338240 0.770000
v 0.540962 0.348947 0.760000
v 0.483316 0.362763 0.750000
v 0.430734 0.377039 0.740000
v 0.378152 0.391316 0.730000
v 0.351392 0.407566 0.720000
v 0.338835 0.424901 0.710000
v 0.326278 0.442237 0.700000
v 0.328203 0.458289 0.690000
v 0.350177 0.472566 0.680000
v 0.372152 0.486842 0.670000
v 0.402785 0.501908 0.660000
v 0.469494 0.520263 0.650000
v 0.536203 0.538618 0.640000
v 0.602911 0.556974 0.630000
v 0.615696 0.577303 0.620000
v 0.626684 0.597697 0.610000
v 0.637671 0.618092 0.600000
v 0.625949 0.642648 0.590000
v 0.606329 0.668651 0.580000
v 0.586709 0.694655 0.570000
v 0.545215 0.704079 0.560000
v 0.483215 0.697960 0.550000
v 0.421215 0.691842 0.540000
v 0.373570 0.691201 0.530000
v 0.361013 0.703947 0.520000
v 0.348456 0.716694 0.510000
v 0.335443 0.729868 0.500000
v 0.315823 0.749243 0.490000
v 0.296203 0.768618 0.480000
v 0.276582 0.787993 0.470000
v 0.311595 0.806941 0.460000
v 0.357114 0.825806 0.450000
v 0.402633 0.844671 0.440000
v 0.507797 0.849786 0.430000
v 0.650633 0.846217 0.420000
v 0.793468 0.842648 0.410000
v 0.841823 0.851513 0.400000
v 0.740583 0.880066 0.390000
v 0.639342 0.908618 0.380000
v 0.555063 0.934457 0.370000
v 0.558987 0.946184 0.360000
v 0.562911 0.957911 0.350000
v 0.566835 0.969638 0.340000
v 0.560481 0.978980 0.330000
v 0.553418 0.988158 0.320000
v 0.546354 0.997336 0.310000
v 0.518683 0.997829 0.300000
v 0.482582 0.994770 0.290000
v 0.446481 0.991710 0.280000
v 0.412658 0.982977 0.270000
v 0.381266 0.968191 0.260000
v 0.349874 0.953405 0.250000
v 0.324152 0.936645 0.240000
v 0.314734 0.914211 0.230000
v 0.305316 0.891776 0.220000
v 0.293241 0.867780 0.210000
v 0.201418 0.796908 0.200000
v 0.109595 0.726036 0.190000
v 0.017772 0.655164 0.180000
v 0.194937 0.636924 0.170000
v 0.436658 0.631316 0.160000
v 0.678379 0.625707 0.150000
v 0.819392 0.599671 0.140000
v 0.887671 0.558882 0.130000
v 0.955949 0.518092 0.120000
v 0.957949 0.480378 0.110000
v 0.839443 0.448257 0.100000
v 0.720937 0.416135 0.090000
v 0.602937 0.383750 0.080000
v 0.488355 0.349589 0.070000
v 0.373773 0.315428 0.060000
v 0.259190 0.281266 0.050000
v 0.265114 0.251250 0.040000
v 0.283949 0.221678 0.030000
v 0.302785 0.192105 0.020000
v 0.363620 0.166678 0.010000
v 0.444455 0.143224 0.000000
v 0.525291 0.119770 -0.010000
v 0.579899 0.098849 -0.020000
v 0.602658 0.081003 -0.030000
v 0.625418 0.063158 -0.040000
v 0.660050 0.048651 -0.050000
v 0.735392 0.045592 -0.060000
v 0.810734 0.042533 -0.070000
v 0.886076 0.039474 -0.080000
v 0.526582 0.000000 0.900000
v 0.448886 0.031102 0.890000
v 0.371190 0.062204 0.880000
v 0.293494 0.093306 0.870000
v 0.336101 0.118882 0.860000
v 0.413798 0.142845 0.850000
v 0.491494 0.166809 0.840000
v 0.543797 0.184901 0.830000
v 0.575190 0.198158 0.820000
v 0.606582 0.211414 0.810000
v 0.647595 0.229934 0.800000
v 0.708810 0.259507 0.790000
v 0.770025 0.289079 0.780000
v 0.816430 0.316826 0.770000
v 0.724608 0.327533 0.760000
v 0.632785 0.338240 0.750000
v 0.540962 0.348947 0.740000
v 0.483316 0.362763 0.730000
v 0.430734 0.377039 0.720000
v 0.378152 0.391316 0.710000
v 0.351392 0.407566 0.700000
v 0.338835 0.424901 0.690000
v 0.326278 0.442237 0.680000
v 0.328203 0.458289 0.670000
v 0.350177 0.472566 0.660000
v 0.372152 0.486842 0.650000
v 0.402785 0.501908 0.640000
v 0.469494 0.520263 0.630000
v 0.536203 0.538618 0.620000
v 0.602911 0.556974 0.610000
v 0.615696 0.577303 0.600000
v 0.626684 0.597697 0.590000
v 0.637671 0.618092 0.580000
v 0.625949 0.642648 0.570000
v 0.606329 0.668651 0.560000
v 0.586709 0.694655 0.550000
v 0.545215 0.704079 0.540000
v 0.483215 0.697960 0.530000
v 0.421215 0.691842 0.520000
v 0.373570 0.691201 0.510000
v 0.361013 0.703947 0.500000
v 0.348456 0.716694 0.490000
v 0.335443 0.729868 0.480000
v 0.315823 0.749243 0.470000
v 0.296203 0.768618 0.460000
v 0.276582 0.787993 0.450000
v 0.311595 0.806941 0.440000
v 0.357114 0.825806 0.430000
v 0.402633 0.844671 0.420000
v 0.507797 0.849786 0.410000
v 0.650633 0.846217 0.400000
v 0.793468 0.842648 0.390000
v 0.841823 0.851513 0.380000
v 0.740583 0.880066 0.370000
v 0.639342 0.908618 0.360000
v 0.555063 0.934457 0.350000
v 0.558987 0.946184 0.340000
v 0.562911 0.957911 0.330000
v 0.566835 0.969638 0.320000
v 0.560481 0.978980 0.310000
v 0.553418 0.988158 0.300000
v 0.546354 0.997336 0.290000
v 0.518683 0.997829 0.280000
v 0.482582 0.994770 0.270000
v 0.446481 0.991710 0.260000
v 0.412658 0.982977 0.250000
v 0.381266 0.968191 0.240000
v 0.349874 0.953405 0.230000
v 0.324152 0.936645 0.220000
v 0.314734 0.914211 0.210000
v 0.305316 0.891776 0.200000
v 0.293241 0.867780 0.190000
v 0.201418 0.796908 0.180000
v 0.109595 0.726036 0.170000
v 0.017772 0.655164 0.160000
v 0.194937 0.636924 0.150000
v 0.436658 0.631316 0.140000
v 0.678379 0.625707 0.130000
v 0.819392 0.599671 0.120000
v 0.887671 0.558882 0.110000
v 0.955949 0.518092 0.100000
v 0.957949 0.480378 0.090000
v 0.839443 0.448257 0.080000
v 0.720937 0.416135 0.070000
v 0.602937 0.383750 0.060000
v 0.488355 0.349589 0.050000
v 0.373773 0.315428 0.040000
v 0.259190 0.281266 0.030000
v 0.265114 0.251250 0.020000
v 0.283949 0.221678 0.010000
v 0.302785 0.192105 0.000000
v 0.363620 0.166678 -0.010000
v 0.444455 0.143224 -0.020000
v 0.525291 0.119770 -0.030000
v 0.579899 0.098849 -0.040000
v 0.602658 0.081003 -0.050000
v 0.625418 0.063158 -0.060000
v 0.660050 0.048651 -0.070000
v 0.735392 0.045592 -0.080000
v 0.810734 0.042533 -0.090000
v 0.886076 0.039474 -0.100000
v 0.526582 0.000000 0.880000
v 0.448886 0.031102 0.870000
v 0.371190 0.062204 0.860000
v 0.293494 0.093306 0.850000
v 0.336101 0.118882 0.840000
v 0.413798 0.142845 0.830000
v 0.491494 0.166809 0.820000
v 0.543797 0.184901 0.810000
v 0.575190 0.198158 0.800000
v 0.606582 0.211414 0.790000
v 0.647595 0.229934 0.780000
v 0.708810 0.259507 0.770000
v 0.770025 0.289079 0.760000
v 0.816430 0.316826 0.750000
v 0.724608 0.327533 0.740000
v 0.632785 0.338240 0.730000
v 0.540962 0.348947 0.720000
v 0.483316 0.362763 0.710000
v 0.430734 0.377039 0.700000
v 0.378152 0.391316 0.690000
v 0.351392 0.407566 0.680000
v 0.338835 0.424901 0.670000
v 0.326278 0.442237 0.660000
v 0.328203 0.458289 0.650000
v 0.350177 0.472566 0.640000
v 0.372152 0.486842 0.630000
v 0.402785 0.501908 0.620000
v 0.469494 0.520263 0.610000
v 0.536203 0.538618 0.600000
v 0.602911 0.556974 0.590000
v 0.615696 0.577303 0.580000
v 0.626684 0.597697 0.570000
v 0.637671 0.618092 0.560000
v 0.625949 0.642648 0.550000
v 0.606329 0.668651 0.540000
v 0.586709 0.694655 0.530000
v 0.545215 0.704079 0.520000
v 0.483215 0.697960 0.510000
v 0.421215 0.691842 0.500000
v 0.373570 0.691201 0.490000
v 0.361013 0.703947 0.480000
v 0.348456 0.716694 0.470000
v 0.335443 0.729868 0.460000
v 0.315823 0.749243 0.450000
v 0.296203 0.768618 0.440000
v 0.276582 0.787993 0.430000
v 0.311595 0.806941 0.420000
v 0.357114 0.825806 0.410000
v 0.402633 0.844671 0.400000
v 0.507797 0.849786 0.390000
v 0.650633 0.846217 0.380000
v 0.793468 0.842648 0.370000
v 0.841823 0.851513 0.360000
v 0.740583 0.880066 0.350000
v 0.639342 0.908618 0.340000
v 0.555063 0.934457 0.330000
v 0.558987 0.946184 0.320000
v 0.562911 0.957911 0.310000
v 0.566835 0.969638 0.300000
v 0.560481 0.978980 0.290000
v 0.553418 0.988158 0.280000
v 0.546354 0.997336 0.270000
v 0.518683 0.997829 0.260000
v 0.482582 0.994770 0.250000
v 0.446481 0.991710 0.240000
v 0.412658 0.982977 0.230000
v 0.381266 0.968191 0.220000
v 0.349874 0.953405 0.210000
v 0.324152 0.936645 0.200000
v 0.314734 0.914211 0.190000
v 0.305316 0.891776 0.180000
v 0.293241 0.867780 0.170000
v 0.201418 0.796908 0.160000
v 0.109595 0.726036 0.150000
v 0.017772 0.655164 0.140000
v 0.194937 0.636924 0.130000
v 0.436658 0.631316 0.120000
v 0.678379 0.625707 0.110000
v 0.819392 0.599671 0.100000
v 0.887671 0.558882 0.090000
v 0.955949 0.518092 0.080000
v 0.957949 0.480378 0.070000
v 0.839443 0.448257 0.060000
v 0.720937 0.416135 0.050000
v 0.602937 0.383750 0.040000
v 0.488355 0.349589 0.030000
v 0.373773 0.315428 0.020000
v 0.259190 0.281266 0.010000
v 0.265114 0.251250 0.000000
v 0.283949 0.221678 -0.010000
v 0.302785 0.192105 -0.020000
v 0.363620 0.166678 -0.030000
v 0.444455 0.143224 -0.040000
v 0.525291 0.119770 -0.050000
v 0.579899 0.098849 -0.060000
v 0.602658 0.081003 -0.070000
v 0.625418 0.063158 -0.080000
v 0.660050 0.048651 -0.090000
v 0.735392 0.045592 -0.100000
v 0.810734 0.042533 -0.110000
v 0.886076 0.039474 -0.120000
v 0.526582 0.000000 0.860000
v 0.448886 0.031102 0.850000
v 0.371190 0.062204 0.840000
v 0.293494 0.093306 0.830000
v 0.336101 0.118882 0.820000
v 0.413798 0.142845 0.810000
v 0.491494 0.166809 0.800000
v 0.543797 0.184901 0.790000
v 0.575190 0.198158 0.780000
v 0.606582 0.211414 0.770000
v 0.647595 0.229934 0.760000
v 0.708810 0.259507 0.750000
v 0.770025 0.289079 0.740000
v 0.816430 0.316826 0.730000
v 0.724608 0.327533 0.720000
v 0.632785 0.338240 0.710000
v 0.540962 0.348947 0.700000
v 0.483316 0.362763 0.690000
v 0.430734 0.377039 0.680000
v 0.378152 0.391316 0.670000
v 0.351392 0.407566 0.660000
v 0.338835 0.424901 0.650000
v 0.326278 0.442237 0.640000
v 0.328203 0.458289 0.630000
v 0.350177 0.472566 0.620000
v 0.372152 0.486842 0.610000
v 0.402785 0.501908 0.600000
v 0.469494 0.520263 0.590000
v 0.536203 0.538618 0.580000
v 0.602911 0.556974 0.570000
v 0.615696 0.577303 0.560000
v 0.626684 0.597697 0.550000
v 0.637671 0.618092 0.540000
v 0.625949 0.642648 0.530000
v 0.606329 0.668651 0.520000
v 0.586709 0.694655 0.510000
v 0.545215 0.704079 0.500000
v 0.483215 0.697960 0.490000
v 0.421215 0.691842 0.480000
v 0.373570 0.691201 0.470000
v 0.361013 0.703947 0.460000
v 0.348456 0.716694 0.450000
v 0.335443 0.729868 0.440000
v 0.315823 0.749243 0.430000
v 0.296203 0.768618 0.420000
v 0.276582 0.787993 0.410000
v 0.311595 0.806941 0.400000
v 0.357114 0.825806 0.390000
v 0.402633 0.844671 0.380000
v 0.507797 0.849786 0.370000
v 0.650633 0.846217 0.360000
v 0.793468 0.842648 0.350000
v 0.841823 0.851513 0.340000
v 0.740583 0.880066 0.330000
v 0.639342 0.908618 0.320000
v 0.555063 0.934457 0.310000
v 0.558987 0.946184 0.300000
v 0.562911 0.957911 0.290000
v 0.566835 0.969638 0.280000
v 0.560481 0.978980 0.270000
v 0.553418 0.988158 0.260000
v 0.546354 0.997336 0.250000
v 0.518683 0.997829 0.240000
v 0.482582 0.994770 0.230000
v 0.446481 0.991710 0.220000
v 0.412658 0.982977 0.210000
v 0.381266 0.968191 0.200000
v 0.349874 0.953405 0.190000
v 0.324152 0.936645 0.180000
v 0.314734 0.914211 0.170000
v 0.305316 0.891776 0.160000
v 0.293241 0.867780 0.150000
v 0.201418 0.796908 0.140000
v 0.109595 0.726036 0.130000
v 0.017772 0.655164 0.120000
v 0.194937 0.636924 0.110000
v 0.436658 0.631316 0.100000
v 0.678379 0.625707 0.090000
v 0.819392 0.599671 0.080000
v 0.887671 0.558882 0.070000
v 0.955949 0.518092 0.060000
v 0.957949 0.480378 0.050000
v 0.839443 0.448257 0.040000
v 0.720937 0.416135 0.030000
v 0.602937 0.383750 0.020000
v 0.488355 0.349589 0.010000
v 0.373773 0.315428 0.000000
v 0.259190 0.281266 -0.010000
v 0.265114 0.251250 -0.020000
v 0.283949 0.221678 -0.030000
v 0.302785 0.192105 -0.040000
v 0.363620 0.166678 -0.050000
v 0.444455 0.143224 -0.060000
v 0.525291 0.119770 -0.070000
v 0.579899 0.098849 -0.080000
v 0.602658 0.081003 -0.090000
v 0.625418 0.063158 -0.100000
v 0.660050 0.048651 -0.110000
v 0.735392 0.045592 -0.120000
v 0.810734 0.042533 -0.130000
v 0.886076 0.039474 -0.140000
v 0.526582 0.000000 0.840000
v 0.448886 0.031102 0.830000
v 0.371190 0.062204 0.820000
v 0.293494 0.093306 0.810000
v 0.336101 0.118882 0.800000
v 0.413798 0.142845 0.790000
v 0.491494 0.166809 0.780000
v 0.543797 0.184901 0.770000
v 0.575190 0.198158 0.760000
v 0.606582 0.211414 0.750000
v 0.647595 0.229934 0.740000
v 0.708810 0.259507 0.730000
v 0.770025 0.289079 0.720000
v 0.816430 0.316826 0.710000
v 0.724608 0.327533 0.700000
v 0.632785 0.338240 0.690000
v 0.540962 0.348947 0.680000
v 0.483316 0.362763 0.670000
v 0.430734 0.377039 0.660000
v 0.378152 0.391316 0.650000
v 0.351392 0.407566 0.640000
v 0.338835 0.424901 0.630000
v 0.326278 0.442237 0.620000
v 0.328203 0.458289 0.610000
v 0.350177 0.472566 0.600000
v 0.372152 0.486842 0.590000
v 0.402785 0.501908 0.580000
v 0.469494 0.520263 0.570000
v 0.536203 0.538618 0.560000
v 0.602911 0.556974 0.550000
v 0.615696 0.577303 0.540000
v 0.626684 0.597697 0.530000
v 0.637671 0.618092 0.520000
v 0.625949 0.642648 0.510000
v 0.606329 0.668651 0.500000
v 0.586709 0.694655 0.490000
v 0.545215 0.704079 0.480000
v 0.483215 0.697960 0.470000
v 0.421215 0.691842 0.460000
v 0.373570 0.691201 0.450000
v 0.361013 0.703947 0.440000
v 0.348456 0.716694 0.430000
v 0.335443 0.729868 0.420000
v 0.315823 0.749243 0.410000
v 0.296203 0.768618 0.400000
v 0.276582 0.787993 0.390000
v 0.311595 0.806941 0.380000
v 0.357114 0.825806 0.370000
v 0.402633 0.844671 0.360000
v 0.507797 0.849786 0.350000
v 0.650633 0.846217 0.340000
v 0.793468 0.842648 0.330000
v 0.841823 0.851513 0.320000
v 0.740583 0.880066 0.310000
v 0.639342 0.908618 0.300000
v 0.555063 0.934457 0.290000
v 0.558987 0.946184 0.280000
v 0.562911 0.957911 0.270000
v 0.566835 0.969638 0.260000
v 0.560481 0.978980 0.250000
v 0.553418 0.988158 0.240000
v 0.546354 0.997336 0.230000
v 0.518683 0.997829 0.220000
v 0.482582 0.994770 0.210000
v 0.446481 0.991710 0.200000
v 0.412658 0.982977 0.190000
v 0.381266 0.968191 0.180000
v 0.349874 0.953405 0.170000
v 0.324152 0.936645 0.160000
v 0.314734 0.914211 0.150000
v 0.305316 0.891776 0.140000
v 0.293241 0.867780 0.130000
v 0.201418 0.796908 0.120000
v 0.109595 0.726036 0.110000
v 0.017772 0.655164 0.100000
v 0.194937 0.636924 0.090000
v 0.436658 0.631316 0.080000
v 0.678379 0.625707 0.070000
v 0.819392 0.599671 0.060000
v 0.887671 0.558882 0.050000
v 0.955949 0.518092 0.040000
v 0.957949 0.480378 0.030000
v 0.839443 0.448257 0.020000
v 0.720937 0.416135 0.010000
v 0.602937 0.383750 0.000000
v 0.488355 0.349589 -0.010000
v 0.373773 0.315428 -0.020000
v 0.259190 0.281266 -0.030000
v 0.265114 0.251250 -0.040000
v 0.283949 0.221678 -0.050000
v 0.302785 0.192105 -0.060000
v 0.363620 0.166678 -0.070000
v 0.444455 0.143224 -0.080000
v 0.525291 0.119770 -0.090000
v 0.579899 0.098849 -0.100000
v 0.602658 0.081003 -0.110000
v 0.625418 0.063158 -0.120000
v 0.660050 0.048651 -0.130000
v 0.735392 0.045592 -0.140000
v 0.810734 0.042533 -0.150000
v 0.886076 0.039474 -0.160000
v 0.526582 0.000000 0.820000
v 0.448886 0.031102 0.810000
v 0.371190 0.062204 0.800000
v 0.293494 0.093306 0.790000
v 0.336101 0.118882 0.780000
v 0.413798 0.142845 0.770000
v 0.491494 0.166809 0.760000
v 0.543797 0.184901 0.750000
v 0.575190 0.198158 0.740000
v 0.606582 0.211414 0.730000
v 0.647595 0.229934 0.720000
v 0.708810 0.259507 0.710000
v 0.770025 0.289079 0.700000
v 0.816430 0.316826 0.690000
v 0.724608 0.327533 0.680000
v 0.632785 0.338240 0.670000
v 0.540962 0.348947 0.660000
v 0.483316 0.362763 0.650000
v 0.430734 0.377039 0.640000
v 0.378152 0.391316 0.630000
v 0.351392 0.407566 0.620000
v 0.338835 0.424901 0.610000
v 0.326278 0.442237 0.600000
v 0.328203 0.458289 0.590000
v 0.350177 0.472566 0.580000
v 0.372152 0.486842 0.570000
v 0.402785 0.501908 0.560000
v 0.469494 0.520263 0.550000
v 0.536203 0.538618 0.540000
v 0.602911 0.556974 0.530000
v 0.615696 0.577303 0.520000
v 0.626684 0.597697 0.510000
v 0.637671 0.618092 0.500000
v 0.625949 0.642648 0.490000
v 0.606329 0.668651 0.480000
v 0.586709 0.694655 0.470000
v 0.545215 0.704079 0.460000
v 0.483215 0.697960 0.450000
v 0.421215 0.691842 0.440000
v 0.373570 0.691201 0.430000
v 0.361013 0.703947 0.420000
v 0.348456 0.716694 0.410000
v 0.335443 0.729868 0.400000
v 0.315823 0.749243 0.390000
v 0.296203 0.768618 0.380000
v 0.276582 0.787993 0.370000
v 0.311595 0.806941 0.360000
v 0.357114 0.825806 0.350000
v 0.402633 0.844671 0.340000
v 0.507797 0.849786 0.330000
v 0.650633 0.846217 0.320000
v 0.793468 0.842648 0.310000
v 0.841823 0.851513 0.300000
v 0.740583 0.880066 0.290000
v 0.639342 0.908618 0.280000
v 0.555063 0.934457 0.270000
v 0.558987 0.946184 0.260000
v 0.562911 0.957911 0.250000
v 0.566835 0.969638 0.240000
v 0.560481 0.978980 0.230000
v 0.553418 0.988158 0.220000
v 0.546354 0.997336 0.210000
v 0.518683 0.997829 0.200000
v 0.482582 0.994770 0.190000
v 0.446481 0.991710 0.180000
v 0.412658 0.982977 0.170000
v 0.381266 0.968191 0.160000
v 0.349874 0.953405 0.150000
v 0.324152 0.936645 0.140000
v 0.314734 0.914211 0.130000
v 0.305316 0.891776 0.120000
v 0.293241 0.867780 0.110000
v 0.201418 0.796908 0.100000
v 0.109595 0.726036 0.090000
v 0.017772 0.655164 0.080000
v 0.194937 0.636924 0.070000
v 0.436658 0.631316 0.060000
v 0.678379 0.625707 0.050000
v 0.819392 0.599671 0.040000
v 0.887671 0.558882 0.030000
v 0.955949 0.518092 0.020000
v 0.957949 0.480378 0.010000
v 0.839443 0.448257 0.000000
v 0.720937 0.416135 -0.010000
v 0.602937 0.383750 -0.020000
v 0.488355 0.349589 -0.030000
v 0.373773 0.315428 -0.040000
v 0.259190 0.281266 -0.050000
v 0.265114 0.251250 -0.060000
v 0.283949 0.221678 -0.070000
v 0.302785 0.192105 -0.080000
v 0.363620 0.166678 -0.090000
v 0.444455 0.143224 -0.100000
v 0.525291 0.119770 -0.110000
v 0.579899 0.098849 -0.120000
v 0.602658 0.081003 -0.130000
v 0.625418 0.063158 -0.140000
v 0.660050 0.048651 -0.150000
v 0.735392 0.045592 -0.160000
v 0.810734 0.042533 -0.170000
v 0.886076 0.039474 -0.180000
v 0.526582 0.000000 0.800000
v 0.448886 0.031102 0.790000
v 0.371190 0.062204 0.780000
v 0.293494 0.093306 0.770000
v 0.336101 0.118882 0.760000
v 0.413798 0.142845 0.750000
v 0.491494 0.166809 0.740000
v 0.543797 0.184901 0.730000
v 0.575190 0.198158 0.720000
v 0.606582 0.211414 0.710000
v 0.647595 0.229934 0.700000
v 0.708810 0.259507 0.690000
v 0.770025 0.289079 0.680000
v 0.816430 0.316826 0.670000
v 0.724608 0.327533 0.660000
v 0.632785 0.338240 0.650000
v 0.540962 0.348947 0.640000
v 0.483316 0.362763 0.630000
v 0.430734 0.377039 0.620000
v 0.378152 0.391316 0.610000
v 0.351392 0.407566 0.600000
v 0.338835 0.424901 0.590000
v 0.326278 0.442237 0.580000
v 0.328203 0.458289 0.570000
v 0.350177 0.472566 0.560000
v 0.372152 0.486842 0.550000
v 0.402785 0.501908 0.540000
v 0.469494 0.520263 0.530000
v 0.536203 0.538618 0.520000
v 0.602911 0.556974 0.510000
v 0.615696 0.577303 0.500000
v 0.626684 0.597697 0.490000
v 0.637671 0.618092 0.480000
v 0.625949 0.642648 0.470000
v 0.606329 0.668651 0.460000
v 0.586709 0.694655 0.450000
v 0.545215 0.704079 0.440000
v 0.483215 0.697960 0.430000
v 0.421215 0.691842 0.420000
v 0.373570 0.691201 0.410000
v 0.361013 0.703947 0.400000
v 0.348456 0.716694 0.390000
v 0.335443 0.729868 0.380000
v 0.315823 0.749243 0.370000
v 0.296203 0.768618 0.360000
v 0.276582 0.787993 0.350000
v 0.311595 0.806941 0.340000
v 0.357114 0.825806 0.330000
v 0.402633 0.844671 0.320000
v 0.507797 0.849786 0.310000
v 0.650633 0.846217 0.300000
v 0.793468 0.842648 0.290000
v 0.841823 0.851513 0.280000
v 0.740583 0.880066 0.270000
v 0.639342 0.908618 0.260000
v 0.555063 0.934457 0.250000
v 0.558987 0.946184 0.240000
v 0.562911 0.957911 0.230000
v 0.566835 0.969638 0.220000
v 0.560481 0.978980 0.210000
v 0.553418 0.988158 0.200000
v 0.546354 0.997336 0.190000
v 0.518683 0.997829 0.180000
v 0.482582 0.994770 0.170000
v 0.446481 0.991710 0.160000
v 0.412658 0.982977 0.150000
v 0.381266 0.968191 0.140000
v 0.349874 0.953405 0.130000
v 0.324152 0.936645 0.120000
v 0.314734 0.914211 0.110000
v 0.305316 0.891776 0.100000
v 0.293241 0.867780 0.090000
v 0.201418 0.796908 0.080000
v 0.109595 0.726036 0.070000
v 0.017772 0.655164 0.060000
v 0.194937 0.636924 0.050000
v 0.436658 0.631316 0.040000
v 0.678379 0.625707 0.030000
v 0.819392 0.599671 0.020000
v 0.887671 0.558882 0.010000
v 0.955949 0.518092 0.000000
v 0.957949 0.480378 -0.010000
v 0.839443 0.448257 -0.020000
v 0.720937 0.416135 -0.030000
v 0.602937 0.383750 -0.040000
v 0.488355 0.349589 -0.050000
v 0.373773 0.315428 -0.060000
v 0.259190 0.281266 -0.070000
v 0.265114 0.251250 -0.080000
v 0.283949 0.221678 -0.090000
v 0.302785 0.192105 -0.100000
v 0.363620 0.166678 -0.110000
v 0.444455 0.143224 -0.120000
v 0.525291 0.119770 -0.130000
v 0.579899 0.098849 -0.140000
v 0.602658 0.081003 -0.150000
v 0.625418 0.063158 -0.160000
v 0.660050 0.048651 -0.170000
v 0.735392 0.045592 -0.180000
v 0.810734 0.042533 -0.190000
v 0.886076 0.039474 -0.200000
v 0.526582 0.000000 0.780000
v 0.448886 0.031102 0.770000
v 0.371190 0.062204 0.760000
v 0.293494 0.093306 0.750000
v 0.336101 0.118882 0.740000
v 0.413798 0.142845 0.730000
v 0.491494 0.166809 0.720000
v 0.543797 0.184901 0.710000
v 0.575190 0.198158 0.700000
v 0.606582 0.211414 0.690000
v 0.647595 0.229934 0.680000
v 0.708810 0.259507 0.670000
v 0.770025 0.289079 0.660000
v 0.816430 0.316826 0.650000
v 0.724608 0.327533 0.640000
v 0.632785 0.338240 0.630000
v 0.540962 0.348947 0.620000
v 0.483316 0.362763 0.610000
v 0.430734 0.377039 0.600000
v 0.378152 0.391316 0.590000
v 0.351392 0.407566 0.580000
v 0.338835 0.424901 0.570000
v 0.326278 0.442237 0.560000
v 0.328203 0.458289 0.550000
v 0.350177 0.472566 0.540000
v 0.372152 0.486842 0.530000
v 0.402785 0.501908 0.520000
v 0.469494 0.520263 0.510000
v 0.536203 0.538618 0.500000
v 0.602911 0.556974 0.490000
v 0.615696 0.577303 0.480000
v 0.626684 0.597697 0.470000
v 0.637671 0.618092 0.460000
v 0.625949 0.642648 0.450000
v 0.606329 0.668651 0.440000
v 0.586709 0.694655 0.430000
v 0.545215 0.704079 0.420000
v 0.483215 0.697960 0.410000
v 0.421215 0.691842 0.400000
v 0.373570 0.691201 0.390000
v 0.361013 0.703947 0.380000
v 0.348456 0.716694 0.370000
v 0.335443 0.729868 0.360000
v 0.315823 0.749243 0.350000
v 0.296203 0.768618 0.340000
v 0.276582 0.787993 0.330000
v 0.311595 0.806941 0.320000
v 0.357114 0.825806 0.310000
v 0.402633 0.844671 0.300000
v 0.507797 0.849786 0.290000
v 0.650633 0.846217 0.280000
v 0.793468 0.842648 0.270000
v 0.841823 0.851513 0.260000
v 0.740583 0.880066 0.250000
v 0.639342 0.908618 0.240000
v 0.555063 0.934457 0.230000
v 0.558987 0.946184 0.220000
v 0.562911 0.957911 0.210000
v 0.566835 0.969638 0.200000
v 0.560481 0.978980 0.190000
v 0.553418 0.988158 0.180000
v 0.546354 0.997336 0.170000
v 0.518683 0.997829 0.160000
v 0.482582 0.994770 0.150000
v 0.446481 0.991710 0.140000
v 0.412658 0.982977 0.130000
v 0.381266 0.968191 0.120000
v 0.349874 0.953405 0.110000
v 0.324152 0.936645 0.100000
v 0.314734 0.914211 0.090000
v 0.305316 0.891776 0.080000
v 0.293241 0.867780 0.070000
v 0.201418 0.796908 0.060000
v 0.109595 0.726036 0.050000
v 0.017772 0.655164 0.040000
v 0.194937 0.636924 0.030000
v 0.436658 0.631316 0.020000
v 0.678379 0.625707 0.010000
v 0.819392 0.599671 0.000000
v 0.887671 0.558882 -0.010000
v 0.955949 0.518092 -0.020000
v 0.957949 0.480378 -0.030000
v 0.839443 0.448257 -0.040000
v 0.720937 0.416135 -0.050000
v 0.602937 0.383750 -0.060000
v 0.488355 0.349589 -0.070000
v 0.373773 0.315428 -0.080000
v 0.259190 0.281266 -0.090000
v 0.265114 0.251250 -0.100000
v 0.283949 0.221678 -0.110000
v 0.302785 0.192105 -0.120000
v 0.363620 0.166678 -0.130000
v 0.444455 0.143224 -0.140000
v 0.525291 0.119770 -0.150000
v 0.579899 0.098849 -0.160000
v 0.602658 0.081003 -0.170000
v 0.625418 0.063158 -0.180000
v 0.660050 0.048651 -0.190000
v 0.735392 0.045592 -0.200000
v 0.810734 0.042533 -0.210000
v 0.886076 0.039474 -0.220000
v 0.526582 0.000000 0.760000
v 0.448886 0.031102 0.750000
v 0.371190 0.062204 0.740000
v 0.293494 0.093306 0.730000
v 0.336101 0.118882 0.720000
v 0.413798 0.142845 0.710000
v 0.491494 0.166809 0.700000
v 0.543797 0.184901 0.690000
v 0.575190 0.198158 0.680000
v 0.606582 0.211414 0.670000
v 0.647595 0.229934 0.660000
v 0.708810 0.259507 0.650000
v 0.770025 0.289079 0.640000
v 0.816430 0.316826 0.630000
v 0.724608 0.327533 0.620000
v 0.632785 0.338240 0.610000
v 0.540962 0.348947 0.600000
v 0.483316 0.362763 0.590000
v 0.430734 0.377039 0.580000
v 0.378152 0.391316 0.570000
v 0.351392 0.407566 0.560000
v 0.338835 0.424901 0.550000
v 0.326278 0.442237 0.540000
v 0.328203 0.458289 0.530000
v 0.350177 0.472566 0.520000
v 0.372152 0.486842 0.510000
v 0.402785 0.501908 0.500000
v 0.469494 0.520263 0.490000
v 0.536203 0.538618 0.480000
v 0.602911 0.556974 0.470000
v 0.615696 0.577303 0.460000
v 0.626684 0.597697 0.450000
v 0.637671 0.618092 0.440000
v 0.625949 0.642648 0.430000
v 0.606329 0.668651 0.420000
v 0.586709 0.694655 0.410000
v 0.545215 0.704079 0.400000
v 0.483215 0.697960 0.390000
v 0.421215 0.691842 0.380000
v 0.373570 0.691201 0.370000
v 0.361013 0.703947 0.360000
v 0.348456 0.716694 0.350000
v 0.335443 0.729868 0.340000
v 0.315823 0.749243 0.330000
v 0.296203 0.768618 0.320000
v 0.276582 0.787993 0.310000
v 0.311595 0.806941 0.300000
v 0.357114 0.825806 0.290000
v 0.402633 0.844671 0.280000
v 0.507797 0.849786 0.270000
v 0.650633 0.846217 0.260000
v 0.793468 0.842648 0.250000
v 0.841823 0.851513 0.240000
v 0.740583 0.880066 0.230000
v 0.639342 0.908618 0.220000
v 0.555063 0.934457 0.210000
v 0.558987 0.946184 0.200000
v 0.562911 0.957911 0.190000
v 0.566835 0.969638 0.180000
v 0.560481 0.978980 0.170000
v 0.553418 0.988158 0.160000
v 0.546354 0.997336 0.150000
v 0.518683 0.997829 0.140000
v 0.482582 0.994770 0.130000
v 0.446481 0.991710 0.120000
v 0.412658 0.982977 0.110000
v 0.381266 0.968191 0.100000
v 0.349874 0.953405 0.090000
v 0.324152 0.936645 0.080000
v 0.314734 0.914211 0.070000
v 0.305316 0.891776 0.060000
v 0.293241 0.867780 0.050000
v 0.201418 0.796908 0.040000
v 0.109595 0.726036 0.030000
v 0.017772 0.655164 0.020000
v 0.194937 0.636924 0.010000
v 0.436658 0.631316 0.000000
v 0.678379 0.625707 -0.010000
v 0.819392 0.599671 -0.020000
v 0.887671 0.558882 -0.030000
v 0.955949 0.518092 -0.040000
v 0.957949 0.480378 -0.050000
v 0.839443 0.448257 -0.060000
v 0.720937 0.416135 -0.070000
v 0.602937 0.383750 -0.080000
v 0.488355 0.349589 -0.090000
v 0.373773 0.315428 -0.100000
v 0.259190 0.281266 -0.110000
v 0.265114 0.251250 -0.120000
v 0.283949 0.221678 -0.130000
v 0.302785 0.192105 -0.140000
v 0.363620 0.166678 -0.150000
v 0.444455 0.143224 -0.160000
v 0.525291 0.119770 -0.170000
v 0.579899 0.098849 -0.180000
v 0.602658 0.081003 -0.190000
v 0.625418 0.063158 -0.200000
v 0.660050 0.048651 -0.210000
v 0.735392 0.045592 -0.220000
v 0.810734 0.042533 -0.230000
v 0.886076 0.039474 -0.240000
v 0.526582 0.000000 0.740000
v 0.448886 0.031102 0.730000
v 0.371190 0.062204 0.720000
v 0.293494 0.093306 0.710000
v 0.336101 0.118882 0.700000
v 0.413798 0.142845 0.690000
v 0.491494 0.166809 0.680000
v 0.543797 0.184901 0.670000
v 0.575190 0.198158 0.660000
v 0.606582 0.211414 0.650000
v 0.647595 0.229934 0.640000
v 0.708810 0.259507 0.630000
v 0.770025 0.289079 0.620000
v 0.816430 0.316826 0.610000
v 0.724608 0.327533 0.600000
v 0.632785 0.338240 0.590000
v 0.540962 0.348947 0.580000
v 0.483316 0.362763 0.570000
v 0.430734 0.377039 0.560000
v 0.378152 0.391316 0.550000
v 0.351392 0.407566 0.540000
v 0.338835 0.424901 0.530000
v 0.326278 0.442237 0.520000
v 0.328203 0.458289 0.510000
v 0.350177 0.472566 0.500000
v 0.372152 0.486842 0.490000
v 0.402785 0.501908 0.480000
v 0.469494 0.520263 0.470000
v 0.536203 0.538618 0.460000
v 0.602911 0.556974 0.450000
v 0.615696 0.577303 0.440000
v 0.626684 0.597697 0.430000
v 0.637671 0.618092 0.420000
v 0.625949 0.642648 0.410000
v 0.606329 0.668651 0.400000
v 0.586709 0.694655 0.390000
v 0.545215 0.704079 0.380000
v 0.483215 0.697960 0.370000
v 0.421215 0.691842 0.360000
v 0.373570 0.691201 0.350000
v 0.361013 0.703947 0.340000
v 0.348456 0.716694 0.330000
v 0.335443 0.729868 0.320000
v 0.315823 0.749243 0.310000
v 0.296203 0.768618 0.300000
v 0.276582 0.787993 0.290000
v 0.311595 0.806941 0.280000
v 0.357114 0.825806 0.270000
v 0.402633 0.844671 0.260000
v 0.507797 0.849786 0.250000
v 0.650633 0.846217 0.240000
v 0.793468 0.842648 0.230000
v 0.841823 0.851513 0.220000
v 0.740583 0.880066 0.210000
v 0.639342 0.908618 0.200000
v 0.555063 0.934457 0.190000
v 0.558987 0.946184 0.180000
v 0.562911 0.957911 0.170000
v 0.566835 0.969638 0.160000
v 0.560481 0.978980 0.150000
v 0.553418 0.988158 0.140000
v 0.546354 0.997336 0.130000
v 0.518683 0.997829 0.120000
v 0.482582 0.994770 0.110000
v 0.446481 0.991710 0.100000
v 0.412658 0.982977 0.090000
v 0.381266 0.968191 0.080000
v 0.349874 0.953405 0.070000
v 0.324152 0.936645 0.060000
v 0.314734 0.914211 0.050000
v 0.305316 0.891776 0.040000
v 0.293241 0.867780 0.030000
v 0.201418 0.796908 0.020000
v 0.109595 0.726036 0.010000
v 0.017772 0.655164 0.000000
v 0.194937 0.636924 -0.010000
v 0.436658 0.631316 -0.020000
v 0.678379 0.625707 -0.030000
v 0.819392 0.599671 -0.040000
v 0.887671 0.558882 -0.050000
v 0.955949 0.518092 -0.060000
v 0.957949 0.480378 -0.070000
v 0.839443 0.448257 -0.080000
v 0.720937 0.416135 -0.090000
v 0.602937 0.383750 -0.100000
v 0.488355 0.349589 -0.110000
v 0.373773 0.315428 -0.120000
v 0.259190 0.281266 -0.130000
v 0.265114 0.251250 -0.140000
v 0.283949 0.221678 -0.150000
v 0.302785 0.192105 -0.160000
v 0.363620 0.166678 -0.170000
v 0.444455 0.143224 -0.180000
v 0.525291 0.119770 -0.190000
v 0.579899 0.098849 -0.200000
v 0.602658 0.081003 -0.210000
v 0.625418 0.063158 -0.220000
v 0.660050 0.048651 -0.230000
v 0.735392 0.045592 -0.240000
v 0.810734 0.042533 -0.250000
v 0.886076 0.039474 -0.260000
v 0.526582 0.000000 0.720000
v 0.448886 0.031102 0.710000
v 0.371190 0.062204 0.700000
v 0.293494 0.093306 0.690000
v 0.336101 0.118882 0.680000
v 0.413798 0.142845 0.670000
v 0.491494 0.166809 0.660000
v 0.543797 0.184901 0.650000
v 0.575190 0.198158 0.640000
v 0.606582 0.211414 0.630000
v 0.647595 0.229934 0.620000
v 0.708810 0.259507 0.610000
v 0.770025 0.289079 0.600000
v 0.816430 0.316826 0.590000
v 0.724608 0.327533 0.580000
v 0.632785 0.338240 0.570000
v 0.540962 0.348947 0.560000
v 0.483316 0.362763 0.550000
v 0.430734 0.377039 0.540000
v 0.378152 0.391316 0.530000
v 0.351392 0.407566 0.520000
v 0.338835 0.424901 0.510000
v 0.326278 0.442237 0.500000
v 0.328203 0.458289 0.490000
v 0.350177 0.472566 0.480000
v 0.372152 0.486842 0.470000
v 0.402785 0.501908 0.460000
v 0.469494 0.520263 0.450000
v 0.536203 0.538618 0.440000
v 0.602911 0.556974 0.430000
v 0.615696 0.577303 0.420000
v 0.626684 0.597697 0.410000
v 0.637671 0.618092 0.400000
v 0.625949 0.642648 0.390000
v 0.606329 0.668651 0.380000
v 0.586709 0.694655 0.370000
v 0.545215 0.704079 0.360000
v 0.483215 0.697960 0.350000
v 0.421215 0.691842 0.340000
v 0.373570 0.691201 0.330000
v 0.361013 0.703947 0.320000
v 0.348456 0.716694 0.310000
v 0.335443 0.729868 0.300000
v 0.315823 0.749243 0.290000
v 0.296203 0.768618 0.280000
v 0.276582 0.787993 0.270000
v 0.311595 0.806941 0.260000
v 0.357114 0.825806 0.250000
v 0.402633 0.844671 0.240000
v 0.507797 0.849786 0.230000
v 0.650633 0.846217 0.220000
v 0.793468 0.842648 0.210000
v 0.841823 0.851513 0.200000
v 0.740583 0.880066 0.190000
v 0.639342 0.908618 0.180000
v 0.555063 0.934457 0.170000
v 0.558987 0.946184 0.160000
v 0.562911 0.957911 0.150000
v 0.566835 0.969638 0.140000
v 0.560481 0.978980 0.130000
v 0.553418 0.988158 0.120000
v 0.546354 0.997336 0.110000
v 0.518683 0.997829 0.100000
v 0.482582 0.994770 0.090000
v 0.446481 0.991710 0.080000
v 0.412658 0.982977 0.070000
v 0.381266 0.968191 0.060000
v 0.349874 0.953405 0.050000
v 0.324152 0.936645 0.040000
v 0.314734 0.914211 0.030000
v 0.305316 0.891776 0.020000
v 0.293241 0.867780 0.010000
v 0.201418 0.796908 0.000000
v 0.109595 0.726036 -0.010000
v 0.017772 0.655164 -0.020000
v 0.194937 0.636924 -0.030000
v 0.436658 0.631316 -0.040000
v 0.678379 0.625707 -0.050000
v 0.819392 0.599671 -0.060000
v 0.887671 0.558882 -0.070000
v 0.955949 0.518092 -0.080000
v 0.957949 0.480378 -0.090000
v 0.839443 0.448257 -0.100000
v 0.720937 0.416135 -0.110000
v 0.602937 0.383750 -0.120000
v 0.488355 0.349589 -0.130000
v 0.373773 0.315428 -0.140000
v 0.259190 0.281266 -0.150000
v 0.265114 0.251250 -0.160000
v 0.283949 0.221678 -0.170000
v 0.302785 0.192105 -0.180000
v 0.363620 0.166678 -0.190000
v 0.444455 0.143224 -0.200000
v 0.525291 0.119770 -0.210000
v 0.579899 0.098849 -0.220000
v 0.602658 0.081003 -0.230000
v 0.625418 0.063158 -0.240000
v 0.660050 0.048651 -0.250000
v 0.735392 0.045592 -0.260000
v 0.810734 0.042533 -0.270000
v 0.886076 0.039474 -0.280000
v 0.526582 0.000000 0.700000
v 0.448886 0.031102 0.690000
v 0.371190 0.062204 0.680000
v 0.293494 0.093306 0.670000
v 0.336101 0.118882 0.660000
v 0.413798 0.142845 0.650000
v 0.491494 0.166809 0.640000
v 0.543797 0.184901 0.630000
v 0.575190 0.198158 0.620000
v 0.606582 0.211414 0.610000
v 0.647595 0.229934 0.600000
v 0.708810 0.259507 0.590000
v 0.770025 0.289079 0.580000
v 0.816430 0.316826 0.570000
v 0.724608 0.327533 0.560000
v 0.632785 0.338240 0.550000
v 0.540962 0.348947 0.540000
v 0.483316 0.362763 0.530000
v 0.430734 0.377039 0.520000
v 0.378152 0.391316 0.510000
v 0.351392 0.407566 0.500000
v 0.338835 0.424901 0.490000
v 0.326278 0.442237 0.480000
v 0.328203 0.458289 0.470000
v 0.350177 0.472566 0.460000
v 0.372152 0.486842 0.450000
v 0.402785 0.501908 0.440000
v 0.469494 0.520263 0.430000
v 0.536203 0.538618 0.420000
v 0.602911 0.556974 0.410000
v 0.615696 0.577303 0.400000
v 0.626684 0.597697 0.390000
v 0.637671 0.618092 0.380000
v 0.625949 0.642648 0.370000
v 0.606329 0.668651 0.360000
v 0.586709 0.694655 0.350000
v 0.545215 0.704079 0.340000
v 0.483215 0.697960 0.330000
v 0.421215 0.691842 0.320000
v 0.373570 0.691201 0.310000
v 0.361013 0.703947 0.300000
v 0.348456 0.716694 0.290000
v 0.335443 0.729868 0.280000
v 0.315823 0.749243 0.270000
v 0.296203 0.768618 0.260000
v 0.276582 0.787993 0.250000
v 0.311595 0.806941 0.240000
v 0.357114 0.825806 0.230000
v 0.402633 0.844671 0.220000
v 0.507797 0.849786 0.210000
v 0.650633 0.846217 0.200000
v 0.793468 0.842648 0.190000
v 0.841823 0.851513 0.180000
v 0.740583 0.880066 0.170000
v 0.639342 0.908618 0.160000
v 0.555063 0.934457 0.150000
v 0.558987 0.946184 0.140000
v 0.562911 0.957911 0.130000
v 0.566835 0.969638 0.120000
v 0.560481 0.978980 0.110000
v 0.553418 0.988158 0.100000
v 0.546354 0.997336 0.090000
v 0.518683 0.997829 0.080000
v 0.482582 0.994770 0.070000
v 0.446481 0.991710 0.060000
v 0.412658 0.982977 0.050000
v 0.381266 0.968191 0.040000
v 0.349874 0.953405 0.030000
v 0.324152 0.936645 0.020000
v 0.314734 0.914211 0.010000
v 0.305316 0.891776 0.000000
v 0.293241 0.867780 -0.010000
v 0.201418 0.796908 -0.020000
v 0.109595 0.726036 -0.030000
v 0.017772 0.655164 -0.040000
v 0.194937 0.636924 -0.050000
v 0.436658 0.631316 -0.060000
v 0.678379 0.625707 -0.070000
v 0.819392 0.599671 -0.080000
v 0.887671 0.558882 -0.090000
v 0.955949 0.518092 -0.100000
v 0.957949 0.480378 -0.110000
v 0.839443 0.448257 -0.120000
v 0.720937 0.416135 -0.130000
v 0.602937 0.383750 -0.140000
v 0.488355 0.349589 -0.150000
v 0.373773 0.315428 -0.160000
v 0.259190 0.281266 -0.170000
v 0.265114 0.251250 -0.180000
v 0.283949 0.221678 -0.190000
v 0.302785 0.192105 -0.200000
v 0.363620 0.166678 -0.210000
v 0.444455 0.143224 -0.220000
v 0.525291 0.119770 -0.230000
v 0.579899 0.098849 -0.240000
v 0.602658 0.081003 -0.250000
v 0.625418 0.063158 -0.260000
v 0.660050 0.048651 -0.270000
v 0.735392 0.045592 -0.280000
v 0.810734 0.042533 -0.290000
v 0.886076 0.039474 -0.300000
v 0.526582 0.000000 0.680000
v 0.448886 0.031102 0.670000
v 0.371190 0.062204 0.660000
v 0.293494 0.093306 0.650000
v 0.336101 0.118882 0.640000
v 0.413798 0.142845 0.630000
v 0.491494 0.166809 0.620000
v 0.543797 0.184901 0.610000
v 0.575190 0.198158 0.600000
v 0.606582 0.211414 0.590000
v 0.647595 0.229934 0.580000
v 0.708810 0.259507 0.570000
v 0.770025 0.289079 0.560000
v 0.816430 0.316826 0.550000
v 0.724608 0.327533 0.540000
v 0.632785 0.338240 0.530000
v 0.540962 0.348947 0.520000
v 0.483316 0.362763 0.510000
v 0.430734 0.377039 0.500000
v 0.378152 0.391316 0.490000
v 0.351392 0.407566 0.480000
v 0.338835 0.424901 0.470000
v 0.326278 0.442237 0.460000
v 0.328203 0.458289 0.450000
v 0.350177 0.472566 0.440000
v 0.372152 0.486842 0.430000
v 0.402785 0.501908 0.420000
v 0.469494 0.520263 0.410000
v 0.536203 0.538618 0.400000
v 0.602911 0.556974 0.390000
v 0.615696 0.577303 0.380000
v 0.626684 0.597697 0.370000
v 0.637671 0.618092 0.360000
v 0.625949 0.642648 0.350000
v 0.606329 0.668651 0.340000
v 0.586709 0.694655 0.330000
v 0.545215 0.704079 0.320000
v 0.483215 0.697960 0.310000
v 0.421215 0.691842 0.300000
v 0.373570 0.691201 0.290000
v 0.361013 0.703947 0.280000
v 0.348456 0.716694 0.270000
v 0.335443 0.729868 0.260000
v 0.315823 0.749243 0.250000
v 0.296203 0.768618 0.240000
v 0.276582 0.787993 0.230000
v 0.311595 0.806941 0.220000
v 0.357114 0.825806 0.210000
v 0.402633 0.844671 0.200000
v 0.507797 0.849786 0.190000
v 0.650633 0.846217 0.180000
v 0.793468 0.842648 0.170000
v 0.841823 0.851513 0.160000
v 0.740583 0.880066 0.150000
v 0.639342 0.908618 0.140000
v 0.555063 0.934457 0.130000
v 0.558987 0.946184 0.120000
v 0.562911 0.957911 0.110000
v 0.566835 0.969638 0.100000
v 0.560481 0.978980 0.090000
v 0.553418 0.988158 0.080000
v 0.546354 0.997336 0.070000
v 0.518683 0.997829 0.060000
v 0.482582 0.994770 0.050000
v 0.446481 0.991710 0.040000
v 0.412658 0.982977 0.030000
v 0.381266 0.968191 0.020000
v 0.349874 0.953405 0.010000
v 0.324152 0.936645 0.000000
v 0.314734 0.914211 -0.010000
v 0.305316 0.891776 -0.020000
v 0.293241 0.867780 -0.030000
v 0.201418 0.796908 -0.040000
v 0.109595 0.726036 -0.050000
v 0.017772 0.655164 -0.060000
v 0.194937 0.636924 -0.070000
v 0.436658 0.631316 -0.080000
v 0.678379 0.625707 -0.090000
v 0.819392 0.599671 -0.100000
v 0.887671 0.558882 -0.110000
v 0.955949 0.518092 -0.120000
v 0.957949 0.480378 -0.130000
v 0.839443 0.448257 -0.140000
v 0.720937 0.416135 -0.150000
v 0.602937 0.383750 -0.160000
v 0.488355 0.349589 -0.170000
v 0.373773 0.315428 -0.180000
v 0.259190 0.281266 -0.190000
v 0.265114 0.251250 -0.200000
v 0.283949 0.221678 -0.210000
v 0.302785 0.192105 -0.220000
v 0.363620 0.166678 -0.230000
v 0.444455 0.143224 -0.240000
v 0.525291 0.119770 -0.250000
v 0.579899 0.098849 -0.260000
v 0.602658 0.081003 -0.270000
v 0.625418 0.063158 -0.280000
v 0.660050 0.048651 -0.290000
v 0.735392 0.045592 -0.300000
v 0.810734 0.042533 -0.310000
v 0.886076 0.039474 -0.320000
v 0.526582 0.000000 0.660000
v 0.448886 0.031102 0.650000
v 0.371190 0.062204 0.640000
v 0.293494 0.093306 0.630000
v 0.336101 0.118882 0.620000
v 0.413798 0.142845 0.610000
v 0.491494 0.166809 0.600000
v 0.543797 0.184901 0.590000
v 0.575190 0.198158 0.580000
v 0.606582 0.211414 0.570000
v 0.647595 0.229934 0.560000
v 0.708810 0.259507 0.550000
v 0.770025 0.289079 0.540000
v 0.816430 0.316826 0.530000
v 0.724608 0.327533 0.520000
v 0.632785 0.338240 0.510000
v 0.540962 0.348947 0.500000
v 0.483316 0.362763 0.490000
v 0.430734 0.377039 0.480000
v 0.378152 0.391316 0.470000
v 0.351392 0.407566 0.460000
v 0.338835 0.424901 0.450000
v 0.326278 0.442237 0.440000
v 0.328203 0.458289 0.430000
v 0.350177 0.472566 0.420000
v 0.372152 0.486842 0.410000
v 0.402785 0.501908 0.400000
v 0.469494 0.520263 0.390000
v 0.536203 0.538618 0.380000
v 0.602911 0.556974 0.370000
v 0.615696 0.577303 0.360000
v 0.626684 0.597697 0.350000
v 0.637671 0.618092 0.340000
v 0.625949 0.642648 0.330000
v 0.606329 0.668651 0.320000
v 0.586709 0.694655 0.310000
v 0.545215 0.704079 0.300000
v 0.483215 0.697960 0.290000
v 0.421215 0.691842 0.280000
v 0.373570 0.691201 0.270000
v 0.361013 0.703947 0.260000
v 0.348456 0.716694 0.250000
v 0.335443 0.729868 0.240000
v 0.315823 0.749243 0.230000
v 0.296203 0.768618 0.220000
v 0.276582 0.787993 0.210000
v 0.311595 0.806941 0.200000
v 0.357114 0.825806 0.190000
v 0.402633 0.844671 0.180000
v 0.507797 0.849786 0.170000
v 0.650633 0.846217 0.160000
v 0.793468 0.842648 0.150000
v 0.841823 0.851513 0.140000
v 0.740583 0.880066 0.130000
v 0.639342 0.908618 0.120000
v 0.555063 0.934457 0.110000
v 0.558987 0.946184 0.100000
v 0.562911 0.957911 0.090000
v 0.566835 0.969638 0.080000
v 0.560481 0.978980 0.070000
v 0.553418 0.988158 0.060000
v 0.546354 0.997336 0.050000
v 0.518683 0.997829 0.040000
v 0.482582 0.994770 0.030000
v 0.446481 0.991710 0.020000
v 0.412658 0.982977 0.010000
v 0.381266 0.968191 0.000000
v 0.349874 0.953405 -0.010000
v 0.324152 0.936645 -0.020000
v 0.314734 0.914211 -0.030000
v 0.305316 0.891776 -0.040000
v 0.293241 0.867780 -0.050000
v 0.201418 0.796908 -0.060000
v 0.109595 0.726036 -0.070000
v 0.017772 0.655164 -0.080000
v 0.194937 0.636924 -0.090000
v 0.436658 0.631316 -0.100000
v 0.678379 0.625707 -0.110000
v 0.819392 0.599671 -0.120000
v 0.887671 0.558882 -0.130000
v 0.955949 0.518092 -0.140000
v 0.957949 0.480378 -0.150000
v 0.839443 0.448257 -0.160000
v 0.720937 0.416135 -0.170000
v 0.602937 0.383750 -0.180000
v 0.488355 0.349589 -0.190000
v 0.373773 0.315428 -0.200000
v 0.259190 0.281266 -0.210000
v 0.265114 0.251250 -0.220000
v 0.283949 0.221678 -0.230000
v 0.302785 0.192105 -0.240000
v 0.363620 0.166678 -0.250000
v 0.444455 0.143224 -0.260000
v 0.525291 0.119770 -0.270000
v 0.579899 0.098849 -0.280000
v 0.602658 0.081003 -0.290000
v 0.625418 0.063158 -0.300000
v 0.660050 0.048651 -0.310000
v 0.735392 0.045592 -0.320000
v 0.810734 0.042533 -0.330000
v 0.886076 0.039474 -0.340000
v 0.526582 0.000000 0.640000
v 0.448886 0.031102 0.630000
v 0.371190 0.062204 0.620000
v 0.293494 0.093306 0.610000
v 0.336101 0.118882 0.600000
v 0.413798 0.142845 0.590000
v 0.491494 0.166809 0.580000
v 0.543797 0.184901 0.570000
v 0.575190 0.198158 0.560000
v 0.606582 0.211414 0.550000
v 0.647595 0.229934 0.540000
v 0.708810 0.259507 0.530000
v 0.770025 0.289079 0.520000
v 0.816430 0.316826 0.510000
v 0.724608 0.327533 0.500000
v 0.632785 0.338240 0.490000
v 0.540962 0.348947 0.480000
v 0.483316 0.362763 0.470000
v 0.430734 0.377039 0.460000
v 0.378152 0.391316 0.450000
v 0.351392 0.407566 0.440000
v 0.338835 0.424901 0.430000
v 0.326278 0.442237 0.420000
v 0.328203 0.458289 0.410000
v 0.350177 0.472566 0.400000
v 0.372152 0.486842 0.390000
v 0.402785 0.501908 0.380000
v 0.469494 0.520263 0.370000
v 0.536203 0.538618 0.360000
v 0.602911 0.556974 0.350000
v 0.615696 0.577303 0.340000
v 0.626684 0.597697 0.330000
v 0.637671 0.618092 0.320000
v 0.625949 0.642648 0.310000
v 0.606329 0.668651 0.300000
v 0.586709 0.694655 0.290000
v 0.545215 0.704079 0.280000
v 0.483215 0.697960 0.270000
v 0.421215 0.691842 0.260000
v 0.373570 0.691201 0.250000
v 0.361013 0.703947 0.240000
v 0.348456 0.716694 0.230000
v 0.335443 0.729868 0.220000
v 0.315823 0.749243 0.210000
v 0.296203 0.768618 0.200000
v 0.276582 0.787993 0.190000
v 0.311595 0.806941 0.180000
v 0.357114 0.825806 0.170000
v 0.402633 0.844671 0.160000
v 0.507797 0.849786 0.150000
v 0.650633 0.846217 0.140000
v 0.793468 0.842648 0.130000
v 0.841823 0.851513 0.120000
v 0.740583 0.880066 0.110000
v 0.639342 0.908618 0.100000
v 0.555063 0.934457 0.090000
v 0.558987 0.946184 0.080000
v 0.562911 0.957911 0.070000
v 0.566835 0.969638 0.060000
v 0.560481 0.978980 0.050000
v 0.553418 0.988158 0.040000
v 0.546354 0.997336 0.030000
v 0.518683 0.997829 0.020000
v 0.482582 0.994770 0.010000
v 0.446481 0.991710 0.000000
v 0.412658 0.982977 -0.010000
v 0.381266 0.968191 -0.020000
v 0.349874 0.953405 -0.030000
v 0.324152 0.936645 -0.040000
v 0.314734 0.914211 -0.050000
v 0.305316 0.891776 -0.060000
v 0.293241 0.867780 -0.070000
v 0.201418 0.796908 -0.080000
v 0.109595 0.726036 -0.090000
v 0.017772 0.655164 -0.100000
v 0.194937 0.636924 -0.110000
v 0.436658 0.631316 -0.120000
v 0.678379 0.625707 -0.130000
v 0.819392 0.599671 -0.140000
v 0.887671 0.558882 -0.150000
v 0.955949 0.518092 -0.160000
v 0.957949 0.480378 -0.170000
v 0.839443 0.448257 -0.180000
v 0.720937 0.416135 -0.190000
v 0.602937 0.383750 -0.200000
v 0.488355 0.349589 -0.210000
v 0.373773 0.315428 -0.220000
v 0.259190 0.281266 -0.230000
v 0.265114 0.251250 -0.240000
v 0.283949 0.221678 -0.250000
v 0.302785 0.192105 -0.260000
v 0.363620 0.166678 -0.270000
v 0.444455 0.143224 -0.280000
v 0.525291 0.119770 -0.290000
v 0.579899 0.098849 -0.300000
v 0.602658 0.081003 -0.310000
v 0.625418 0.063158 -0.320000
v 0.660050 0.048651 -0.330000
v 0.735392 0.045592 -0.340000
v 0.810734 0.042533 -0.350000
v 0.886076 0.039474 -0.360000
v 0.526582 0.000000 0.620000
v 0.448886 0.031102 0.610000
v 0.371190 0.062204 0.600000
v 0.293494 0.093306 0.590000
v 0.336101 0.118882 0.580000
v 0.413798 0.142845 0.570000
v 0.491494 0.166809 0.560000
v 0.543797 0.184901 0.550000
v 0.575190 0.198158 0.540000
v 0.606582 0.211414 0.530000
v 0.647595 0.229934 0.520000
v 0.708810 0.259507 0.510000
v 0.770025 0.289079 0.500000
v 0.816430 0.316826 0.490000
v 0.724608 0.327533 0.480000
v 0.632785 0.338240 0.470000
v 0.540962 0.348947 0.460000
v 0.483316 0.362763 0.450000
v 0.430734 0.377039 0.440000
v 0.378152 0.391316 0.430000
v 0.351392 0.407566 0.420000
v 0.338835 0.424901 0.410000
v 0.326278 0.442237 0.400000
v 0.328203 0.458289 0.390000
v 0.350177 0.472566 0.380000
v 0.372152 0.486842 0.370000
v 0.402785 0.501908 0.360000
v 0.469494 0.520263 0.350000
v 0.536203 0.538618 0.340000
v 0.602911 0.556974 0.330000
v 0.615696 0.577303 0.320000
v 0.626684 0.597697 0.310000
v 0.637671 0.618092 0.300000
v 0.625949 0.642648 0.290000
v 0.606329 0.668651 0.280000
v 0.586709 0.694655 0.270000
v 0.545215 0.704079 0.260000
v 0.483215 0.697960 0.250000
v 0.421215 0.691842 0.240000
v 0.373570 0.691201 0.230000
v 0.361013 0.703947 0.220000
v 0.348456 0.716694 0.210000
v 0.335443 0.729868 0.200000
v 0.315823 0.749243 0.190000
v 0.296203 0.768618 0.180000
v 0.276582 0.787993 0.170000
v 0.311595 0.806941 0.160000
v 0.357114 0.825806 0.150000
v 0.402633 0.844671 0.140000
v 0.507797 0.849786 0.130000
v 0.650633 0.846217 0.120000
v 0.793468 0.842648 0.110000
v 0.841823 0.851513 0.100000
v 0.740583 0.880066 0.090000
v 0.639342 0.908618 0.080000
v 0.555063 0.934457 0.070000
v 0.558987 0.946184 0.060000
v 0.562911 0.957911 0.050000
v 0.566835 0.969638 0.040000
v 0.560481 0.978980 0.030000
v 0.553418 0.988158 0.020000
v 0.546354 0.997336 0.010000
v 0.518683 0.997829 0.000000
v 0.482582 0.994770 -0.010000
v 0.446481 0.991710 -0.020000
v 0.412658 0.982977 -0.030000
v 0.381266 0.968191 -0.040000
v 0.349874 0.953405 -0.050000
v 0.324152 0.936645 -0.060000
v 0.314734 0.914211 -0.070000
v 0.305316 0.891776 -0.080000
v 0.293241 0.867780 -0.090000
v 0.201418 0.796908 -0.100000
v 0.109595 0.726036 -0.110000
v 0.017772 0.655164 -0.120000
v 0.194937 0.636924 -0.130000
v 0.436658 0.631316 -0.140000
v 0.678379 0.625707 -0.150000
v 0.819392 0.599671 -0.160000
v 0.887671 0.558882 -0.170000
v 0.955949 0.518092 -0.180000
v 0.957949 0.480378 -0.190000
v 0.839443 0.448257 -0.200000
v 0.720937 0.416135 -0.210000
v 0.602937 0.383750 -0.220000
v 0.488355 0.349589 -0.230000
v 0.373773 0.315428 -0.240000
v 0.259190 0.281266 -0.250000
v 0.265114 0.251250 -0.260000
v 0.283949 0.221678 -0.270000
v 0.302785 0.192105 -0.280000
v 0.363620 0.166678 -0.290000
v 0.444455 0.143224 -0.300000
v 0.525291 0.119770 -0.310000
v 0.579899 0.098849 -0.320000
v 0.602658 0.081003 -0.330000
v 0.625418 0.063158 -0.340000
v 0.660050 0.048651 -0.350000
v 0.735392 0.045592 -0.360000
v 0.810734 0.042533 -0.370000
v 0.886076 0.039474 -0.380000
v 0.526582 0.000000 0.600000
v 0.448886 0.031102 0.590000
v 0.371190 0.062204 0.580000
v 0.293494 0.093306 0.570000
v 0.336101 0.118882 0.560000
v 0.413798 0.142845 0.550000
v 0.491494 0.166809 0.540000
v 0.543797 0.184901 0.530000
v 0.575190 0.198158 0.520000
v 0.606582 0.211414 0.510000
v 0.647595 0.229934 0.500000
v 0.708810 0.259507 0.490000
v 0.770025 0.289079 0.480000
v 0.816430 0.316826 0.470000
v 0.724608 0.327533 0.460000
v 0.632785 0.338240 0.450000
v 0.540962 0.348947 0.440000
v 0.483316 0.362763 0.430000
v 0.430734 0.377039 0.420000
v 0.378152 0.391316 0.410000
v 0.351392 0.407566 0.400000
v 0.338835 0.424901 0.390000
v 0.326278 0.442237 0.380000
v 0.328203 0.458289 0.370000
v 0.350177 0.472566 0.360000
v 0.372152 0.486842 0.350000
v 0.402785 0.501908 0.340000
v 0.469494 0.520263 0.330000
v 0.536203 0.538618 0.320000
v 0.602911 0.556974 0.310000
v 0.615696 0.577303 0.300000
v 0.626684 0.597697 0.290000
v 0.637671 0.618092 0.280000
v 0.625949 0.642648 0.270000
v 0.606329 0.668651 0.260000
v 0.586709 0.694655 0.250000
v 0.545215 0.704079 0.240000
v 0.483215 0.697960 0.230000
v 0.421215 0.691842 0.220000
v 0.373570 0.691201 0.210000
v 0.361013 0.703947 0.200000
v 0.348456 0.716694 0.190000
v 0.335443 0.729868 0.180000
v 0.315823 0.749243 0.170000
v 0.296203 0.768618 0.160000
v 0.276582 0.787993 0.150000
v 0.311595 0.806941 0.140000
v 0.357114 0.825806 0.130000
v 0.402633 0.844671 0.120000
v 0.507797 0.849786 0.110000
v 0.650633 0.846217 0.100000
v 0.793468 0.842648 0.090000
v 0.841823 0.851513 0.080000
v 0.740583 0.880066 0.070000
v 0.639342 0.908618 0.060000
v 0.555063 0.934457 0.050000
v 0.558987 0.946184 0.040000
v 0.562911 0.957911 0.030000
v 0.566835 0.969638 0.020000
v 0.560481 0.978980 0.010000
v 0.553418 0.988158 0.000000
v 0.546354 0.997336 -0.010000
v 0.518683 0.997829 -0.020000
v 0.482582 0.994770 -0.030000
v 0.446481 0.991710 -0.040000
v 0.412658 0.982977 -0.050000
v 0.381266 0.968191 -0.060000
v 0.349874 0.953405 -0.070000
v 0.324152 0.936645 -0.080000
v 0.314734 0.914211 -0.090000
v 0.305316 0.891776 -0.100000
v 0.293241 0.867780 -0.110000
v 0.201418 0.796908 -0.120000
v 0.109595 0.726036 -0.130000
v 0.017772 0.655164 -0.140000
v 0.194937 0.636924 -0.150000
v 0.436658 0.631316 -0.160000
v 0.678379 0.625707 -0.170000
v 0.819392 0.599671 -0.180000
v 0.887671 0.558882 -0.190000
v 0.955949 0.518092 -0.200000
v 0.957949 0.480378 -0.210000
v 0.839443 0.448257 -0.220000
v 0.720937 0.416135 -0.230000
v 0.602937 0.383750 -0.240000
v 0.488355 0.349589 -0.250000
v 0.373773 0.315428 -0.260000
v 0.259190 0.281266 -0.270000
v 0.265114 0.251250 -0.280000
v 0.283949 0.221678 -0.290000
v 0.302785 0.192105 -0.300000
v 0.363620 0.166678 -0.310000
v 0.444455 0.143224 -0.320000
v 0.525291 0.119770 -0.330000
v 0.579899 0.098849 -0.340000
v 0.602658 0.081003 -0.350000
v 0.625418 0.063158 -0.360000
v 0.660050 0.048651 -0.370000
v 0.735392 0.045592 -0.380000
v 0.810734 0.042533 -0.390000
v 0.886076 0.039474 -0.400000
v 0.526582 0.000000 0.580000
v 0.448886 0.031102 0.570000
v 0.371190 0.062204 0.560000
v 0.293494 0.093306 0.550000
v 0.336101 0.118882 0.540000
v 0.413798 0.142845 0.530000
v 0.491494 0.166809 0.520000
v 0.543797 0.184901 0.510000
v 0.575190 0.198158 0.500000
v 0.606582 0.211414 0.490000
v 0.647595 0.229934 0.480000
v 0.708810 0.259507 0.470000
v 0.770025 0.289079 0.460000
v 0.816430 0.316826 0.450000
v 0.724608 0.327533 0.440000
v 0.632785 0.338240 0.430000
v 0.540962 0.348947 0.420000
v 0.483316 0.362763 0.410000
v 0.430734 0.377039 0.400000
v 0.378152 0.391316 0.390000
v 0.351392 0.407566 0.380000
v 0.338835 0.424901 0.370000
v 0.326278 0.442237 0.360000
v 0.328203 0.458289 0.350000
v 0.350177 0.472566 0.340000
v 0.372152 0.486842 0.330000
v 0.402785 0.501908 0.320000
v 0.469494 0.520263 0.310000
v 0.536203 0.538618 0.300000
v 0.602911 0.556974 0.290000
v 0.615696 0.577303 0.280000
v 0.626684 0.597697 0.270000
v 0.637671 0.618092 0.260000
v 0.625949 0.642648 0.250000
v 0.606329 0.668651 0.240000
v 0.586709 0.694655 0.230000
v 0.545215 0.704079 0.220000
v 0.483215 0.697960 0.210000
v 0.421215 0.691842 0.200000
v 0.373570 0.691201 0.190000
v 0.361013 0.703947 0.180000
v 0.348456 0.716694 0.170000
v 0.335443 0.729868 0.160000
v 0.315823 0.749243 0.150000
v 0.296203 0.768618 0.140000
v 0.276582 0.787993 0.130000
v 0.311595 0.806941 0.120000
v 0.357114 0.825806 0.110000
v 0.402633 0.844671 0.100000
v 0.507797 0.849786 0.090000
v 0.650633 0.846217 0.080000
v 0.793468 0.842648 0.070000
v 0.841823 0.851513 0.060000
v 0.740583 0.880066 0.050000
v 0.639342 0.908618 0.040000
v 0.555063 0.934457 0.030000
v 0.558987 0.946184 0.020000
v 0.562911 0.957911 0.010000
v 0.566835 0.969638 0.000000
v 0.560481 0.978980 -0.010000
v 0.553418 0.988158 -0.020000
v 0.546354 0.997336 -0.030000
v 0.518683 0.997829 -0.040000
v 0.482582 0.994770 -0.050000
v 0.446481 0.991710 -0.060000
v 0.412658 0.982977 -0.070000
v 0.381266 0.968191 -0.080000
v 0.349874 0.953405 -0.090000
v 0.324152 0.936645 -0.100000
v 0.314734 0.914211 -0.110000
v 0.305316 0.891776 -0.120000
v 0.293241 0.867780 -0.130000
v 0.201418 0.796908 -0.140000
v 0.109595 0.726036 -0.150000
v 0.017772 0.655164 -0.160000
v 0.194937 0.636924 -0.170000
v 0.436658 0.631316 -0.180000
v 0.678379 0.625707 -0.190000
v 0.819392 0.599671 -0.200000
v 0.887671 0.558882 -0.210000
v 0.955949 0.518092 -0.220000
v 0.957949 0.480378 -0.230000
v 0.839443 0.448257 -0.240000
v 0.720937 0.416135 -0.250000
v 0.602937 0.383750 -0.260000
v 0.488355 0.349589 -0.270000
v 0.373773 0.315428 -0.280000
v 0.259190 0.281266 -0.290000
v 0.265114 0.251250 -0.300000
v 0.283949 0.221678 -0.310000
v 0.302785 0.192105 -0.320000
v 0.363620 0.166678 -0.330000
v 0.444455 0.143224 -0.340000
v 0.525291 0.119770 -0.350000
v 0.579899 0.098849 -0.360000
v 0.602658 0.081003 -0.370000
v 0.625418 0.063158 -0.380000
v 0.660050 0.048651 -0.390000
v 0.735392 0.045592 -0.400000
v 0.810734 0.042533 -0.410000
v 0.886076 0.039474 -0.420000
v 0.526582 0.000000 0.560000
v 0.448886 0.031102 0.550000
v 0.371190 0.062204 0.540000
v 0.293494 0.093306 0.530000
v 0.336101 0.118882 0.520000
v 0.413798 0.142845 0.510000
v 0.491494 0.166809 0.500000
v 0.543797 0.184901 0.490000
v 0.575190 0.198158 0.480000
v 0.606582 0.211414 0.470000
v 0.647595 0.229934 0.460000
v 0.708810 0.259507 0.450000
v 0.770025 0.289079 0.440000
v 0.816430 0.316826 0.430000
v 0.724608 0.327533 0.420000
v 0.632785 0.338240 0.410000
v 0.540962 0.348947 0.400000
v 0.483316 0.362763 0.390000
v 0.430734 0.377039 0.380000
v 0.378152 0.391316 0.370000
v 0.351392 0.407566 0.360000
v 0.338835 0.424901 0.350000
v 0.326278 0.442237 0.340000
v 0.328203 0.458289 0.330000
v 0.350177 0.472566 0.320000
v 0.372152 0.486842 0.310000
v 0.402785 0.501908 0.300000
v 0.469494 0.520263 0.290000
v 0.536203 0.538618 0.280000
v 0.602911 0.556974 0.270000
v 0.615696 0.577303 0.260000
v 0.626684 0.597697 0.250000
v 0.637671 0.618092 0.240000
v 0.625949 0.642648 0.230000
v 0.606329 0.668651 0.220000
v 0.586709 0.694655 0.210000
v 0.545215 0.704079 0.200000
v 0.483215 0.697960 0.190000
v 0.421215 0.691842 0.180000
v 0.373570 0.691201 0.170000
v 0.361013 0.703947 0.160000
v 0.348456 0.716694 0.150000
v 0.335443 0.729868 0.140000
v 0.315823 0.749243 0.130000
v 0.296203 0.768618 0.120000
v 0.276582 0.787993 0.110000
v 0.311595 0.806941 0.100000
v 0.357114 0.825806 0.090000
v 0.402633 0.844671 0.080000
v 0.507797 0.849786 0.070000
v 0.650633 0.846217 0.060000
v 0.793468 0.842648 0.050000
v 0.841823 0.851513 0.040000
v 0.740583 0.880066 0.030000
v 0.639342 0.908618 0.020000
v 0.555063 0.934457 0.010000
v 0.558987 0.946184 0.000000
v 0.562911 0.957911 -0.010000
v 0.566835 0.969638 -0.020000
v 0.560481 0.978980 -0.030000
v 0.553418 0.988158 -0.040000
v 0.546354 0.997336 -0.050000
v 0.518683 0.997829 -0.060000
v 0.482582 0.994770 -0.070000
v 0.446481 0.991710 -0.080000
v 0.412658 0.982977 -0.090000
v 0.381266 0.968191 -0.100000
v 0.349874 0.953405 -0.110000
v 0.324152 0.936645 -0.120000
v 0.314734 0.914211 -0.130000
v 0.305316 0.891776 -0.140000
v 0.293241 0.867780 -0.150000
v 0.201418 0.796908 -0.160000
v 0.109595 0.726036 -0.170000
v 0.017772 0.655164 -0.180000
v 0.194937 0.636924 -0.190000
v 0.436658 0.631316 -0.200000
v 0.678379 0.625707 -0.210000
v 0.819392 0.599671 -0.220000
v 0.887671 0.558882 -0.230000
v 0.955949 0.518092 -0.240000
v 0.957949 0.480378 -0.250000
v 0.839443 0.448257 -0.260000
v 0.720937 0.416135 -0.270000
v 0.602937 0.383750 -0.280000
v 0.488355 0.349589 -0.290000
v 0.373773 0.315428 -0.300000
v 0.259190 0.281266 -0.310000
v 0.265114 0.251250 -0.320000
v 0.283949 0.221678 -0.330000
v 0.302785 0.192105 -0.340000
v 0.363620 0.166678 -0.350000
v 0.444455 0.143224 -0.360000
v 0.525291 0.119770 -0.370000
v 0.579899 0.098849 -0.380000
v 0.602658 0.081003 -0.390000
v 0.625418 0.063158 -0.400000
v 0.660050 0.048651 -0.410000
v 0.735392 0.045592 -0.420000
v 0.810734 0.042533 -0.430000
v 0.886076 0.039474 -0.440000
v 0.526582 0.000000 0.540000
v 0.448886 0.031102 0.530000
v 0.371190 0.062204 0.520000
v 0.293494 0.093306 0.510000
v 0.336101 0.118882 0.500000
v 0.413798 0.142845 0.490000
v 0.491494 0.166809 0.480000
v 0.543797 0.184901 0.470000
v 0.575190 0.198158 0.460000
v 0.606582 0.211414 0.450000
v 0.647595 0.229934 0.440000
v 0.708810 0.259507 0.430000
v 0.770025 0.289079 0.420000
v 0.816430 0.316826 0.410000
v 0.724608 0.327533 0.400000
v 0.632785 0.338240 0.390000
v 0.540962 0.348947 0.380000
v 0.483316 0.362763 0.370000
v 0.430734 0.377039 0.360000
v 0.378152 0.391316 0.350000
v 0.351392 0.407566 0.340000
v 0.338835 0.424901 0.330000
v 0.326278 0.442237 0.320000
v 0.328203 0.458289 0.310000
v 0.350177 0.472566 0.300000
v 0.372152 0.486842 0.290000
v 0.402785 0.501908 0.280000
v 0.469494 0.520263 0.270000
v 0.536203 0.538618 0.260000
v 0.602911 0.556974 0.250000
v 0.615696 0.577303 0.240000
v 0.626684 0.597697 0.230000
v 0.637671 0.618092 0.220000
v 0.625949 0.642648 0.210000
v 0.606329 0.668651 0.200000
v 0.586709 0.694655 0.190000
v 0.545215 0.704079 0.180000
v 0.483215 0.697960 0.170000
v 0.421215 0.691842 0.160000
v 0.373570 0.691201 0.150000
v 0.361013 0.703947 0.140000
v 0.348456 0.716694 0.130000
v 0.335443 0.729868 0.120000
v 0.315823 0.749243 0.110000
v 0.296203 0.768618 0.100000
v 0.276582 0.787993 0.090000
v 0.311595 0.806941 0.080000
v 0.357114 0.825806 0.070000
v 0.402633 0.844671 0.060000
v 0.507797 0.849786 0.050000
v 0.650633 0.846217 0.040000
v 0.793468 0.842648 0.030000
v 0.841823 0.851513 0.020000
v 0.740583 0.880066 0.010000
v 0.639342 0.908618 0.000000
v 0.555063 0.934457 -0.010000
v 0.558987 0.946184 -0.020000
v 0.562911 0.957911 -0.030000
v 0.566835 0.969638 -0.040000
v 0.560481 0.978980 -0.050000
v 0.553418 0.988158 -0.060000
v 0.546354 0.997336 -0.070000
v 0.518683 0.997829 -0.080000
v 0.482582 0.994770 -0.090000
v 0.446481 0.991710 -0.100000
v 0.412658 0.982977 -0.110000
v 0.381266 0.968191 -0.120000
v 0.349874 0.953405 -0.130000
v 0.324152 0.936645 -0.140000
v 0.314734 0.914211 -0.150000
v 0.305316 0.891776 -0.160000
v 0.293241 0.867780 -0.170000
v 0.201418 0.796908 -0.180000
v 0.109595 0.726036 -0.190000
v 0.017772 0.655164 -0.200000
v 0.194937 0.636924 -0.210000
v 0.436658 0.631316 -0.220000
v 0.678379 0.625707 -0.230000
v 0.819392 0.599671 -0.240000
v 0.887671 0.558882 -0.250000
v 0.955949 0.518092 -0.260000
v 0.957949 0.480378 -0.270000
v 0.839443 0.448257 -0.280000
v 0.720937 0.416135 -0.290000
v 0.602937 0.383750 -0.300000
v 0.488355 0.349589 -0.310000
v 0.373773 0.315428 -0.320000
v 0.259190 0.281266 -0.330000
v 0.265114 0.251250 -0.340000
v 0.283949 0.221678 -0.350000
v 0.302785 0.192105 -0.360000
v 0.363620 0.166678 -0.370000
v 0.444455 0.143224 -0.380000
v 0.525291 0.119770 -0.390000
v 0.579899 0.098849 -0.400000
v 0.602658 0.081003 -0.410000
v 0.625418 0.063158 -0.420000
v 0.660050 0.048651 -0.430000
v 0.735392 0.045592 -0.440000
v 0.810734 0.042533 -0.450000
v 0.886076 0.039474 -0.460000
v 0.526582 0.000000 0.520000
v 0.448886 0.031102 0.510000
v 0.371190 0.062204 0.500000
v 0.293494 0.093306 0.490000
v 0.336101 0.118882 0.480000
v 0.413798 0.142845 0.470000
v 0.491494 0.166809 0.460000
v 0.543797 0.184901 0.450000
v 0.575190 0.198158 0.440000
v 0.606582 0.211414 0.430000
v 0.647595 0.229934 0.420000
v 0.708810 0.259507 0.410000
v 0.770025 0.289079 0.400000
v 0.816430 0.316826 0.390000
v 0.724608 0.327533 0.380000
v 0.632785 0.338240 0.370000
v 0.540962 0.348947 0.360000
v 0.483316 0.362763 0.350000
v 0.430734 0.377039 0.340000
v 0.378152 0.391316 0.330000
v 0.351392 0.407566 0.320000
v 0.338835 0.424901 0.310000
v 0.326278 0.442237 0.300000
v 0.328203 0.458289 0.290000
v 0.350177 0.472566 0.280000
v 0.372152 0.486842 0.270000
v 0.402785 0.501908 0.260000
v 0.469494 0.520263 0.250000
v 0.536203 0.538618 0.240000
v 0.602911 0.556974 0.230000
v 0.615696 0.577303 0.220000
v 0.626684 0.597697 0.210000
v 0.637671 0.618092 0.200000
v 0.625949 0.642648 0.190000
v 0.606329 0.668651 0.180000
v 0.586709 0.694655 0.170000
v 0.545215 0.704079 0.160000
v 0.483215 0.697960 0.150000
v 0.421215 0.691842 0.140000
v 0.373570 0.691201 0.130000
v 0.361013 0.703947 0.120000
v 0.348456 0.716694 0.110000
v 0.335443 0.729868 0.100000
v 0.315823 0.749243 0.090000
v 0.296203 0.768618 0.080000
v 0.276582 0.787993 0.070000
v 0.311595 0.806941 0.060000
v 0.357114 0.825806 0.050000
v 0.402633 0.844671 0.040000
v 0.507797 0.849786 0.030000
v 0.650633 0.846217 0.020000
v 0.793468 0.842648 0.010000
v 0.841823 0.851513 0.000000
v 0.740583 0.880066 -0.010000
v 0.639342 0.908618 -0.020000
v 0.555063 0.934457 -0.030000
v 0.558987 0.946184 -0.040000
v 0.562911 0.957911 -0.050000
v 0.566835 0.969638 -0.060000
v 0.560481 0.978980 -0.070000
v 0.553418 0.988158 -0.080000
v 0.546354 0.997336 -0.090000
v 0.518683 0.997829 -0.100000
v 0.482582 0.994770 -0.110000
v 0.446481 0.991710 -0.120000
v 0.412658 0.982977 -0.130000
v 0.381266 0.968191 -0.140000
v 0.349874 0.953405 -0.150000
v 0.324152 0.936645 -0.160000
v 0.314734 0.914211 -0.170000
v 0.305316 0.891776 -0.180000
v 0.293241 0.867780 -0.190000
v 0.201418 0.796908 -0.200000
v 0.109595 0.726036 -0.210000
v 0.017772 0.655164 -0.220000
v 0.194937 0.636924 -0.230000
v 0.436658 0.631316 -0.240000
v 0.678379 0.625707 -0.250000
v 0.819392 0.599671 -0.260000
v 0.887671 0.558882 -0.270000
v 0.955949 0.518092 -0.280000
v 0.957949 0.480378 -0.290000
v 0.839443 0.448257 -0.300000
v 0.720937 0.416135 -0.310000
v 0.602937 0.383750 -0.320000
v 0.488355 0.349589 -0.330000
v 0.373773 0.315428 -0.340000
v 0.259190 0.281266 -0.350000
v 0.265114 0.251250 -0.360000
v 0.283949 0.221678 -0.370000
v 0.302785 0.192105 -0.380000
v 0.363620 0.166678 -0.390000
v 0.444455 0.143224 -0.400000
v 0.525291 0.119770 -0.410000
v 0.579899 0.098849 -0.420000
v 0.602658 0.081003 -0.430000
v 0.625418 0.063158 -0.440000
v 0.660050 0.048651 -0.450000
v 0.735392 0.045592 -0.460000
v 0.810734 0.042533 -0.470000
v 0.886076 0.039474 -0.480000
v 0.526582 0.000000 0.500000
v 0.448886 0.031102 0.490000
v 0.371190 0.062204 0.480000
v 0.293494 0.093306 0.470000
v 0.336101 0.118882 0.460000
v 0.413798 0.142845 0.450000
v 0.491494 0.166809 0.440000
v 0.543797 0.184901 0.430000
v 0.575190 0.198158 0.420000
v 0.606582 0.211414 0.410000
v 0.647595 0.229934 0.400000
v 0.708810 0.259507 0.390000
v 0.770025 0.289079 0.380000
v 0.816430 0.316826 0.370000
v 0.724608 0.327533 0.360000
v 0.632785 0.338240 0.350000
v 0.540962 0.348947 0.340000
v 0.483316 0.362763 0.330000
v 0.430734 0.377039 0.320000
v 0.378152 0.391316 0.310000
v 0.351392 0.407566 0.300000
v 0.338835 0.424901 0.290000
v 0.326278 0.442237 0.280000
v 0.328203 0.458289 0.270000
v 0.350177 0.472566 0.260000
v 0.372152 0.486842 0.250000
v 0.402785 0.501908 0.240000
v 0.469494 0.520263 0.230000
v 0.536203 0.538618 0.220000
v 0.602911 0.556974 0.210000
v 0.615696 0.577303 0.200000
v 0.626684 0.597697 0.190000
v 0.637671 0.618092 0.180000
v 0.625949 0.642648 0.170000
v 0.606329 0.668651 0.160000
v 0.586709 0.694655 0.150000
v 0.545215 0.704079 0.140000
v 0.483215 0.697960 0.130000
v 0.421215 0.691842 0.120000
v 0.373570 0.691201 0.110000
v 0.361013 0.703947 0.100000
v 0.348456 0.716694 0.090000
v 0.335443 0.729868 0.080000
v 0.315823 0.749243 0.070000
v 0.296203 0.768618 0.060000
v 0.276582 0.787993 0.050000
v 0.311595 0.806941 0.040000
v 0.357114 0.825806 0.030000
v 0.402633 0.844671 0.020000
v 0.507797 0.849786 0.010000
v 0.650633 0.846217 0.000000
v 0.793468 0.842648 -0.010000
v 0.841823 0.851513 -0.020000
v 0.740583 0.880066 -0.030000
v 0.639342 0.908618 -0.040000
v 0.555063 0.934457 -0.050000
v 0.558987 0.946184 -0.060000
v 0.562911 0.957911 -0.070000
v 0.566835 0.969638 -0.080000
v 0.560481 0.978980 -0.090000
v 0.553418 0.988158 -0.100000
v 0.546354 0.997336 -0.110000
v 0.518683 0.997829 -0.120000
v 0.482582 0.994770 -0.130000
v 0.446481 0.991710 -0.140000
v 0.412658 0.982977 -0.150000
v 0.381266 0.968191 -0.160000
v 0.349874 0.953405 -0.170000
v 0.324152 0.936645 -0.180000
v 0.314734 0.914211 -0.190000
v 0.305316 0.891776 -0.200000
v 0.293241 0.867780 -0.210000
v 0.201418 0.796908 -0.220000
v 0.109595 0.726036 -0.230000
v 0.017772 0.655164 -0.240000
v 0.194937 0.636924 -0.250000
v 0.436658 0.631316 -0.260000
v 0.678379 0.625707 -0.270000
v 0.819392 0.599671 -0.280000
v 0.887671 0.558882 -0.290000
v 0.955949 0.518092 -0.300000
v 0.957949 0.480378 -0.310000
v 0.839443 0.448257 -0.320000
v 0.720937 0.416135 -0.330000
v 0.602937 0.383750 -0.340000
v 0.488355 0.349589 -0.350000
v 0.373773 0.315428 -0.360000
v 0.259190 0.281266 -0.370000
v 0.265114 0.251250 -0.380000
v 0.283949 0.221678 -0.390000
v 0.302785 0.192105 -0.400000
v 0.363620 0.166678 -0.410000
v 0.444455 0.143224 -0.420000
v 0.525291 0.119770 -0.430000
v 0.579899 0.098849 -0.440000
v 0.602658 0.081003 -0.450000
v 0.625418 0.063158 -0.460000
v 0.660050 0.048651 -0.470000
v 0.735392 0.045592 -0.480000
v 0.810734 0.042533 -0.490000
v 0.886076 0.039474 -0.500000
v 0.526582 0.000000 0.480000
v 0.448886 0.031102 0.470000
v 0.371190 0.062204 0.460000
v 0.293494 0.093306 0.450000
v 0.336101 0.118882 0.440000
v 0.413798 0.142845 0.430000
v 0.491494 0.166809 0.420000
v 0.543797 0.184901 0.410000
v 0.575190 0.198158 0.400000
v 0.606582 0.211414 0.390000
v 0.647595 0.229934 0.380000
v 0.708810 0.259507 0.370000
v 0.770025 0.289079 0.360000
v 0.816430 0.316826 0.350000
v 0.724608 0.327533 0.340000
v 0.632785 0.338240 0.330000
v 0.540962 0.348947 0.320000
v 0.483316 0.362763 0.310000
v 0.430734 0.377039 0.300000
v 0.378152 0.391316 0.290000
v 0.351392 0.407566 0.280000
v 0.338835 0.424901 0.270000
v 0.326278 0.442237 0.260000
v 0.328203 0.458289 0.250000
v 0.350177 0.472566 0.240000
v 0.372152 0.486842 0.230000
v 0.402785 0.501908 0.220000
v 0.469494 0.520263 0.210000
v 0.536203 0.538618 0.200000
v 0.602911 0.556974 0.190000
v 0.615696 0.577303 0.180000
v 0.626684 0.597697 0.170000
v 0.637671 0.618092 0.160000
v 0.625949 0.642648 0.150000
v 0.606329 0.668651 0.140000
v 0.586709 0.694655 0.130000
v 0.545215 0.704079 0.120000
v 0.483215 0.697960 0.110000
v 0.421215 0.691842 0.100000
v 0.373570 0.691201 0.090000
v 0.361013 0.703947 0.080000
v 0.348456 0.716694 0.070000
v 0.335443 0.729868 0.060000
v 0.315823 0.749243 0.050000
v 0.296203 0.768618 0.040000
v 0.276582 0.787993 0.030000
v 0.311595 0.806941 0.020000
v 0.357114 0.825806 0.010000
v 0.402633 0.844671 0.000000
v 0.507797 0.849786 -0.010000
v 0.650633 0.846217 -0.020000
v 0.793468 0.842648 -0.030000
v 0.841823 0.851513 -0.040000
v 0.740583 0.880066 -0.050000
v 0.639342 0.908618 -0.060000
v 0.555063 0.934457 -0.070000
v 0.558987 0.946184 -0.080000
v 0.562911 0.957911 -0.090000
v 0.566835 0.969638 -0.100000
v 0.560481 0.978980 -0.110000
v 0.553418 0.988158 -0.120000
v 0.546354 0.997336 -0.130000
v 0.518683 0.997829 -0.140000
v 0.482582 0.994770 -0.150000
v 0.446481 0.991710 -0.160000
v 0.412658 0.982977 -0.170000
v 0.381266 0.968191 -0.180000
v 0.349874 0.953405 -0.190000
v 0.324152 0.936645 -0.200000
v 0.314734 0.914211 -0.210000
v 0.305316 0.891776 -0.220000
v 0.293241 0.867780 -0.230000
v 0.201418 0.796908 -0.240000
v 0.109595 0.726036 -0.250000
v 0.017772 0.655164 -0.260000
v 0.194937 0.636924 -0.270000
v 0.436658 0.631316 -0.280000
v 0.678379 0.625707 -0.290000
v 0.819392 0.599671 -0.300000
v 0.887671 0.558882 -0.310000
v 0.955949 0.518092 -0.320000
v 0.957949 0.480378 -0.330000
v 0.839443 0.448257 -0.340000
v 0.720937 0.416135 -0.350000
v 0.602937 0.383750 -0.360000
v 0.488355 0.349589 -0.370000
v 0.373773 0.315428 -0.380000
v 0.259190 0.281266 -0.390000
v 0.265114 0.251250 -0.400000
v 0.283949 0.221678 -0.410000
v 0.302785 0.192105 -0.420000
v 0.363620 0.166678 -0.430000
v 0.444455 0.143224 -0.440000
v 0.525291 0.119770 -0.450000
v 0.579899 0.098849 -0.460000
v 0.602658 0.081003 -0.470000
v 0.625418 0.063158 -0.480000
v 0.660050 0.048651 -0.490000
v 0.735392 0.045592 -0.500000
v 0.810734 0.042533 -0.510000
v 0.886076 0.039474 -0.520000
v 0.526582 0.000000 0.460000
v 0.448886 0.031102 0.450000
v 0.371190 0.062204 0.440000
v 0.293494 0.093306 0.430000
v 0.336101 0.118882 0.420000
v 0.413798 0.142845 0.410000
v 0.491494 0.166809 0.400000
v 0.543797 0.184901 0.390000
v 0.575190 0.198158 0.380000
v 0.606582 0.211414 0.370000
v 0.647595 0.229934 0.360000
v 0.708810 0.259507 0.350000
v 0.770025 0.289079 0.340000
v 0.816430 0.316826 0.330000
v 0.724608 0.327533 0.320000
v 0.632785 0.338240 0.310000
v 0.540962 0.348947 0.300000
v 0.483316 0.362763 0.290000
v 0.430734 0.377039 0.280000
v 0.378152 0.391316 0.270000
v 0.351392 0.407566 0.260000
v 0.338835 0.424901 0.250000
v 0.326278 0.442237 0.240000
v 0.328203 0.458289 0.230000
v 0.350177 0.472566 0.220000
v 0.372152 0.486842 0.210000
v 0.402785 0.501908 0.200000
v 0.469494 0.520263 0.190000
v 0.536203 0.538618 0.180000
v 0.602911 0.556974 0.170000
v 0.615696 0.577303 0.160000
v 0.626684 0.597697 0.150000
v 0.637671 0.618092 0.140000
v 0.625949 0.642648 0.130000
v 0.606329 0.668651 0.120000
v 0.586709 0.694655 0.110000
v 0.545215 0.704079 0.100000
v 0.483215 0.697960 0.090000
v 0.421215 0.691842 0.080000
v 0.373570 0.691201 0.070000
v 0.361013 0.703947 0.060000
v 0.348456 0.716694 0.050000
v 0.335443 0.729868 0.040000
v 0.315823 0.749243 0.030000
v 0.296203 0.768618 0.020000
v 0.276582 0.787993 0.010000
v 0.311595 0.806941 0.000000
v 0.357114 0.825806 -0.010000
v 0.402633 0.844671 -0.020000
v 0.507797 0.849786 -0.030000
v 0.650633 0.846217 -0.040000
v 0.793468 0.842648 -0.050000
v 0.841823 0.851513 -0.060000
v 0.740583 0.880066 -0.070000
v 0.639342 0.908618 -0.080000
v 0.555063 0.934457 -0.090000
v 0.558987 0.946184 -0.100000
v 0.562911 0.957911 -0.110000
v 0.566835 0.969638 -0.120000
v 0.560481 0.978980 -0.130000
v 0.553418 0.988158 -0.140000
v 0.546354 0.997336 -0.150000
v 0.518683 0.997829 -0.160000
v 0.482582 0.994770 -0.170000
v 0.446481 0.991710 -0.180000
v 0.412658 0.982977 -0.190000
v 0.381266 0.968191 -0.200000
v 0.349874 0.953405 -0.210000
v 0.324152 0.936645 -0.220000
v 0.314734 0.914211 -0.230000
v 0.305316 0.891776 -0.240000
v 0.293241 0.867780 -0.250000
v 0.201418 0.796908 -0.260000
v 0.109595 0.726036 -0.270000
v 0.017772 0.655164 -0.280000
v 0.194937 0.636924 -0.290000
v 0.436658 0.631316 -0.300000
v 0.678379 0.625707 -0.310000
v 0.819392 0.599671 -0.320000
v 0.887671 0.558882 -0.330000
v 0.955949 0.518092 -0.340000
v 0.957949 0.480378 -0.350000
v 0.839443 0.448257 -0.360000
v 0.720937 0.416135 -0.370000
v 0.602937 0.383750 -0.380000
v 0.488355 0.349589 -0.390000
v 0.373773 0.315428 -0.400000
v 0.259190 0.281266 -0.410000
v 0.265114 0.251250 -0.420000
v 0.283949 0.221678 -0.430000
v 0.302785 0.192105 -0.440000
v 0.363620 0.166678 -0.450000
v 0.444455 0.143224 -0.460000
v 0.525291 0.119770 -0.470000
v 0.579899 0.098849 -0.480000
v 0.602658 0.081003 -0.490000
v 0.625418 0.063158 -0.500000
v 0.660050 0.048651 -0.510000
v 0.735392 0.045592 -0.520000
v 0.810734 0.042533 -0.530000
v 0.886076 0.039474 -0.540000
v 0.526582 0.000000 0.440000
v 0.448886 0.031102 0.430000
v 0.371190 0.062204 0.420000
v 0.293494 0.093306 0.410000
v 0.336101 0.118882 0.400000
v 0.413798 0.142845 0.390000
v 0.491494 0.166809 0.380000
v 0.543797 0.184901 0.370000
v 0.575190 0.198158 0.360000
v 0.606582 0.211414 0.350000
v 0.647595 0.229934 0.340000
v 0.708810 0.259507 0.330000
v 0.770025 0.289079 0.320000
v 0.816430 0.316826 0.310000
v 0.724608 0.327533 0.300000
v 0.632785 0.338240 0.290000
v 0.540962 0.348947 0.280000
v 0.483316 0.362763 0.270000
v 0.430734 0.377039 0.260000
v 0.378152 0.391316 0.250000
v 0.351392 0.407566 0.240000
v 0.338835 0.424901 0.230000
v 0.326278 0.442237 0.220000
v 0.328203 0.458289 0.210000
v 0.350177 0.472566 0.200000
v 0.372152 0.486842 0.190000
v 0.402785 0.501908 0.180000
v 0.469494 0.520263 0.170000
v 0.536203 0.538618 0.160000
v 0.602911 0.556974 0.150000
v 0.615696 0.577303 0.140000
v 0.626684 0.597697 0.130000
v 0.637671 0.618092 0.120000
v 0.625949 0.642648 0.110000
v 0.606329 0.668651 0.100000
v 0.586709 0.694655 0.090000
v 0.545215 0.704079 0.080000
v 0.483215 0.697960 0.070000
v 0.421215 0.691842 0.060000
v 0.373570 0.691201 0.050000
v 0.361013 0.703947 0.040000
v 0.348456 0.716694 0.030000
v 0.335443 0.729868 0.020000
v 0.315823 0.749243 0.010000
v 0.296203 0.768618 0.000000
v 0.276582 0.787993 -0.010000
v 0.311595 0.806941 -0.020000
v 0.357114 0.825806 -0.030000
v 0.402633 0.844671 -0.040000
v 0.507797 0.849786 -0.050000
v 0.650633 0.846217 -0.060000
v 0.793468 0.842648 -0.070000
v 0.841823 0.851513 -0.080000
v 0.740583 0.880066 -0.090000
v 0.639342 0.908618 -0.100000
v 0.555063 0.934457 -0.110000
v 0.558987 0.946184 -0.120000
v 0.562911 0.957911 -0.130000
v 0.566835 0.969638 -0.140000
v 0.560481 0.978980 -0.150000
v 0.553418 0.988158 -0.160000
v 0.546354 0.997336 -0.170000
v 0.518683 0.997829 -0.180000
v 0.482582 0.994770 -0.190000
v 0.446481 0.991710 -0.200000
v 0.412658 0.982977 -0.210000
v 0.381266 0.968191 -0.220000
v 0.349874 0.953405 -0.230000
v 0.324152 0.936645 -0.240000
v 0.314734 0.914211 -0.250000
v 0.305316 0.891776 -0.260000
v 0.293241 0.867780 -0.270000
v 0.201418 0.796908 -0.280000
v 0.109595 0.726036 -0.290000
v 0.017772 0.655164 -0.300000
v 0.194937 0.636924 -0.310000
v 0.436658 0.631316 -0.320000
v 0.678379 0.625707 -0.330000
v 0.819392 0.599671 -0.340000
v 0.887671 0.558882 -0.350000
v 0.955949 0.518092 -0.360000
v 0.957949 0.480378 -0.370000
v 0.839443 0.448257 -0.380000
v 0.720937 0.416135 -0.390000
v 0.602937 0.383750 -0.400000
v 0.488355 0.349589 -0.410000
v 0.373773 0.315428 -0.420000
v 0.259190 0.281266 -0.430000
v 0.265114 0.251250 -0.440000
v 0.283949 0.221678 -0.450000
v 0.302785 0.192105 -0.460000
v 0.363620 0.166678 -0.470000
v 0.444455 0.143224 -0.480000
v 0.525291 0.119770 -0.490000
v 0.579899 0.098849 -0.500000
v 0.602658 0.081003 -0.510000
v 0.625418 0.063158 -0.520000
v 0.660050 0.048651 -0.530000
v 0.735392 0.045592 -0.540000
v 0.810734 0.042533 -0.550000
v 0.886076 0.039474 -0.560000
v 0.526582 0.000000 0.420000
v 0.448886 0.031102 0.410000
v 0.371190 0.062204 0.400000
v 0.293494 0.093306 0.390000
v 0.336101 0.118882 0.380000
v 0.413798 0.142845 0.370000
v 0.491494 0.166809 0.360000
v 0.543797 0.184901 0.350000
v 0.575190 0.198158 0.340000
v 0.606582 0.211414 0.330000
v 0.647595 0.229934 0.320000
v 0.708810 0.259507 0.310000
v 0.770025 0.289079 0.300000
v 0.816430 0.316826 0.290000
v 0.724608 0.327533 0.280000
v 0.632785 0.338240 0.270000
v 0.540962 0.348947 0.260000
v 0.483316 0.362763 0.250000
v 0.430734 0.377039 0.240000
v 0.378152 0.391316 0.230000
v 0.351392 0.407566 0.220000
v 0.338835 0.424901 0.210000
v 0.326278 0.442237 0.200000
v 0.328203 0.458289 0.190000
v 0.350177 0.472566 0.180000
v 0.372152 0.486842 0.170000
v 0.402785 0.501908 0.160000
v 0.469494 0.520263 0.150000
v 0.536203 0.538618 0.140000
v 0.602911 0.556974 0.130000
v 0.615696 0.577303 0.120000
v 0.626684 0.597697 0.110000
v 0.637671 0.618092 0.100000
v 0.625949 0.642648 0.090000
v 0.606329 0.668651 0.080000
v 0.586709 0.694655 0.070000
v 0.545215 0.704079 0.060000
v 0.483215 0.697960 0.050000
v 0.421215 0.691842 0.040000
v 0.373570 0.691201 0.030000
v 0.361013 0.703947 0.020000
v 0.348456 0.716694 0.010000
v 0.335443 0.729868 0.000000
v 0.315823 0.749243 -0.010000
v 0.296203 0.768618 -0.020000
v 0.276582 0.787993 -0.030000
v 0.311595 0.806941 -0.040000
v 0.357114 0.825806 -0.050000
v 0.402633 0.844671 -0.060000
v 0.507797 0.849786 -0.070000
v 0.650633 0.846217 -0.080000
v 0.793468 0.842648 -0.090000
v 0.841823 0.851513 -0.100000
v 0.740583 0.880066 -0.110000
v 0.639342 0.908618 -0.120000
v 0.555063 0.934457 -0.130000
v 0.558987 0.946184 -0.140000
v 0.562911 0.957911 -0.150000
v 0.566835 0.969638 -0.160000
v 0.560481 0.978980 -0.170000
v 0.553418 0.988158 -0.180000
v 0.546354 0.997336 -0.190000
v 0.518683 0.997829 -0.200000
v 0.482582 0.994770 -0.210000
v 0.446481 0.991710 -0.220000
v 0.412658 0.982977 -0.230000
v 0.381266 0.968191 -0.240000
v 0.349874 0.953405 -0.250000
v 0.324152 0.936645 -0.260000
v 0.314734 0.914211 -0.270000
v 0.305316 0.891776 -0.280000
v 0.293241 0.867780 -0.290000
v 0.201418 0.796908 -0.300000
v 0.109595 0.726036 -0.310000
v 0.017772 0.655164 -0.320000
v 0.194937 0.636924 -0.330000
v 0.436658 0.631316 -0.340000
v 0.678379 0.625707 -0.350000
v 0.819392 0.599671 -0.360000
v 0.887671 0.558882 -0.370000
v 0.955949 0.518092 -0.380000
v 0.957949 0.480378 -0.390000
v 0.839443 0.448257 -0.400000
v 0.720937 0.416135 -0.410000
v 0.602937 0.383750 -0.420000
v 0.488355 0.349589 -0.430000
v 0.373773 0.315428 -0.440000
v 0.259190 0.281266 -0.450000
v 0.265114 0.251250 -0.460000
v 0.283949 0.221678 -0.470000
v 0.302785 0.192105 -0.480000
v 0.363620 0.166678 -0.490000
v 0.444455 0.143224 -0.500000
v 0.525291 0.119770 -0.510000
v 0.579899 0.098849 -0.520000
v 0.602658 0.081003 -0.530000
v 0.625418 0.063158 -0.540000
v 0.660050 0.048651 -0.550000
v 0.735392 0.045592 -0.560000
v 0.810734 0.042533 -0.570000
v 0.886076 0.039474 -0.580000
v 0.526582 0.000000 0.400000
v 0.448886 0.031102 0.390000
v 0.371190 0.062204 0.380000
v 0.293494 0.093306 0.370000
v 0.336101 0.118882 0.360000
v 0.413798 0.142845 0.350000
v 0.491494 0.166809 0.340000
v 0.543797 0.184901 0.330000
v 0.575190 0.198158 0.320000
v 0.606582 0.211414 0.310000
v 0.647595 0.229934 0.300000
v 0.708810 0.259507 0.290000
v 0.770025 0.289079 0.280000
v 0.816430 0.316826 0.270000
v 0.724608 0.327533 0.260000
v 0.632785 0.338240 0.250000
v 0.540962 0.348947 0.240000
v 0.483316 0.362763 0.230000
v 0.430734 0.377039 0.220000
v 0.378152 0.391316 0.210000
v 0.351392 0.407566 0.200000
v 0.338835 0.424901 0.190000
v 0.326278 0.442237 0.180000
v 0.328203 0.458289 0.170000
v 0.350177 0.472566 0.160000
v 0.372152 0.486842 0.150000
v 0.402785 0.501908 0.140000
v 0.469494 0.520263 0.130000
v 0.536203 0.538618 0.120000
v 0.602911 0.556974 0.110000
v 0.615696 0.577303 0.100000
v 0.626684 0.597697 0.090000
v 0.637671 0.618092 0.080000
v 0.625949 0.642648 0.070000
v 0.606329 0.668651 0.060000
v 0.586709 0.694655 0.050000
v 0.545215 0.704079 0.040000
v 0.483215 0.697960 0.030000
v 0.421215 0.691842 0.020000
v 0.373570 0.691201 0.010000
v 0.361013 0.703947 0.000000
v 0.348456 0.716694 -0.010000
v 0.335443 0.729868 -0.020000
v 0.315823 0.749243 -0.030000
v 0.296203 0.768618 -0.040000
v 0.276582 0.787993 -0.050000
v 0.311595 0.806941 -0.060000
v 0.357114 0.825806 -0.070000
v 0.402633 0.844671 -0.080000
v 0.507797 0.849786 -0.090000
v 0.650633 0.846217 -0.100000
v 0.793468 0.842648 -0.110000
v 0.841823 0.851513 -0.120000
v 0.740583 0.880066 -0.130000
v 0.639342 0.908618 -0.140000
v 0.555063 0.934457 -0.150000
v 0.558987 0.946184 -0.160000
v 0.562911 0.957911 -0.170000
v 0.566835 0.969638 -0.180000
v 0.560481 0.978980 -0.190000
v 0.553418 0.988158 -0.200000
v 0.546354 0.997336 -0.210000
v 0.518683 0.997829 -0.220000
v 0.482582 0.994770 -0.230000
v 0.446481 0.991710 -0.240000
v 0.412658 0.982977 -0.250000
v 0.381266 0.968191 -0.260000
v 0.349874 0.953405 -0.270000
v 0.324152 0.936645 -0.280000
v 0.314734 0.914211 -0.290000
v 0.305316 0.891776 -0.300000
v 0.293241 0.867780 -0.310000
v 0.201418 0.796908 -0.320000
v 0.109595 0.726036 -0.330000
v 0.017772 0.655164 -0.340000
v 0.194937 0.636924 -0.350000
v 0.436658 0.631316 -0.360000
v 0.678379 0.625707 -0.370000
v 0.819392 0.599671 -0.380000
v 0.887671 0.558882 -0.390000
v 0.955949 0.518092 -0.400000
v 0.957949 0.480378 -0.410000
v 0.839443 0.448257 -0.420000
v 0.720937 0.416135 -0.430000
v 0.602937 0.383750 -0.440000
v 0.488355 0.349589 -0.450000
v 0.373773 0.315428 -0.460000
v 0.259190 0.281266 -0.470000
v 0.265114 0.251250 -0.480000
v 0.283949 0.221678 -0.490000
v 0.302785 0.192105 -0.500000
v 0.363620 0.166678 -0.510000
v 0.444455 0.143224 -0.520000
v 0.525291 0.119770 -0.530000
v 0.579899 0.098849 -0.540000
v 0.602658 0.081003 -0.550000
v 0.625418 0.063158 -0.560000
v 0.660050 0.048651 -0.570000
v 0.735392 0.045592 -0.580000
v 0.810734 0.042533 -0.590000
v 0.886076 0.039474 -0.600000
v 0.526582 0.000000 0.380000
v 0.448886 0.031102 0.370000
v 0.371190 0.062204 0.360000
v 0.293494 0.093306 0.350000
v 0.336101 0.118882 0.340000
v 0.413798 0.142845 0.330000
v 0.491494 0.166809 0.320000
v 0.543797 0.184901 0.310000
v 0.575190 0.198158 0.300000
v 0.606582 0.211414 0.290000
v 0.647595 0.229934 0.280000
v 0.708810 0.259507 0.270000
v 0.770025 0.289079 0.260000
v 0.816430 0.316826 0.250000
v 0.724608 0.327533 0.240000
v 0.632785 0.338240 0.230000
v 0.540962 0.348947 0.220000
v 0.483316 0.362763 0.210000
v 0.430734 0.377039 0.200000
v 0.378152 0.391316 0.190000
v 0.351392 0.407566 0.180000
v 0.338835 0.424901 0.170000
v 0.326278 0.442237 0.160000
v 0.328203 0.458289 0.150000
v 0.350177 0.472566 0.140000
v 0.372152 0.486842 0.130000
v 0.402785 0.501908 0.120000
v 0.469494 0.520263 0.110000
v 0.536203 0.538618 0.100000
v 0.602911 0.556974 0.090000
v 0.615696 0.577303 0.080000
v 0.626684 0.597697 0.070000
v 0.637671 0.618092 0.060000
v 0.625949 0.642648 0.050000
v 0.606329 0.668651 0.040000
v 0.586709 0.694655 0.030000
v 0.545215 0.704079 0.020000
v 0.483215 0.697960 0.010000
v 0.421215 0.691842 0.000000
v 0.373570 0.691201 -0.010000
v 0.361013 0.703947 -0.020000
v 0.348456 0.716694 -0.030000
v 0.335443 0.729868 -0.040000
v 0.315823 0.749243 -0.050000
v 0.296203 0.768618 -0.060000
v 0.276582 0.787993 -0.070000
v 0.311595 0.806941 -0.080000
v 0.357114 0.825806 -0.090000
v 0.402633 0.844671 -0.100000
v 0.507797 0.849786 -0.110000
v 0.650633 0.846217 -0.120000
v 0.793468 0.842648 -0.130000
v 0.841823 0.851513 -0.140000
v 0.740583 0.880066 -0.150000
v 0.639342 0.908618 -0.160000
v 0.555063 0.934457 -0.170000
v 0.558987 0.946184 -0.180000
v 0.562911 0.957911 -0.190000
v 0.566835 0.969638 -0.200000
v 0.560481 0.978980 -0.210000
v 0.553418 0.988158 -0.220000
v 0.546354 0.997336 -0.230000
v 0.518683 0.997829 -0.240000
v 0.482582 0.994770 -0.250000
v 0.446481 0.991710 -0.260000
v 0.412658 0.982977 -0.270000
v 0.381266 0.968191 -0.280000
v 0.349874 0.953405 -0.290000
v 0.324152 0.936645 -0.300000
v 0.314734 0.914211 -0.310000
v 0.305316 0.891776 -0.320000
v 0.293241 0.867780 -0.330000
v 0.201418 0.796908 -0.340000
v 0.109595 0.726036 -0.350000
v 0.017772 0.655164 -0.360000
v 0.194937 0.636924 -0.370000
v 0.436658 0.631316 -0.380000
v 0.678379 0.625707 -0.390000
v 0.819392 0.599671 -0.400000
v 0.887671 0.558882 -0.410000
v 0.955949 0.518092 -0.420000
v 0.957949 0.480378 -0.430000
v 0.839443 0.448257 -0.440000
v 0.720937 0.416135 -0.450000
v 0.602937 0.383750 -0.460000
v 0.488355 0.349589 -0.470000
v 0.373773 0.315428 -0.480000
v 0.259190 0.281266 -0.490000
v 0.265114 0.251250 -0.500000
v 0.283949 0.221678 -0.510000
v 0.302785 0.192105 -0.520000
v 0.363620 0.166678 -0.530000
v 0.444455 0.143224 -0.540000
v 0.525291 0.119770 -0.550000
v 0.579899 0.098849 -0.560000
v 0.602658 0.081003 -0.570000
v 0.625418 0.063158 -0.580000
v 0.660050 0.048651 -0.590000
v 0.735392 0.045592 -0.600000
v 0.810734 0.042533 -0.610000
v 0.886076 0.039474 -0.620000
v 0.526582 0.000000 0.360000
v 0.448886 0.031102 0.350000
v 0.371190 0.062204 0.340000
v 0.293494 0.093306 0.330000
v 0.336101 0.118882 0.320000
v 0.413798 0.142845 0.310000
v 0.491494 0.166809 0.300000
v 0.543797 0.184901 0.290000
v 0.575190 0.198158 0.280000
v 0.606582 0.211414 0.270000
v 0.647595 0.229934 0.260000
v 0.708810 0.259507 0.250000
v 0.770025 0.289079 0.240000
v 0.816430 0.316826 0.230000
v 0.724608 0.327533 0.220000
v 0.632785 0.338240 0.210000
v 0.540962 0.348947 0.200000
v 0.483316 0.362763 0.190000
v 0.430734 0.377039 0.180000
v 0.378152 0.391316 0.170000
v 0.351392 0.407566 0.160000
v 0.338835 0.424901 0.150000
v 0.326278 0.442237 0.140000
v 0.328203 0.458289 0.130000
v 0.350177 0.472566 0.120000
v 0.372152 0.486842 0.110000
v 0.402785 0.501908 0.100000
v 0.469494 0.520263 0.090000
v 0.536203 0.538618 0.080000
v 0.602911 0.556974 0.070000
v 0.615696 0.577303 0.060000
v 0.626684 0.597697 0.050000
v 0.637671 0.618092 0.040000
v 0.625949 0.642648 0.030000
v 0.606329 0.668651 0.020000
v 0.586709 0.694655 0.010000
v 0.545215 0.704079 0.000000
v 0.483215 0.697960 -0.010000
v 0.421215 0.691842 -0.020000
v 0.373570 0.691201 -0.030000
v 0.361013 0.703947 -0.040000
v 0.348456 0.716694 -0.050000
v 0.335443 0.729868 -0.060000
v 0.315823 0.749243 -0.070000
v 0.296203 0.768618 -0.080000
v 0.276582 0.787993 -0.090000
v 0.311595 0.806941 -0.100000
v 0.357114 0.825806 -0.110000
v 0.402633 0.844671 -0.120000
v 0.507797 0.849786 -0.130000
v 0.650633 0.846217 -0.140000
v 0.793468 0.842648 -0.150000
v 0.841823 0.851513 -0.160000
v 0.740583 0.880066 -0.170000
v 0.639342 0.908618 -0.180000
v 0.555063 0.934457 -0.190000
v 0.558987 0.946184 -0.200000
v 0.562911 0.957911 -0.210000
v 0.566835 0.969638 -0.220000
v 0.560481 0.978980 -0.230000
v 0.553418 0.988158 -0.240000
v 0.546354 0.997336 -0.250000
v 0.518683 0.997829 -0.260000
v 0.482582 0.994770 -0.270000
v 0.446481 0.991710 -0.280000
v 0.412658 0.982977 -0.290000
v 0.381266 0.968191 -0.300000
v 0.349874 0.953405 -0.310000
v 0.324152 0.936645 -0.320000
v 0.314734 0.914211 -0.330000
v 0.305316 0.891776 -0.340000
v 0.293241 0.867780 -0.350000
v 0.201418 0.796908 -0.360000
v 0.109595 0.726036 -0.370000
v 0.017772 0.655164 -0.380000
v 0.194937 0.636924 -0.390000
v 0.436658 0.631316 -0.400000
v 0.678379 0.625707 -0.410000
v 0.819392 0.599671 -0.420000
v 0.887671 0.558882 -0.430000
v 0.955949 0.518092 -0.440000
v 0.957949 0.480378 -0.450000
v 0.839443 0.448257 -0.460000
v 0.720937 0.416135 -0.470000
v 0.602937 0.383750 -0.480000
v 0.488355 0.349589 -0.490000
v 0.373773 0.315428 -0.500000
v 0.259190 0.281266 -0.510000
v 0.265114 0.251250 -0.520000
v 0.283949 0.221678 -0.530000
v 0.302785 0.192105 -0.540000
v 0.363620 0.166678 -0.550000
v 0.444455 0.143224 -0.560000
v 0.525291 0.119770 -0.570000
v 0.579899 0.098849 -0.580000
v 0.602658 0.081003 -0.590000
v 0.625418 0.063158 -0.600000
v 0.660050 0.048651 -0.610000
v 0.735392 0.045592 -0.620000
v 0.810734 0.042533 -0.630000
v 0.886076 0.039474 -0.640000
v 0.526582 0.000000 0.340000
v 0.448886 0.031102 0.330000
v 0.371190 0.062204 0.320000
v 0.293494 0.093306 0.310000
v 0.336101 0.118882 0.300000
v 0.413798 0.142845 0.290000
v 0.491494 0.166809 0.280000
v 0.543797 0.184901 0.270000
v 0.575190 0.198158 0.260000
v 0.606582 0.211414 0.250000
v 0.647595 0.229934 0.240000
v 0.708810 0.259507 0.230000
v 0.770025 0.289079 0.220000
v 0.816430 0.316826 0.210000
v 0.724608 0.327533 0.200000
v 0.632785 0.338240 0.190000
v 0.540962 0.348947 0.180000
v 0.483316 0.362763 0.170000
v 0.430734 0.377039 0.160000
v 0.378152 0.391316 0.150000
v 0.351392 0.407566 0.140000
v 0.338835 0.424901 0.130000
v 0.326278 0.442237 0.120000
v 0.328203 0.458289 0.110000
v 0.350177 0.472566 0.100000
v 0.372152 0.486842 0.090000
v 0.402785 0.501908 0.080000
v 0.469494 0.520263 0.070000
v 0.536203 0.538618 0.060000
v 0.602911 0.556974 0.050000
v 0.615696 0.577303 0.040000
v 0.626684 0.597697 0.030000
v 0.637671 0.618092 0.020000
v 0.625949 0.642648 0.010000
v 0.606329 0.668651 0.000000
v 0.586709 0.694655 -0.010000
v 0.545215 0.704079 -0.020000
v 0.483215 0.697960 -0.030000
v 0.421215 0.691842 -0.040000
v 0.373570 0.691201 -0.050000
v 0.361013 0.703947 -0.060000
v 0.348456 0.716694 -0.070000
v 0.335443 0.729868 -0.080000
v 0.315823 0.749243 -0.090000
v 0.296203 0.768618 -0.100000
v 0.276582 0.787993 -0.110000
v 0.311595 0.806941 -0.120000
v 0.357114 0.825806 -0.130000
v 0.402633 0.844671 -0.140000
v 0.507797 0.849786 -0.150000
v 0.650633 0.846217 -0.160000
v 0.793468 0.842648 -0.170000
v 0.841823 0.851513 -0.180000
v 0.740583 0.880066 -0.190000
v 0.639342 0.908618 -0.200000
v 0.555063 0.934457 -0.210000
v 0.558987 0.946184 -0.220000
v 0.562911 0.957911 -0.230000
v 0.566835 0.969638 -0.240000
v 0.560481 0.978980 -0.250000
v 0.553418 0.988158 -0.260000
v 0.546354 0.997336 -0.270000
v 0.518683 0.997829 -0.280000
v 0.482582 0.994770 -0.290000
v 0.446481 0.991710 -0.300000
v 0.412658 0.982977 -0.310000
v 0.381266 0.968191 -0.320000
v 0.349874 0.953405 -0.330000
v 0.324152 0.936645 -0.340000
v 0.314734 0.914211 -0.350000
v 0.305316 0.891776 -0.360000
v 0.293241 0.867780 -0.370000
v 0.201418 0.796908 -0.380000
v 0.109595 0.726036 -0.390000
v 0.017772 0.655164 -0.400000
v 0.194937 0.636924 -0.410000
v 0.436658 0.631316 -0.420000
v 0.678379 0.625707 -0.430000
v 0.819392 0.599671 -0.440000
v 0.887671 0.558882 -0.450000
v 0.955949 0.518092 -0.460000
v 0.957949 0.480378 -0.470000
v 0.839443 0.448257 -0.480000
v 0.720937 0.416135 -0.490000
v 0.602937 0.383750 -0.500000
v 0.488355 0.349589 -0.510000
v 0.373773 0.315428 -0.520000
v 0.259190 0.281266 -0.530000
v 0.265114 0.251250 -0.540000
v 0.283949 0.221678 -0.550000
v 0.302785 0.192105 -0.560000
v 0.363620 0.166678 -0.570000
v 0.444455 0.143224 -0.580000
v 0.525291 0.119770 -0.590000
v 0.579899 0.098849 -0.600000
v 0.602658 0.081003 -0.610000
v 0.625418 0.063158 -0.620000
v 0.660050 0.048651 -0.630000
v 0.735392 0.045592 -0.640000
v 0.810734 0.042533 -0.650000
v 0.886076 0.039474 -0.660000
v 0.526582 0.000000 0.320000
v 0.448886 0.031102 0.310000
v 0.371190 0.062204 0.300000
v 0.293494 0.093306 0.290000
v 0.336101 0.118882 0.280000
v 0.413798 0.142845 0.270000
v 0.491494 0.166809 0.260000
v 0.543797 0.184901 0.250000
v 0.575190 0.198158 0.240000
v 0.606582 0.211414 0.230000
v 0.647595 0.229934 0.220000
v 0.708810 0.259507 0.210000
v 0.770025 0.289079 0.200000
v 0.816430 0.316826 0.190000
v 0.724608 0.327533 0.180000
v 0.632785 0.338240 0.170000
v 0.540962 0.348947 0.160000
v 0.483316 0.362763 0.150000
v 0.430734 0.377039 0.140000
v 0.378152 0.391316 0.130000
v 0.351392 0.407566 0.120000
v 0.338835 0.424901 0.110000
v 0.326278 0.442237 0.100000
v 0.328203 0.458289 0.090000
v 0.350177 0.472566 0.080000
v 0.372152 0.486842 0.070000
v 0.402785 0.501908 0.060000
v 0.469494 0.520263 0.050000
v 0.536203 0.538618 0.040000
v 0.602911 0.556974 0.030000
v 0.615696 0.577303 0.020000
v 0.626684 0.597697 0.010000
v 0.637671 0.618092 0.000000
v 0.625949 0.642648 -0.010000
v 0.606329 0.668651 -0.020000
v 0.586709 0.694655 -0.030000
v 0.545215 0.704079 -0.040000
v 0.483215 0.697960 -0.050000
v 0.421215 0.691842 -0.060000
v 0.373570 0.691201 -0.070000
v 0.361013 0.703947 -0.080000
v 0.348456 0.716694 -0.090000
v 0.335443 0.729868 -0.100000
v 0.315823 0.749243 -0.110000
v 0.296203 0.768618 -0.120000
v 0.276582 0.787993 -0.130000
v 0.311595 0.806941 -0.140000
v 0.357114 0.825806 -0.150000
v 0.402633 0.844671 -0.160000
v 0.507797 0.849786 -0.170000
v 0.650633 0.846217 -0.180000
v 0.793468 0.842648 -0.190000
v 0.841823 0.851513 -0.200000
v 0.740583 0.880066 -0.210000
v 0.639342 0.908618 -0.220000
v 0.555063 0.934457 -0.230000
v 0.558987 0.946184 -0.240000
v 0.562911 0.957911 -0.250000
v 0.566835 0.969638 -0.260000
v 0.560481 0.978980 -0.270000
v 0.553418 0.988158 -0.280000
v 0.546354 0.997336 -0.290000
v 0.518683 0.997829 -0.300000
v 0.482582 0.994770 -0.310000
v 0.446481 0.991710 -0.320000
v 0.412658 0.982977 -0.330000
v 0.381266 0.968191 -0.340000
v 0.349874 0.953405 -0.350000
v 0.324152 0.936645 -0.360000
v 0.314734 0.914211 -0.370000
v 0.305316 0.891776 -0.380000
v 0.293241 0.867780 -0.390000
v 0.201418 0.796908 -0.400000
v 0.109595 0.726036 -0.410000
v 0.017772 0.655164 -0.420000
v 0.194937 0.636924 -0.430000
v 0.436658 0.631316 -0.440000
v 0.678379 0.625707 -0.450000
v 0.819392 0.599671 -0.460000
v 0.887671 0.558882 -0.470000
v 0.955949 0.518092 -0.480000
v 0.957949 0.480378 -0.490000
v 0.839443 0.448257 -0.500000
v 0.720937 0.416135 -0.510000
v 0.602937 0.383750 -0.520000
v 0.488355 0.349589 -0.530000
v 0.373773 0.315428 -0.540000
v 0.259190 0.281266 -0.550000
v 0.265114 0.251250 -0.560000
v 0.283949 0.221678 -0.570000
v 0.302785 0.192105 -0.580000
v 0.363620 0.166678 -0.590000
v 0.444455 0.143224 -0.600000
v 0.525291 0.119770 -0.610000
v 0.579899 0.098849 -0.620000
v 0.602658 0.081003 -0.630000
v 0.625418 0.063158 -0.640000
v 0.660050 0.048651 -0.650000
v 0.735392 0.045592 -0.660000
v 0.810734 0.042533 -0.670000
v 0.886076 0.039474 -0.680000
v 0.526582 0.000000 0.300000
v 0.448886 0.031102 0.290000
v 0.371190 0.062204 0.280000
v 0.293494 0.093306 0.270000
v 0.336101 0.118882 0.260000
v 0.413798 0.142845 0.250000
v 0.491494 0.166809 0.240000
v 0.543797 0.184901 0.230000
v 0.575190 0.198158 0.220000
v 0.606582 0.211414 0.210000
v 0.647595 0.229934 0.200000
v 0.708810 0.259507 0.190000
v 0.770025 0.289079 0.180000
v 0.816430 0.316826 0.170000
v 0.724608 0.327533 0.160000
v 0.632785 0.338240 0.150000
v 0.540962 0.348947 0.140000
v 0.483316 0.362763 0.130000
v 0.430734 0.377039 0.120000
v 0.378152 0.391316 0.110000
v 0.351392 0.407566 0.100000
v 0.338835 0.424901 0.090000
v 0.326278 0.442237 0.080000
v 0.328203 0.458289 0.070000
v 0.350177 0.472566 0.060000
v 0.372152 0.486842 0.050000
v 0.402785 0.501908 0.040000
v 0.469494 0.520263 0.030000
v 0.536203 0.538618 0.020000
v 0.602911 0.556974 0.010000
v 0.615696 0.577303 0.000000
v 0.626684 0.597697 -0.010000
v 0.637671 0.618092 -0.020000
v 0.625949 0.642648 -0.030000
v 0.606329 0.668651 -0.040000
v 0.586709 0.694655 -0.050000
v 0.545215 0.704079 -0.060000
v 0.483215 0.697960 -0.070000
v 0.421215 0.691842 -0.080000
v 0.373570 0.691201 -0.090000
v 0.361013 0.703947 -0.100000
v 0.348456 0.716694 -0.110000
v 0.335443 0.729868 -0.120000
v 0.315823 0.749243 -0.130000
v 0.296203 0.768618 -0.140000
v 0.276582 0.787993 -0.150000
v 0.311595 0.806941 -0.160000
v 0.357114 0.825806 -0.170000
v 0.402633 0.844671 -0.180000
v 0.507797 0.849786 -0.190000
v 0.650633 0.846217 -0.200000
v 0.793468 0.842648 -0.210000
v 0.841823 0.851513 -0.220000
v 0.740583 0.880066 -0.230000
v 0.639342 0.908618 -0.240000
v 0.555063 0.934457 -0.250000
v 0.558987 0.946184 -0.260000
v 0.562911 0.957911 -0.270000
v 0.566835 0.969638 -0.280000
v 0.560481 0.978980 -0.290000
v 0.553418 0.988158 -0.300000
v 0.546354 0.997336 -0.310000
v 0.518683 0.997829 -0.320000
v 0.482582 0.994770 -0.330000
v 0.446481 0.991710 -0.340000
v 0.412658 0.982977 -0.350000
v 0.381266 0.968191 -0.360000
v 0.349874 0.953405 -0.370000
v 0.324152 0.936645 -0.380000
v 0.314734 0.914211 -0.390000
v 0.305316 0.891776 -0.400000
v 0.293241 0.867780 -0.410000
v 0.201418 0.796908 -0.420000
v 0.109595 0.726036 -0.430000
v 0.017772 0.655164 -0.440000
v 0.194937 0.636924 -0.450000
v 0.436658 0.631316 -0.460000
v 0.678379 0.625707 -0.470000
v 0.819392 0.599671 -0.480000
v 0.887671 0.558882 -0.490000
v 0.955949 0.518092 -0.500000
v 0.957949 0.480378 -0.510000
v 0.839443 0.448257 -0.520000
v 0.720937 0.416135 -0.530000
v 0.602937 0.383750 -0.540000
v 0.488355 0.349589 -0.550000
v 0.373773 0.315428 -0.560000
v 0.259190 0.281266 -0.570000
v 0.265114 0.251250 -0.580000
v 0.283949 0.221678 -0.590000
v 0.302785 0.192105 -0.600000
v 0.363620 0.166678 -0.610000
v 0.444455 0.143224 -0.620000
v 0.525291 0.119770 -0.630000
v 0.579899 0.098849 -0.640000
v 0.602658 0.081003 -0.650000
v 0.625418 0.063158 -0.660000
v 0.660050 0.048651 -0.670000
v 0.735392 0.045592 -0.680000
v 0.810734 0.042533 -0.690000
v 0.886076 0.039474 -0.700000
v 0.526582 0.000000 0.280000
v 0.448886 0.031102 0.270000
v 0.371190 0.062204 0.260000
v 0.293494 0.093306 0.250000
v 0.336101 0.118882 0.240000
v 0.413798 0.142845 0.230000
v 0.491494 0.166809 0.220000
v 0.543797 0.184901 0.210000
v 0.575190 0.198158 0.200000
v 0.606582 0.211414 0.190000
v 0.647595 0.229934 0.180000
v 0.708810 0.259507 0.170000
v 0.770025 0.289079 0.160000
v 0.816430 0.316826 0.150000
v 0.724608 0.327533 0.140000
v 0.632785 0.338240 0.130000
v 0.540962 0.348947 0.120000
v 0.483316 0.362763 0.110000
v 0.430734 0.377039 0.100000
v 0.378152 0.391316 0.090000
v 0.351392 0.407566 0.080000
v 0.338835 0.424901 0.070000
v 0.326278 0.442237 0.060000
v 0.328203 0.458289 0.050000
v 0.350177 0.472566 0.040000
v 0.372152 0.486842 0.030000
v 0.402785 0.501908 0.020000
v 0.469494 0.520263 0.010000
v 0.536203 0.538618 0.000000
v 0.602911 0.556974 -0.010000
v 0.615696 0.577303 -0.020000
v 0.626684 0.597697 -0.030000
v 0.637671 0.618092 -0.040000
v 0.625949 0.642648 -0.050000
v 0.606329 0.668651 -0.060000
v 0.586709 0.694655 -0.070000
v 0.545215 0.704079 -0.080000
v 0.483215 0.697960 -0.090000
v 0.421215 0.691842 -0.100000
v 0.373570 0.691201 -0.110000
v 0.361013 0.703947 -0.120000
v 0.348456 0.716694 -0.130000
v 0.335443 0.729868 -0.140000
v 0.315823 0.749243 -0.150000
v 0.296203 0.768618 -0.160000
v 0.276582 0.787993 -0.170000
v 0.311595 0.806941 -0.180000
v 0.357114 0.825806 -0.190000
v 0.402633 0.844671 -0.200000
v 0.507797 0.849786 -0.210000
v 0.650633 0.846217 -0.220000
v 0.793468 0.842648 -0.230000
v 0.841823 0.851513 -0.240000
v 0.740583 0.880066 -0.250000
v 0.639342 0.908618 -0.260000
v 0.555063 0.934457 -0.270000
v 0.558987 0.946184 -0.280000
v 0.562911 0.957911 -0.290000
v 0.566835 0.969638 -0.300000
v 0.560481 0.978980 -0.310000
v 0.553418 0.988158 -0.320000
v 0.546354 0.997336 -0.330000
v 0.518683 0.997829 -0.340000
v 0.482582 0.994770 -0.350000
v 0.446481 0.991710 -0.360000
v 0.412658 0.982977 -0.370000
v 0.381266 0.968191 -0.380000
v 0.349874 0.953405 -0.390000
v 0.324152 0.936645 -0.400000
v 0.314734 0.914211 -0.410000
v 0.305316 0.891776 -0.420000
v 0.293241 0.867780 -0.430000
v 0.201418 0.796908 -0.440000
v 0.109595 0.726036 -0.450000
v 0.017772 0.655164 -0.460000
v 0.194937 0.636924 -0.470000
v 0.436658 0.631316 -0.480000
v 0.678379 0.625707 -0.490000
v 0.819392 0.599671 -0.500000
v 0.887671 0.558882 -0.510000
v 0.955949 0.518092 -0.520000
v 0.957949 0.480378 -0.530000
v 0.839443 0.448257 -0.540000
v 0.720937 0.416135 -0.550000
v 0.602937 0.383750 -0.560000
v 0.488355 0.349589 -0.570000
v 0.373773 0.315428 -0.580000
v 0.259190 0.281266 -0.590000
v 0.265114 0.251250 -0.600000
v 0.283949 0.221678 -0.610000
v 0.302785 0.192105 -0.620000
v 0.363620 0.166678 -0.630000
v 0.444455 0.143224 -0.640000
v 0.525291 0.119770 -0.650000
v 0.579899 0.098849 -0.660000
v 0.602658 0.081003 -0.670000
v 0.625418 0.063158 -0.680000
v 0.660050 0.048651 -0.690000
v 0.735392 0.045592 -0.700000
v 0.810734 0.042533 -0.710000
v 0.886076 0.039474 -0.720000
v 0.526582 0.000000 0.260000
v 0.448886 0.031102 0.250000
v 0.371190 0.062204 0.240000
v 0.293494 0.093306 0.230000
v 0.336101 0.118882 0.220000
v 0.413798 0.142845 0.210000
v 0.491494 0.166809 0.200000
v 0.543797 0.184901 0.190000
v 0.575190 0.198158 0.180000
v 0.606582 0.211414 0.170000
v 0.647595 0.229934 0.160000
v 0.708810 0.259507 0.150000
v 0.770025 0.289079 0.140000
v 0.816430 0.316826 0.130000
v 0.724608 0.327533 0.120000
v 0.632785 0.338240 0.110000
v 0.540962 0.348947 0.100000
v 0.483316 0.362763 0.090000
v 0.430734 0.377039 0.080000
v 0.378152 0.391316 0.070000
v 0.351392 0.407566 0.060000
v 0.338835 0.424901 0.050000
v 0.326278 0.442237 0.040000
v 0.328203 0.458289 0.030000
v 0.350177 0.472566 0.020000
v 0.372152 0.486842 0.010000
v 0.402785 0.501908 0.000000
v 0.469494 0.520263 -0.010000
v 0.536203 0.538618 -0.020000
v 0.602911 0.556974 -0.030000
v 0.615696 0.577303 -0.040000
v 0.626684 0.597697 -0.050000
v 0.637671 0.618092 -0.060000
v 0.625949 0.642648 -0.070000
v 0.606329 0.668651 -0.080000
v 0.586709 0.694655 -0.090000
v 0.545215 0.704079 -0.100000
v 0.483215 0.697960 -0.110000
v 0.421215 0.691842 -0.120000
v 0.373570 0.691201 -0.130000
v 0.361013 0.703947 -0.140000
v 0.348456 0.716694 -0.150000
v 0.335443 0.729868 -0.160000
v 0.315823 0.749243 -0.170000
v 0.296203 0.768618 -0.180000
v 0.276582 0.787993 -0.190000
v 0.311595 0.806941 -0.200000
v 0.357114 0.825806 -0.210000
v 0.402633 0.844671 -0.220000
v 0.507797 0.849786 -0.230000
v 0.650633 0.846217 -0.240000
v 0.793468 0.842648 -0.250000
v 0.841823 0.851513 -0.260000
v 0.740583 0.880066 -0.270000
v 0.639342 0.908618 -0.280000
v 0.555063 0.934457 -0.290000
v 0.558987 0.946184 -0.300000
v 0.562911 0.957911 -0.310000
v 0.566835 0.969638 -0.320000
v 0.560481 0.978980 -0.330000
v 0.553418 0.988158 -0.340000
v 0.546354 0.997336 -0.350000
v 0.518683 0.997829 -0.360000
v 0.482582 0.994770 -0.370000
v 0.446481 0.991710 -0.380000
v 0.412658 0.982977 -0.390000
v 0.381266 0.968191 -0.400000
v 0.349874 0.953405 -0.410000
v 0.324152 0.936645 -0.420000
v 0.314734 0.914211 -0.430000
v 0.305316 0.891776 -0.440000
v 0.293241 0.867780 -0.450000
v 0.201418 0.796908 -0.460000
v 0.109595 0.726036 -0.470000
v 0.017772 0.655164 -0.480000
v 0.194937 0.636924 -0.490000
v 0.436658 0.631316 -0.500000
v 0.678379 0.625707 -0.510000
v 0.819392 0.599671 -0.520000
v 0.887671 0.558882 -0.530000
v 0.955949 0.518092 -0.540000
v 0.957949 0.480378 -0.550000
v 0.839443 0.448257 -0.560000
v 0.720937 0.416135 -0.570000
v 0.602937 0.383750 -0.580000
v 0.488355 0.349589 -0.590000
v 0.373773 0.315428 -0.600000
v 0.259190 0.281266 -0.610000
v 0.265114 0.251250 -0.620000
v 0.283949 0.221678 -0.630000
v 0.302785 0.192105 -0.640000
v 0.363620 0.166678 -0.650000
v 0.444455 0.143224 -0.660000
v 0.525291 0.119770 -0.670000
v 0.579899 0.098849 -0.680000
v 0.602658 0.081003 -0.690000
v 0.625418 0.063158 -0.700000
v 0.660050 0.048651 -0.710000
v 0.735392 0.045592 -0.720000
v 0.810734 0.042533 -0.730000
v 0.886076 0.039474 -0.740000
v 0.526582 0.000000 0.240000
v 0.448886 0.031102 0.230000
v 0.371190 0.062204 0.220000
v 0.293494 0.093306 0.210000
v 0.336101 0.118882 0.200000
v 0.413798 0.142845 0.190000
v 0.491494 0.166809 0.180000
v 0.543797 0.184901 0.170000
v 0.575190 0.198158 0.160000
v 0.606582 0.211414 0.150000
v 0.647595 0.229934 0.140000
v 0.708810 0.259507 0.130000
v 0.770025 0.289079 0.120000
v 0.816430 0.316826 0.110000
v 0.724608 0.327533 0.100000
v 0.632785 0.338240 0.090000
v 0.540962 0.348947 0.080000
v 0.483316 0.362763 0.070000
v 0.430734 0.377039 0.060000
v 0.378152 0.391316 0.050000
v 0.351392 0.407566 0.040000
v 0.338835 0.424901 0.030000
v 0.326278 0.442237 0.020000
v 0.328203 0.458289 0.010000
v 0.350177 0.472566 0.000000
v 0.372152 0.486842 -0.010000
v 0.402785 0.501908 -0.020000
v 0.469494 0.520263 -0.030000
v 0.536203 0.538618 -0.040000
v 0.602911 0.556974 -0.050000
v 0.615696 0.577303 -0.060000
v 0.626684 0.597697 -0.070000
v 0.637671 0.618092 -0.080000
v 0.625949 0.642648 -0.090000
v 0.606329 0.668651 -0.100000
v 0.586709 0.694655 -0.110000
v 0.545215 0.704079 -0.120000
v 0.483215 0.697960 -0.130000
v 0.421215 0.691842 -0.140000
v 0.373570 0.691201 -0.150000
v 0.361013 0.703947 -0.160000
v 0.348456 0.716694 -0.170000
v 0.335443 0.729868 -0.180000
v 0.315823 0.749243 -0.190000
v 0.296203 0.768618 -0.200000
v 0.276582 0.787993 -0.210000
v 0.311595 0.806941 -0.220000
v 0.357114 0.825806 -0.230000
v 0.402633 0.844671 -0.240000
v 0.507797 0.849786 -0.250000
v 0.650633 0.846217 -0.260000
v 0.793468 0.842648 -0.270000
v 0.841823 0.851513 -0.280000
v 0.740583 0.880066 -0.290000
v 0.639342 0.908618 -0.300000
v 0.555063 0.934457 -0.310000
v 0.558987 0.946184 -0.320000
v 0.562911 0.957911 -0.330000
v 0.566835 0.969638 -0.340000
v 0.560481 0.978980 -0.350000
v 0.553418 0.988158 -0.360000
v 0.546354 0.997336 -0.370000
v 0.518683 0.997829 -0.380000
v 0.482582 0.994770 -0.390000
v 0.446481 0.991710 -0.400000
v 0.412658 0.982977 -0.410000
v 0.381266 0.968191 -0.420000
v 0.349874 0.953405 -0.430000
v 0.324152 0.936645 -0.440000
v 0.314734 0.914211 -0.450000
v 0.305316 0.891776 -0.460000
v 0.293241 0.867780 -0.470000
v 0.201418 0.796908 -0.480000
v 0.109595 0.726036 -0.490000
v 0.017772 0.655164 -0.500000
v 0.194937 0.636924 -0.510000
v 0.436658 0.631316 -0.520000
v 0.678379 0.625707 -0.530000
v 0.819392 0.599671 -0.540000
v 0.887671 0.558882 -0.550000
v 0.955949 0.518092 -0.560000
v 0.957949 0.480378 -0.570000
v 0.839443 0.448257 -0.580000
v 0.720937 0.416135 -0.590000
v 0.602937 0.383750 -0.600000
v 0.488355 0.349589 -0.610000
v 0.373773 0.315428 -0.620000
v 0.259190 0.281266 -0.630000
v 0.265114 0.251250 -0.640000
v 0.283949 0.221678 -0.650000
v 0.302785 0.192105 -0.660000
v 0.363620 0.166678 -0.670000
v 0.444455 0.143224 -0.680000
v 0.525291 0.119770 -0.690000
v 0.579899 0.098849 -0.700000
v 0.602658 0.081003 -0.710000
v 0.625418 0.063158 -0.720000
v 0.660050 0.048651 -0.730000
v 0.735392 0.045592 -0.740000
v 0.810734 0.042533 -0.750000
v 0.886076 0.039474 -0.760000
v 0.526582 0.000000 0.220000
v 0.448886 0.031102 0.210000
v 0.371190 0.062204 0.200000
v 0.293494 0.093306 0.190000
v 0.336101 0.118882 0.180000
v 0.413798 0.142845 0.170000
v 0.491494 0.166809 0.160000
v 0.543797 0.184901 0.150000
v 0.575190 0.198158 0.140000
v 0.606582 0.211414 0.130000
v 0.647595 0.229934 0.120000
v 0.708810 0.259507 0.110000
v 0.770025 0.289079 0.100000
v 0.816430 0.316826 0.090000
v 0.724608 0.327533 0.080000
v 0.632785 0.338240 0.070000
v 0.540962 0.348947 0.060000
v 0.483316 0.362763 0.050000
v 0.430734 0.377039 0.040000
v 0.378152 0.391316 0.030000
v 0.351392 0.407566 0.020000
v 0.338835 0.424901 0.010000
v 0.326278 0.442237 0.000000
v 0.328203 0.458289 -0.010000
v 0.350177 0.472566 -0.020000
v 0.372152 0.486842 -0.030000
v 0.402785 0.501908 -0.040000
v 0.469494 0.520263 -0.050000
v 0.536203 0.538618 -0.060000
v 0.602911 0.556974 -0.070000
v 0.615696 0.577303 -0.080000
v 0.626684 0.597697 -0.090000
v 0.637671 0.618092 -0.100000
v 0.625949 0.642648 -0.110000
v 0.606329 0.668651 -0.120000
v 0.586709 0.694655 -0.130000
v 0.545215 0.704079 -0.140000
v 0.483215 0.697960 -0.150000
v 0.421215 0.691842 -0.160000
v 0.373570 0.691201 -0.170000
v 0.361013 0.703947 -0.180000
v 0.348456 0.716694 -0.190000
v 0.335443 0.729868 -0.200000
v 0.315823 0.749243 -0.210000
v 0.296203 0.768618 -0.220000
v 0.276582 0.787993 -0.230000
v 0.311595 0.806941 -0.240000
v 0.357114 0.825806 -0.250000
v 0.402633 0.844671 -0.260000
v 0.507797 0.849786 -0.270000
v 0.650633 0.846217 -0.280000
v 0.793468 0.842648 -0.290000
v 0.841823 0.851513 -0.300000
v 0.740583 0.880066 -0.310000
v 0.639342 0.908618 -0.320000
v 0.555063 0.934457 -0.330000
v 0.558987 0.946184 -0.340000
v 0.562911 0.957911 -0.350000
v 0.566835 0.969638 -0.360000
v 0.560481 0.978980 -0.370000
v 0.553418 0.988158 -0.380000
v 0.546354 0.997336 -0.390000
v 0.518683 0.997829 -0.400000
v 0.482582 0.994770 -0.410000
v 0.446481 0.991710 -0.420000
v 0.412658 0.982977 -0.430000
v 0.381266 0.968191 -0.440000
v 0.349874 0.953405 -0.450000
v 0.324152 0.936645 -0.460000
v 0.314734 0.914211 -0.470000
v 0.305316 0.891776 -0.480000
v 0.293241 0.867780 -0.490000
v 0.201418 0.796908 -0.500000
v 0.109595 0.726036 -0.510000
v 0.017772 0.655164 -0.520000
v 0.194937 0.636924 -0.530000
v 0.436658 0.631316 -0.540000
v 0.678379 0.625707 -0.550000
v 0.819392 0.599671 -0.560000
v 0.887671 0.558882 -0.570000
v 0.955949 0.518092 -0.580000
v 0.957949 0.480378 -0.590000
v 0.839443 0.448257 -0.600000
v 0.720937 0.416135 -0.610000
v 0.602937 0.383750 -0.620000
v 0.488355 0.349589 -0.630000
v 0.373773 0.315428 -0.640000
v 0.259190 0.281266 -0.650000
v 0.265114 0.251250 -0.660000
v 0.283949 0.221678 -0.670000
v 0.302785 0.192105 -0.680000
v 0.363620 0.166678 -0.690000
v 0.444455 0.143224 -0.700000
v 0.525291 0.119770 -0.710000
v 0.579899 0.098849 -0.720000
v 0.602658 0.081003 -0.730000
v 0.625418 0.063158 -0.740000
v 0.660050 0.048651 -0.750000
v 0.735392 0.045592 -0.760000
v 0.810734 0.042533 -0.770000
v 0.886076 0.039474 -0.780000
v 0.526582 0.000000 0.200000
v 0.448886 0.031102 0.190000
v 0.371190 0.062204 0.180000
v 0.293494 0.093306 0.170000
v 0.336101 0.118882 0.160000
v 0.413798 0.142845 0.150000
v 0.491494 0.166809 0.140000
v 0.543797 0.184901 0.130000
v 0.575190 0.198158 0.120000
v 0.606582 0.211414 0.110000
v 0.647595 0.229934 0.100000
v 0.708810 0.259507 0.090000
v 0.770025 0.289079 0.080000
v 0.816430 0.316826 0.070000
v 0.724608 0.327533 0.060000
v 0.632785 0.338240 0.050000
v 0.540962 0.348947 0.040000
v 0.483316 0.362763 0.030000
v 0.430734 0.377039 0.020000
v 0.378152 0.391316 0.010000
v 0.351392 0.407566 0.000000
v 0.338835 0.424901 -0.010000
v 0.326278 0.442237 -0.020000
v 0.328203 0.458289 -0.030000
v 0.350177 0.472566 -0.040000
v 0.372152 0.486842 -0.050000
v 0.402785 0.501908 -0.060000
v 0.469494 0.520263 -0.070000
v 0.536203 0.538618 -0.080000
v 0.602911 0.556974 -0.090000
v 0.615696 0.577303 -0.100000
v 0.626684 0.597697 -0.110000
v 0.637671 0.618092 -0.120000
v 0.625949 0.642648 -0.130000
v 0.606329 0.668651 -0.140000
v 0.586709 0.694655 -0.150000
v 0.545215 0.704079 -0.160000
v 0.483215 0.697960 -0.170000
v 0.421215 0.691842 -0.180000
v 0.373570 0.691201 -0.190000
v 0.361013 0.703947 -0.200000
v 0.348456 0.716694 -0.210000
v 0.335443 0.729868 -0.220000
v 0.315823 0.749243 -0.230000
v 0.296203 0.768618 -0.240000
v 0.276582 0.787993 -0.250000
v 0.311595 0.806941 -0.260000
v 0.357114 0.825806 -0.270000
v 0.402633 0.844671 -0.280000
v 0.507797 0.849786 -0.290000
v 0.650633 0.846217 -0.300000
v 0.793468 0.842648 -0.310000
v 0.841823 0.851513 -0.320000
v 0.740583 0.880066 -0.330000
v 0.639342 0.908618 -0.340000
v 0.555063 0.934457 -0.350000
v 0.558987 0.946184 -0.360000
v 0.562911 0.957911 -0.370000
v 0.566835 0.969638 -0.380000
v 0.560481 0.978980 -0.390000
v 0.553418 0.988158 -0.400000
v 0.546354 0.997336 -0.410000
v 0.518683 0.997829 -0.420000
v 0.482582 0.994770 -0.430000
v 0.446481 0.991710 -0.440000
v 0.412658 0.982977 -0.450000
v 0.381266 0.968191 -0.460000
v 0.349874 0.953405 -0.470000
v 0.324152 0.936645 -0.480000
v 0.314734 0.914211 -0.490000
v 0.305316 0.891776 -0.500000
v 0.293241 0.867780 -0.510000
v 0.201418 0.796908 -0.520000
v 0.109595 0.726036 -0.530000
v 0.017772 0.655164 -0.540000
v 0.194937 0.636924 -0.550000
v 0.436658 0.631316 -0.560000
v 0.678379 0.625707 -0.570000
v 0.819392 0.599671 -0.580000
v 0.887671 0.558882 -0.590000
v 0.955949 0.518092 -0.600000
v 0.957949 0.480378 -0.610000
v 0.839443 0.448257 -0.620000
v 0.720937 0.416135 -0.630000
v 0.602937 0.383750 -0.640000
v 0.488355 0.349589 -0.650000
v 0.373773 0.315428 -0.660000
v 0.259190 0.281266 -0.670000
v 0.265114 0.251250 -0.680000
v 0.283949 0.221678 -0.690000
v 0.302785 0.192105 -0.700000
v 0.363620 0.166678 -0.710000
v 0.444455 0.143224 -0.720000
v 0.525291 0.119770 -0.730000
v 0.579899 0.098849 -0.740000
v 0.602658 0.081003 -0.750000
v 0.625418 0.063158 -0.760000
v 0.660050 0.048651 -0.770000
v 0.735392 0.045592 -0.780000
v 0.810734 0.042533 -0.790000
v 0.886076 0.039474 -0.800000
v 0.526582 0.000000 0.180000
v 0.448886 0.031102 0.170000
v 0.371190 0.062204 0.160000
v 0.293494 0.093306 0.150000
v 0.336101 0.118882 0.140000
v 0.413798 0.142845 0.130000
v 0.491494 0.166809 0.120000
v 0.543797 0.184901 0.110000
v 0.575190 0.198158 0.100000
v 0.606582 0.211414 0.090000
v 0.647595 0.229934 0.080000
v 0.708810 0.259507 0.070000
v 0.770025 0.289079 0.060000
v 0.816430 0.316826 0.050000
v 0.724608 0.327533 0.040000
v 0.632785 0.338240 0.030000
v 0.540962 0.348947 0.020000
v 0.483316 0.362763 0.010000
v 0.430734 0.377039 0.000000
v 0.378152 0.391316 -0.010000
v 0.351392 0.407566 -0.020000
v 0.338835 0.424901 -0.030000
v 0.326278 0.442237 -0.040000
v 0.328203 0.458289 -0.050000
v 0.350177 0.472566 -0.060000
v 0.372152 0.486842 -0.070000
v 0.402785 0.501908 -0.080000
v 0.469494 0.520263 -0.090000
v 0.536203 0.538618 -0.100000
v 0.602911 0.556974 -0.110000
v 0.615696 0.577303 -0.120000
v 0.626684 0.597697 -0.130000
v 0.637671 0.618092 -0.140000
v 0.625949 0.642648 -0.150000
v 0.606329 0.668651 -0.160000
v 0.586709 0.694655 -0.170000
v 0.545215 0.704079 -0.180000
v 0.483215 0.697960 -0.190000
v 0.421215 0.691842 -0.200000
v 0.373570 0.691201 -0.210000
v 0.361013 0.703947 -0.220000
v 0.348456 0.716694 -0.230000
v 0.335443 0.729868 -0.240000
v 0.315823 0.749243 -0.250000
v 0.296203 0.768618 -0.260000
v 0.276582 0.787993 -0.270000
v 0.311595 0.806941 -0.280000
v 0.357114 0.825806 -0.290000
v 0.402633 0.844671 -0.300000
v 0.507797 0.849786 -0.310000
v 0.650633 0.846217 -0.320000
v 0.793468 0.842648 -0.330000
v 0.841823 0.851513 -0.340000
v 0.740583 0.880066 -0.350000
v 0.639342 0.908618 -0.360000
v 0.555063 0.934457 -0.370000
v 0.558987 0.946184 -0.380000
v 0.562911 0.957911 -0.390000
v 0.566835 0.969638 -0.400000
v 0.560481 0.978980 -0.410000
v 0.553418 0.988158 -0.420000
v 0.546354 0.997336 -0.430000
v 0.518683 0.997829 -0.440000
v 0.482582 0.994770 -0.450000
v 0.446481 0.991710 -0.460000
v 0.412658 0.982977 -0.470000
v 0.381266 0.968191 -0.480000
v 0.349874 0.953405 -0.490000
v 0.324152 0.936645 -0.500000
v 0.314734 0.914211 -0.510000
v 0.305316 0.891776 -0.520000
v 0.293241 0.867780 -0.530000
v 0.201418 0.796908 -0.540000
v 0.109595 0.726036 -0.550000
v 0.017772 0.655164 -0.560000
v 0.194937 0.636924 -0.570000
v 0.436658 0.631316 -0.580000
v 0.678379 0.625707 -0.590000
v 0.819392 0.599671 -0.600000
v 0.887671 0.558882 -0.610000
v 0.955949 0.518092 -0.620000
v 0.957949 0.480378 -0.630000
v 0.839443 0.448257 -0.640000
v 0.720937 0.416135 -0.650000
v 0.602937 0.383750 -0.660000
v 0.488355 0.349589 -0.670000
v 0.373773 0.315428 -0.680000
v 0.259190 0.281266 -0.690000
v 0.265114 0.251250 -0.700000
v 0.283949 0.221678 -0.710000
v 0.302785 0.192105 -0.720000
v 0.363620 0.166678 -0.730000
v 0.444455 0.143224 -0.740000
v 0.525291 0.119770 -0.750000
v 0.579899 0.098849 -0.760000
v 0.602658 0.081003 -0.770000
v 0.625418 0.063158 -0.780000
v 0.660050 0.048651 -0.790000
v 0.735392 0.045592 -0.800000
v 0.810734 0.042533 -0.810000
v 0.886076 0.039474 -0.820000
v 0.526582 0.000000 0.160000
v 0.448886 0.031102 0.150000
v 0.371190 0.062204 0.140000
v 0.293494 0.093306 0.130000
v 0.336101 0.118882 0.120000
v 0.413798 0.142845 0.110000
v 0.491494 0.166809 0.100000
v 0.543797 0.184901 0.090000
v 0.575190 0.198158 0.080000
v 0.606582 0.211414 0.070000
v 0.647595 0.229934 0.060000
v 0.708810 0.259507 0.050000
v 0.770025 0.289079 0.040000
v 0.816430 0.316826 0.030000
v 0.724608 0.327533 0.020000
v 0.632785 0.338240 0.010000
v 0.540962 0.348947 0.000000
v 0.483316 0.362763 -0.010000
v 0.430734 0.377039 -0.020000
v 0.378152 0.391316 -0.030000
v 0.351392 0.407566 -0.040000
v 0.338835 0.424901 -0.050000
v 0.326278 0.442237 -0.060000
v 0.328203 0.458289 -0.070000
v 0.350177 0.472566 -0.080000
v 0.372152 0.486842 -0.090000
v 0.402785 0.501908 -0.100000
v 0.469494 0.520263 -0.110000
v 0.536203 0.538618 -0.120000
v 0.602911 0.556974 -0.130000
v 0.615696 0.577303 -0.140000
v 0.626684 0.597697 -0.150000
v 0.637671 0.618092 -0.160000
v 0.625949 0.642648 -0.170000
v 0.606329 0.668651 -0.180000
v 0.586709 0.694655 -0.190000
v 0.545215 0.704079 -0.200000
v 0.483215 0.697960 -0.210000
v 0.421215 0.691842 -0.220000
v 0.373570 0.691201 -0.230000
v 0.361013 0.703947 -0.240000
v 0.348456 0.716694 -0.250000
v 0.335443 0.729868 -0.260000
v 0.315823 0.749243 -0.270000
v 0.296203 0.768618 -0.280000
v 0.276582 0.787993 -0.290000
v 0.311595 0.806941 -0.300000
v 0.357114 0.825806 -0.310000
v 0.402633 0.844671 -0.320000
v 0.507797 0.849786 -0.330000
v 0.650633 0.846217 -0.340000
v 0.793468 0.842648 -0.350000
v 0.841823 0.851513 -0.360000
v 0.740583 0.880066 -0.370000
v 0.639342 0.908618 -0.380000
v 0.555063 0.934457 -0.390000
v 0.558987 0.946184 -0.400000
v 0.562911 0.957911 -0.410000
v 0.566835 0.969638 -0.420000
v 0.560481 0.978980 -0.430000
v 0.553418 0.988158 -0.440000
v 0.546354 0.997336 -0.450000
v 0.518683 0.997829 -0.460000
v 0.482582 0.994770 -0.470000
v 0.446481 0.991710 -0.480000
v 0.412658 0.982977 -0.490000
v 0.381266 0.968191 -0.500000
v 0.349874 0.953405 -0.510000
v 0.324152 0.936645 -0.520000
v 0.314734 0.914211 -0.530000
v 0.305316 0.891776 -0.540000
v 0.293241 0.867780 -0.550000
v 0.201418 0.796908 -0.560000
v 0.109595 0.726036 -0.570000
v 0.017772 0.655164 -0.580000
v 0.194937 0.636924 -0.590000
v 0.436658 0.631316 -0.600000
v 0.678379 0.625707 -0.610000
v 0.819392 0.599671 -0.620000
v 0.887671 0.558882 -0.630000
v 0.955949 0.518092 -0.640000
v 0.957949 0.480378 -0.650000
v 0.839443 0.448257 -0.660000
v 0.720937 0.416135 -0.670000
v 0.602937 0.383750 -0.680000
v 0.488355 0.349589 -0.690000
v 0.373773 0.315428 -0.700000
v 0.259190 0.281266 -0.710000
v 0.265114 0.251250 -0.720000
v 0.283949 0.221678 -0.730000
v 0.302785 0.192105 -0.740000
v 0.363620 0.166678 -0.750000
v 0.444455 0.143224 -0.760000
v 0.525291 0.119770 -0.770000
v 0.579899 0.098849 -0.780000
v 0.602658 0.081003 -0.790000
v 0.625418 0.063158 -0.800000
v 0.660050 0.048651 -0.810000
v 0.735392 0.045592 -0.820000
v 0.810734 0.042533 -0.830000
v 0.886076 0.039474 -0.840000
v 0.526582 0.000000 0.140000
v 0.448886 0.031102 0.130000
v 0.371190 0.062204 0.120000
v 0.293494 0.093306 0.110000
v 0.336101 0.118882 0.100000
v 0.413798 0.142845 0.090000
v 0.491494 0.166809 0.080000
v 0.543797 0.184901 0.070000
v 0.575190 0.198158 0.060000
v 0.606582 0.211414 0.050000
v 0.647595 0.229934 0.040000
v 0.708810 0.259507 0.030000
v 0.770025 0.289079 0.020000
v 0.816430 0.316826 0.010000
v 0.724608 0.327533 0.000000
v 0.632785 0.338240 -0.010000
v 0.540962 0.348947 -0.020000
v 0.483316 0.362763 -0.030000
v 0.430734 0.377039 -0.040000
v 0.378152 0.391316 -0.050000
v 0.351392 0.407566 -0.060000
v 0.338835 0.424901 -0.070000
v 0.326278 0.442237 -0.080000
v 0.328203 0.458289 -0.090000
v 0.350177 0.472566 -0.100000
v 0.372152 0.486842 -0.110000
v 0.402785 0.501908 -0.120000
v 0.469494 0.520263 -0.130000
v 0.536203 0.538618 -0.140000
v 0.602911 0.556974 -0.150000
v 0.615696 0.577303 -0.160000
v 0.626684 0.597697 -0.170000
v 0.637671 0.618092 -0.180000
v 0.625949 0.642648 -0.190000
v 0.606329 0.668651 -0.200000
v 0.586709 0.694655 -0.210000
v 0.545215 0.704079 -0.220000
v 0.483215 0.697960 -0.230000
v 0.421215 0.691842 -0.240000
v 0.373570 0.691201 -0.250000
v 0.361013 0.703947 -0.260000
v 0.348456 0.716694 -0.270000
v 0.335443 0.729868 -0.280000
v 0.315823 0.749243 -0.290000
v 0.296203 0.768618 -0.300000
v 0.276582 0.787993 -0.310000
v 0.311595 0.806941 -0.320000
v 0.357114 0.825806 -0.330000
v 0.402633 0.844671 -0.340000
v 0.507797 0.849786 -0.350000
v 0.650633 0.846217 -0.360000
v 0.793468 0.842648 -0.370000
v 0.841823 0.851513 -0.380000
v 0.740583 0.880066 -0.390000
v 0.639342 0.908618 -0.400000
v 0.555063 0.934457 -0.410000
v 0.558987 0.946184 -0.420000
v 0.562911 0.957911 -0.430000
v 0.566835 0.969638 -0.440000
v 0.560481 0.978980 -0.450000
v 0.553418 0.988158 -0.460000
v 0.546354 0.997336 -0.470000
v 0.518683 0.997829 -0.480000
v 0.482582 0.994770 -0.490000
v 0.446481 0.991710 -0.500000
v 0.412658 0.982977 -0.510000
v 0.381266 0.968191 -0.520000
v 0.349874 0.953405 -0.530000
v 0.324152 0.936645 -0.540000
v 0.314734 0.914211 -0.550000
v 0.305316 0.891776 -0.560000
v 0.293241 0.867780 -0.570000
v 0.201418 0.796908 -0.580000
v 0.109595 0.726036 -0.590000
v 0.017772 0.655164 -0.600000
v 0.194937 0.636924 -0.610000
v 0.436658 0.631316 -0.620000
v 0.678379 0.625707 -0.630000
v 0.819392 0.599671 -0.640000
v 0.887671 0.558882 -0.650000
v 0.955949 0.518092 -0.660000
v 0.957949 0.480378 -0.670000
v 0.839443 0.448257 -0.680000
v 0.720937 0.416135 -0.690000
v 0.602937 0.383750 -0.700000
v 0.488355 0.349589 -0.710000
v 0.373773 0.315428 -0.720000
v 0.259190 0.281266 -0.730000
v 0.265114 0.251250 -0.740000
v 0.283949 0.221678 -0.750000
v 0.302785 0.192105 -0.760000
v 0.363620 0.166678 -0.770000
v 0.444455 0.143224 -0.780000
v 0.525291 0.119770 -0.790000
v 0.579899 0.098849 -0.800000
v 0.602658 0.081003 -0.810000
v 0.625418 0.063158 -0.820000
v 0.660050 0.048651 -0.830000
v 0.735392 0.045592 -0.840000
v 0.810734 0.042533 -0.850000
v 0.886076 0.039474 -0.860000
v 0.526582 0.000000 0.120000
v 0.448886 0.031102 0.110000
v 0.371190 0.062204 0.100000
v 0.293494 0.093306 0.090000
v 0.336101 0.118882 0.080000
v 0.413798 0.142845 0.070000
v 0.491494 0.166809 0.060000
v 0.543797 0.184901 0.050000
v 0.575190 0.198158 0.040000
v 0.606582 0.211414 0.030000
v 0.647595 0.229934 0.020000
v 0.708810 0.259507 0.010000
v 0.770025 0.289079 0.000000
v 0.816430 0.316826 -0.010000
v 0.724608 0.327533 -0.020000
v 0.632785 0.338240 -0.030000
v 0.540962 0.348947 -0.040000
v 0.483316 0.362763 -0.050000
v 0.430734 0.377039 -0.060000
v 0.378152 0.391316 -0.070000
v 0.351392 0.407566 -0.080000
v 0.338835 0.424901 -0.090000
v 0.326278 0.442237 -0.100000
v 0.328203 0.458289 -0.110000
v 0.350177 0.472566 -0.120000
v 0.372152 0.486842 -0.130000
v 0.402785 0.501908 -0.140000
v 0.469494 0.520263 -0.150000
v 0.536203 0.538618 -0.160000
v 0.602911 0.556974 -0.170000
v 0.615696 0.577303 -0.180000
v 0.626684 0.597697 -0.190000
v 0.637671 0.618092 -0.200000
v 0.625949 0.642648 -0.210000
v 0.606329 0.668651 -0.220000
v 0.586709 0.694655 -0.230000
v 0.545215 0.704079 -0.240000
v 0.483215 0.697960 -0.250000
v 0.421215 0.691842 -0.260000
v 0.373570 0.691201 -0.270000
v 0.361013 0.703947 -0.280000
v 0.348456 0.716694 -0.290000
v 0.335443 0.729868 -0.300000
v 0.315823 0.749243 -0.310000
v 0.296203 0.768618 -0.320000
v 0.276582 0.787993 -0.330000
v 0.311595 0.806941 -0.340000
v 0.357114 0.825806 -0.350000
v 0.402633 0.844671 -0.360000
v 0.507797 0.849786 -0.370000
v 0.650633 0.846217 -0.380000
v 0.793468 0.842648 -0.390000
v 0.841823 0.851513 -0.400000
v 0.740583 0.880066 -0.410000
v 0.639342 0.908618 -0.420000
v 0.555063 0.934457 -0.430000
v 0.558987 0.946184 -0.440000
v 0.562911 0.957911 -0.450000
v 0.566835 0.969638 -0.460000
v 0.560481 0.978980 -0.470000
v 0.553418 0.988158 -0.480000
v 0.546354 0.997336 -0.490000
v 0.518683 0.997829 -0.500000
v 0.482582 0.994770 -0.510000
v 0.446481 0.991710 -0.520000
v 0.412658 0.982977 -0.530000
v 0.381266 0.968191 -0.540000
v 0.349874 0.953405 -0.550000
v 0.324152 0.936645 -0.560000
v 0.314734 0.914211 -0.570000
v 0.305316 0.891776 -0.580000
v 0.293241 0.867780 -0.590000
v 0.201418 0.796908 -0.600000
v 0.109595 0.726036 -0.610000
v 0.017772 0.655164 -0.620000
v 0.194937 0.636924 -0.630000
v 0.436658 0.631316 -0.640000
v 0.678379 0.625707 -0.650000
v 0.819392 0.599671 -0.660000
v 0.887671 0.558882 -0.670000
v 0.955949 0.518092 -0.680000
v 0.957949 0.480378 -0.690000
v 0.839443 0.448257 -0.700000
v 0.720937 0.416135 -0.710000
v 0.602937 0.383750 -0.720000
v 0.488355 0.349589 -0.730000
v 0.373773 0.315428 -0.740000
v 0.259190 0.281266 -0.750000
v 0.265114 0.251250 -0.760000
v 0.283949 0.221678 -0.770000
v 0.302785 0.192105 -0.780000
v 0.363620 0.166678 -0.790000
v 0.444455 0.143224 -0.800000
v 0.525291 0.119770 -0.810000
v 0.579899 0.098849 -0.820000
v 0.602658 0.081003 -0.830000
v 0.625418 0.063158 -0.840000
v 0.660050 0.048651 -0.850000
v 0.735392 0.045592 -0.860000
v 0.810734 0.042533 -0.870000
v 0.886076 0.039474 -0.880000
v 0.526582 0.000000 0.100000
v 0.448886 0.031102 0.090000
v 0.371190 0.062204 0.080000
v 0.293494 0.093306 0.070000
v 0.336101 0.118882 0.060000
v 0.413798 0.142845 0.050000
v 0.491494 0.166809 0.040000
v 0.543797 0.184901 0.030000
v 0.575190 0.198158 0.020000
v 0.606582 0.211414 0.010000
v 0.647595 0.229934 0.000000
v 0.708810 0.259507 -0.010000
v 0.770025 0.289079 -0.020000
v 0.816430 0.316826 -0.030000
v 0.724608 0.327533 -0.040000
v 0.632785 0.338240 -0.050000
v 0.540962 0.348947 -0.060000
v 0.483316 0.362763 -0.070000
v 0.430734 0.377039 -0.080000
v 0.378152 0.391316 -0.090000
v 0.351392 0.407566 -0.100000
v 0.338835 0.424901 -0.110000
v 0.326278 0.442237 -0.120000
v 0.328203 0.458289 -0.130000
v 0.350177 0.472566 -0.140000
v 0.372152 0.486842 -0.150000
v 0.402785 0.501908 -0.160000
v 0.469494 0.520263 -0.170000
v 0.536203 0.538618 -0.180000
v 0.602911 0.556974 -0.190000
v 0.615696 0.577303 -0.200000
v 0.626684 0.597697 -0.210000
v 0.637671 0.618092 -0.220000
v 0.625949 0.642648 -0.230000
v 0.606329 0.668651 -0.240000
v 0.586709 0.694655 -0.250000
v 0.545215 0.704079 -0.260000
v 0.483215 0.697960 -0.270000
v 0.421215 0.691842 -0.280000
v 0.373570 0.691201 -0.290000
v 0.361013 0.703947 -0.300000
v 0.348456 0.716694 -0.310000
v 0.335443 0.729868 -0.320000
v 0.315823 0.749243 -0.330000
v 0.296203 0.768618 -0.340000
v 0.276582 0.787993 -0.350000
v 0.311595 0.806941 -0.360000
v 0.357114 0.825806 -0.370000
v 0.402633 0.844671 -0.380000
v 0.507797 0.849786 -0.390000
v 0.650633 0.846217 -0.400000
v 0.793468 0.842648 -0.410000
v 0.841823 0.851513 -0.420000
v 0.740583 0.880066 -0.430000
v 0.639342 0.908618 -0.440000
v 0.555063 0.934457 -0.450000
v 0.558987 0.946184 -0.460000
v 0.562911 0.957911 -0.470000
v 0.566835 0.969638 -0.480000
v 0.560481 0.978980 -0.490000
v 0.553418 0.988158 -0.500000
v 0.546354 0.997336 -0.510000
v 0.518683 0.997829 -0.520000
v 0.482582 0.994770 -0.530000
v 0.446481 0.991710 -0.540000
v 0.412658 0.982977 -0.550000
v 0.381266 0.968191 -0.560000
v 0.349874 0.953405 -0.570000
v 0.324152 0.936645 -0.580000
v 0.314734 0.914211 -0.590000
v 0.305316 0.891776 -0.600000
v 0.293241 0.867780 -0.610000
v 0.201418 0.796908 -0.620000
v 0.109595 0.726036 -0.630000
v 0.017772 0.655164 -0.640000
v 0.194937 0.636924 -0.650000
v 0.436658 0.631316 -0.660000
v 0.678379 0.625707 -0.670000
v 0.819392 0.599671 -0.680000
v 0.887671 0.558882 -0.690000
v 0.955949 0.518092 -0.700000
v 0.957949 0.480378 -0.710000
v 0.839443 0.448257 -0.720000
v 0.720937 0.416135 -0.730000
v 0.602937 0.383750 -0.740000
v 0.488355 0.349589 -0.750000
v 0.373773 0.315428 -0.760000
v 0.259190 0.281266 -0.770000
v 0.265114 0.251250 -0.780000
v 0.283949 0.221678 -0.790000
v 0.302785 0.192105 -0.800000
v 0.363620 0.166678 -0.810000
v 0.444455 0.143224 -0.820000
v 0.525291 0.119770 -0.830000
v 0.579899 0.098849 -0.840000
v 0.602658 0.081003 -0.850000
v 0.625418 0.063158 -0.860000
v 0.660050 0.048651 -0.870000
v 0.735392 0.045592 -0.880000
v 0.810734 0.042533 -0.890000
v 0.886076 0.039474 -0.900000
v 0.526582 0.000000 0.080000
v 0.448886 0.031102 0.070000
v 0.371190 0.062204 0.060000
v 0.293494 0.093306 0.050000
v 0.336101 0.118882 0.040000
v 0.413798 0.142845 0.030000
v 0.491494 0.166809 0.020000
v 0.543797 0.184901 0.010000
v 0.575190 0.198158 0.000000
v 0.606582 0.211414 -0.010000
v 0.647595 0.229934 -0.020000
v 0.708810 0.259507 -0.030000
v 0.770025 0.289079 -0.040000
v 0.816430 0.316826 -0.050000
v 0.724608 0.327533 -0.060000
v 0.632785 0.338240 -0.070000
v 0.540962 0.348947 -0.080000
v 0.483316 0.362763 -0.090000
v 0.430734 0.377039 -0.100000
v 0.378152 0.391316 -0.110000
v 0.351392 0.407566 -0.120000
v 0.338835 0.424901 -0.130000
v 0.326278 0.442237 -0.140000
v 0.328203 0.458289 -0.150000
v 0.350177 0.472566 -0.160000
v 0.372152 0.486842 -0.170000
v 0.402785 0.501908 -0.180000
v 0.469494 0.520263 -0.190000
v 0.536203 0.538618 -0.200000
v 0.602911 0.556974 -0.210000
v 0.615696 0.577303 -0.220000
v 0.626684 0.597697 -0.230000
v 0.637671 0.618092 -0.240000
v 0.625949 0.642648 -0.250000
v 0.606329 0.668651 -0.260000
v 0.586709 0.694655 -0.270000
v 0.545215 0.704079 -0.280000
v 0.483215 0.697960 -0.290000
v 0.421215 0.691842 -0.300000
v 0.373570 0.691201 -0.310000
v 0.361013 0.703947 -0.320000
v 0.348456 0.716694 -0.330000
v 0.335443 0.729868 -0.340000
v 0.315823 0.749243 -0.350000
v 0.296203 0.768618 -0.360000
v 0.276582 0.787993 -0.370000
v 0.311595 0.806941 -0.380000
v 0.357114 0.825806 -0.390000
v 0.402633 0.844671 -0.400000
v 0.507797 0.849786 -0.410000
v 0.650633 0.846217 -0.420000
v 0.793468 0.842648 -0.430000
v 0.841823 0.851513 -0.440000
v 0.740583 0.880066 -0.450000
v 0.639342 0.908618 -0.460000
v 0.555063 0.934457 -0.470000
v 0.558987 0.946184 -0.480000
v 0.562911 0.957911 -0.490000
v 0.566835 0.969638 -0.500000
v 0.560481 0.978980 -0.510000
v 0.553418 0.988158 -0.520000
v 0.546354 0.997336 -0.530000
v 0.518683 0.997829 -0.540000
v 0.482582 0.994770 -0.550000
v 0.446481 0.991710 -0.560000
v 0.412658 0.982977 -0.570000
v 0.381266 0.968191 -0.580000
v 0.349874 0.953405 -0.590000
v 0.324152 0.936645 -0.600000
v 0.314734 0.914211 -0.610000
v 0.305316 0.891776 -0.620000
v 0.293241 0.867780 -0.630000
v 0.201418 0.796908 -0.640000
v 0.109595 0.726036 -0.650000
v 0.017772 0.655164 -0.660000
v 0.194937 0.636924 -0.670000
v 0.436658 0.631316 -0.680000
v 0.678379 0.625707 -0.690000
v 0.819392 0.599671 -0.700000
v 0.887671 0.558882 -0.710000
v 0.955949 0.518092 -0.720000
v 0.957949 0.480378 -0.730000
v 0.839443 0.448257 -0.740000
v 0.720937 0.416135 -0.750000
v 0.602937 0.383750 -0.760000
v 0.488355 0.349589 -0.770000
v 0.373773 0.315428 -0.780000
v 0.259190 0.281266 -0.790000
v 0.265114 0.251250 -0.800000
v 0.283949 0.221678 -0.810000
v 0.302785 0.192105 -0.820000
v 0.363620 0.166678 -0.830000
v 0.444455 0.143224 -0.840000
v 0.525291 0.119770 -0.850000
v 0.579899 0.098849 -0.860000
v 0.602658 0.081003 -0.870000
v 0.625418 0.063158 -0.880000
v 0.660050 0.048651 -0.890000
v 0.735392 0.045592 -0.900000
v 0.810734 0.042533 -0.910000
v 0.886076 0.039474 -0.920000
v 0.526582 0.000000 0.060000
v 0.448886 0.031102 0.050000
v 0.371190 0.062204 0.040000
v 0.293494 0.093306 0.030000
v 0.336101 0.118882 0.020000
v 0.413798 0.142845 0.010000
v 0.491494 0.166809 0.000000
v 0.543797 0.184901 -0.010000
v 0.575190 0.198158 -0.020000
v 0.606582 0.211414 -0.030000
v 0.647595 0.229934 -0.040000
v 0.708810 0.259507 -0.050000
v 0.770025 0.289079 -0.060000
v 0.816430 0.316826 -0.070000
v 0.724608 0.327533 -0.080000
v 0.632785 0.338240 -0.090000
v 0.540962 0.348947 -0.100000
v 0.483316 0.362763 -0.110000
v 0.430734 0.377039 -0.120000
v 0.378152 0.391316 -0.130000
v 0.351392 0.407566 -0.140000
v 0.338835 0.424901 -0.150000
v 0.326278 0.442237 -0.160000
v 0.328203 0.458289 -0.170000
v 0.350177 0.472566 -0.180000
v 0.372152 0.486842 -0.190000
v 0.402785 0.501908 -0.200000
v 0.469494 0.520263 -0.210000
v 0.536203 0.538618 -0.220000
v 0.602911 0.556974 -0.230000
v 0.615696 0.577303 -0.240000
v 0.626684 0.597697 -0.250000
v 0.637671 0.618092 -0.260000
v 0.625949 0.642648 -0.270000
v 0.606329 0.668651 -0.280000
v 0.586709 0.694655 -0.290000
v 0.545215 0.704079 -0.300000
v 0.483215 0.697960 -0.310000
v 0.421215 0.691842 -0.320000
v 0.373570 0.691201 -0.330000
v 0.361013 0.703947 -0.340000
v 0.348456 0.716694 -0.350000
v 0.335443 0.729868 -0.360000
v 0.315823 0.749243 -0.370000
v 0.296203 0.768618 -0.380000
v 0.276582 0.787993 -0.390000
v 0.311595 0.806941 -0.400000
v 0.357114 0.825806 -0.410000
v 0.402633 0.844671 -0.420000
v 0.507797 0.849786 -0.430000
v 0.650633 0.846217 -0.440000
v 0.793468 0.842648 -0.450000
v 0.841823 0.851513 -0.460000
v 0.740583 0.880066 -0.470000
v 0.639342 0.908618 -0.480000
v 0.555063 0.934457 -0.490000
v 0.558987 0.946184 -0.500000
v 0.562911 0.957911 -0.510000
v 0.566835 0.969638 -0.520000
v 0.560481 0.978980 -0.530000
v 0.553418 0.988158 -0.540000
v 0.546354 0.997336 -0.550000
v 0.518683 0.997829 -0.560000
v 0.482582 0.994770 -0.570000
v 0.446481 0.991710 -0.580000
v 0.412658 0.982977 -0.590000
v 0.381266 0.968191 -0.600000
v 0.349874 0.953405 -0.610000
v 0.324152 0.936645 -0.620000
v 0.314734 0.914211 -0.630000
v 0.305316 0.891776 -0.640000
v 0.293241 0.867780 -0.650000
v 0.201418 0.796908 -0.660000
v 0.109595 0.726036 -0.670000
v 0.017772 0.655164 -0.680000
v 0.194937 0.636924 -0.690000
v 0.436658 0.631316 -0.700000
v 0.678379 0.625707 -0.710000
v 0.819392 0.599671 -0.720000
v 0.887671 0.558882 -0.730000
v 0.955949 0.518092 -0.740000
v 0.957949 0.480378 -0.750000
v 0.839443 0.448257 -0.760000
v 0.720937 0.416135 -0.770000
v 0.602937 0.383750 -0.780000
v 0.488355 0.349589 -0.790000
v 0.373773 0.315428 -0.800000
v 0.259190 0.281266 -0.810000
v 0.265114 0.251250 -0.820000
v 0.283949 0.221678 -0.830000
v 0.302785 0.192105 -0.840000
v 0.363620 0.166678 -0.850000
v 0.444455 0.143224 -0.860000
v 0.525291 0.119770 -0.870000
v 0.579899 0.098849 -0.880000
v 0.602658 0.081003 -0.890000
v 0.625418 0.063158 -0.900000
v 0.660050 0.048651 -0.910000
v 0.735392 0.045592 -0.920000
v 0.810734 0.042533 -0.930000
v 0.886076 0.039474 -0.940000
v 0.526582 0.000000 0.040000
v 0.448886 0.031102 0.030000
v 0.371190 0.062204 0.020000
v 0.293494 0.093306 0.010000
v 0.336101 0.118882 0.000000
v 0.413798 0.142845 -0.010000
v 0.491494 0.166809 -0.020000
v 0.543797 0.184901 -0.030000
v 0.575190 0.198158 -0.040000
v 0.606582 0.211414 -0.050000
v 0.647595 0.229934 -0.060000
v 0.708810 0.259507 -0.070000
v 0.770025 0.289079 -0.080000
v 0.816430 0.316826 -0.090000
v 0.724608 0.327533 -0.100000
v 0.632785 0.338240 -0.110000
v 0.540962 0.348947 -0.120000
v 0.483316 0.362763 -0.130000
v 0.430734 0.377039 -0.140000
v 0.378152 0.391316 -0.150000
v 0.351392 0.407566 -0.160000
v 0.338835 0.424901 -0.170000
v 0.326278 0.442237 -0.180000
v 0.328203 0.458289 -0.190000
v 0.350177 0.472566 -0.200000
v 0.372152 0.486842 -0.210000
v 0.402785 0.501908 -0.220000
v 0.469494 0.520263 -0.230000
v 0.536203 0.538618 -0.240000
v 0.602911 0.556974 -0.250000
v 0.615696 0.577303 -0.260000
v 0.626684 0.597697 -0.270000
v 0.637671 0.618092 -0.280000
v 0.625949 0.642648 -0.290000
v 0.606329 0.668651 -0.300000
v 0.586709 0.694655 -0.310000
v 0.545215 0.704079 -0.320000
v 0.483215 0.697960 -0.330000
v 0.421215 0.691842 -0.340000
v 0.373570 0.691201 -0.350000
v 0.361013 0.703947 -0.360000
v 0.348456 0.716694 -0.370000
v 0.335443 0.729868 -0.380000
v 0.315823 0.749243 -0.390000
v 0.296203 0.768618 -0.400000
v 0.276582 0.787993 -0.410000
v 0.311595 0.806941 -0.420000
v 0.357114 0.825806 -0.430000
v 0.402633 0.844671 -0.440000
v 0.507797 0.849786 -0.450000
v 0.650633 0.846217 -0.460000
v 0.793468 0.842648 -0.470000
v 0.841823 0.851513 -0.480000
v 0.740583 0.880066 -0.490000
v 0.639342 0.908618 -0.500000
v 0.555063 0.934457 -0.510000
v 0.558987 0.946184 -0.520000
v 0.562911 0.957911 -0.530000
v 0.566835 0.969638 -0.540000
v 0.560481 0.978980 -0.550000
v 0.553418 0.988158 -0.560000
v 0.546354 0.997336 -0.570000
v 0.518683 0.997829 -0.580000
v 0.482582 0.994770 -0.590000
v 0.446481 0.991710 -0.600000
v 0.412658 0.982977 -0.610000
v 0.381266 0.968191 -0.620000
v 0.349874 0.953405 -0.630000
v 0.324152 0.936645 -0.640000
v 0.314734 0.914211 -0.650000
v 0.305316 0.891776 -0.660000
v 0.293241 0.867780 -0.670000
v 0.201418 0.796908 -0.680000
v 0.109595 0.726036 -0.690000
v 0.017772 0.655164 -0.700000
v 0.194937 0.636924 -0.710000
v 0.436658 0.631316 -0.720000
v 0.678379 0.625707 -0.730000
v 0.819392 0.599671 -0.740000
v 0.887671 0.558882 -0.750000
v 0.955949 0.518092 -0.760000
v 0.957949 0.480378 -0.770000
v 0.839443 0.448257 -0.780000
v 0.720937 0.416135 -0.790000
v 0.602937 0.383750 -0.800000
v 0.488355 0.349589 -0.810000
v 0.373773 0.315428 -0.820000
v 0.259190 0.281266 -0.830000
v 0.265114 0.251250 -0.840000
v 0.283949 0.221678 -0.850000
v 0.302785 0.192105 -0.860000
v 0.363620 0.166678 -0.870000
v 0.444455 0.143224 -0.880000
v 0.525291 0.119770 -0.890000
v 0.579899 0.098849 -0.900000
v 0.602658 0.081003 -0.910000
v 0.625418 0.063158 -0.920000
v 0.660050 0.048651 -0.930000
v 0.735392 0.045592 -0.940000
v 0.810734 0.042533 -0.950000
v 0.886076 0.039474 -0.960000
v 0.526582 0.000000 0.020000
v 0.448886 0.031102 0.010000
v 0.371190 0.062204 0.000000
v 0.293494 0.093306 -0.010000
v 0.336101 0.118882 -0.020000
v 0.413798 0.142845 -0.030000
v 0.491494 0.166809 -0.040000
v 0.543797 0.184901 -0.050000
v 0.575190 0.198158 -0.060000
v 0.606582 0.211414 -0.070000
v 0.647595 0.229934 -0.080000
v 0.708810 0.259507 -0.090000
v 0.770025 0.289079 -0.100000
v 0.816430 0.316826 -0.110000
v 0.724608 0.327533 -0.120000
v 0.632785 0.338240 -0.130000
v 0.540962 0.348947 -0.140000
v 0.483316 0.362763 -0.150000
v 0.430734 0.377039 -0.160000
v 0.378152 0.391316 -0.170000
v 0.351392 0.407566 -0.180000
v 0.338835 0.424901 -0.190000
v 0.326278 0.442237 -0.200000
v 0.328203 0.458289 -0.210000
v 0.350177 0.472566 -0.220000
v 0.372152 0.486842 -0.230000
v 0.402785 0.501908 -0.240000
v 0.469494 0.520263 -0.250000
v 0.536203 0.538618 -0.260000
v 0.602911 0.556974 -0.270000
v 0.615696 0.577303 -0.280000
v 0.626684 0.597697 -0.290000
v 0.637671 0.618092 -0.300000
v 0.625949 0.642648 -0.310000
v 0.606329 0.668651 -0.320000
v 0.586709 0.694655 -0.330000
v 0.545215 0.704079 -0.340000
v 0.483215 0.697960 -0.350000
v 0.421215 0.691842 -0.360000
v 0.373570 0.691201 -0.370000
v 0.361013 0.703947 -0.380000
v 0.348456 0.716694 -0.390000
v 0.335443 0.729868 -0.400000
v 0.315823 0.749243 -0.410000
v 0.296203 0.768618 -0.420000
v 0.276582 0.787993 -0.430000
v 0.311595 0.806941 -0.440000
v 0.357114 0.825806 -0.450000
v 0.402633 0.844671 -0.460000
v 0.507797 0.849786 -0.470000
v 0.650633 0.846217 -0.480000
v 0.793468 0.842648 -0.490000
v 0.841823 0.851513 -0.500000
v 0.740583 0.880066 -0.510000
v 0.639342 0.908618 -0.520000
v 0.555063 0.934457 -0.530000
v 0.558987 0.946184 -0.540000
v 0.562911 0.957911 -0.550000
v 0.566835 0.969638 -0.560000
v 0.560481 0.978980 -0.570000
v 0.553418 0.988158 -0.580000
v 0.546354 0.997336 -0.590000
v 0.518683 0.997829 -0.600000
v 0.482582 0.994770 -0.610000
v 0.446481 0.991710 -0.620000
v 0.412658 0.982977 -0.630000
v 0.381266 0.968191 -0.640000
v 0.349874 0.953405 -0.650000
v 0.324152 0.936645 -0.660000
v 0.314734 0.914211 -0.670000
v 0.305316 0.891776 -0.680000
v 0.293241 0.867780 -0.690000
v 0.201418 0.796908 -0.700000
v 0.109595 0.726036 -0.710000
v 0.017772 0.655164 -0.720000
v 0.194937 0.636924 -0.730000
v 0.436658 0.631316 -0.740000
v 0.678379 0.625707 -0.750000
v 0.819392 0.599671 -0.760000
v 0.887671 0.558882 -0.770000
v 0.955949 0.518092 -0.780000
v 0.957949 0.480378 -0.790000
v 0.839443 0.448257 -0.800000
v 0.720937 0.416135 -0.810000
v 0.602937 0.383750 -0.820000
v 0.488355 0.349589 -0.830000
v 0.373773 0.315428 -0.840000
v 0.259190 0.281266 -0.850000
v 0.265114 0.251250 -0.860000
v 0.283949 0.221678 -0.870000
v 0.302785 0.192105 -0.880000
v 0.363620 0.166678 -0.890000
v 0.444455 0.143224 -0.900000
v 0.525291 0.119770 -0.910000
v 0.579899 0.098849 -0.920000
v 0.602658 0.081003 -0.930000
v 0.625418 0.063158 -0.940000
v 0.660050 0.048651 -0.950000
v 0.735392 0.045592 -0.960000
v 0.810734 0.042533 -0.970000
v 0.886076 0.039474 -0.980000
v 0.526582 0.000000 0.000000
v 0.448886 0.031102 -0.010000
v 0.371190 0.062204 -0.020000
v 0.293494 0.093306 -0.030000
v 0.336101 0.118882 -0.040000
v 0.413798 0.142845 -0.050000
v 0.491494 0.166809 -0.060000
v 0.543797 0.184901 -0.070000
v 0.575190 0.198158 -0.080000
v 0.606582 0.211414 -0.090000
v 0.647595 0.229934 -0.100000
v 0.708810 0.259507 -0.110000
v 0.770025 0.289079 -0.120000
v 0.816430 0.316826 -0.130000
v 0.724608 0.327533 -0.140000
v 0.632785 0.338240 -0.150000
v 0.540962 0.348947 -0.160000
v 0.483316 0.362763 -0.170000
v 0.430734 0.377039 -0.180000
v 0.378152 0.391316 -0.190000
v 0.351392 0.407566 -0.200000
v 0.338835 0.424901 -0.210000
v 0.326278 0.442237 -0.220000
v 0.328203 0.458289 -0.230000
v 0.350177 0.472566 -0.240000
v 0.372152 0.486842 -0.250000
v 0.402785 0.501908 -0.260000
v 0.469494 0.520263 -0.270000
v 0.536203 0.538618 -0.280000
v 0.602911 0.556974 -0.290000
v 0.615696 0.577303 -0.300000
v 0.626684 0.597697 -0.310000
v 0.637671 0.618092 -0.320000
v 0.625949 0.642648 -0.330000
v 0.606329 0.668651 -0.340000
v 0.586709 0.694655 -0.350000
v 0.545215 0.704079 -0.360000
v 0.483215 0.697960 -0.370000
v 0.421215 0.691842 -0.380000
v 0.373570 0.691201 -0.390000
v 0.361013 0.703947 -0.400000
v 0.348456 0.716694 -0.410000
v 0.335443 0.729868 -0.420000
v 0.315823 0.749243 -0.430000
v 0.296203 0.768618 -0.440000
v 0.276582 0.787993 -0.450000
v 0.311595 0.806941 -0.460000
v 0.357114 0.825806 -0.470000
v 0.402633 0.844671 -0.480000
v 0.507797 0.849786 -0.490000
v 0.650633 0.846217 -0.500000
v 0.793468 0.842648 -0.510000
v 0.841823 0.851513 -0.520000
v 0.740583 0.880066 -0.530000
v 0.639342 0.908618 -0.540000
v 0.555063 0.934457 -0.550000
v 0.558987 0.946184 -0.560000
v 0.562911 0.957911 -0.570000
v 0.566835 0.969638 -0.580000
v 0.560481 0.978980 -0.590000
v 0.553418 0.988158 -0.600000
v 0.546354 0.997336 -0.610000
v 0.518683 0.997829 -0.620000
v 0.482582 0.994770 -0.630000
v 0.446481 0.991710 -0.640000
v 0.412658 0.982977 -0.650000
v 0.381266 0.968191 -0.660000
v 0.349874 0.953405 -0.670000
v 0.324152 0.936645 -0.680000
v 0.314734 0.914211 -0.690000
v 0.305316 0.891776 -0.700000
v 0.293241 0.867780 -0.710000
v 0.201418 0.796908 -0.720000
v 0.109595 0.726036 -0.730000
v 0.017772 0.655164 -0.740000
v 0.194937 0.636924 -0.750000
v 0.436658 0.631316 -0.760000
v 0.678379 0.625707 -0.770000
v 0.819392 0.599671 -0.780000
v 0.887671 0.558882 -0.790000
v 0.955949 0.518092 -0.800000
v 0.957949 0.480378 -0.810000
v 0.839443 0.448257 -0.820000
v 0.720937 0.416135 -0.830000
v 0.602937 0.383750 -0.840000
v 0.488355 0.349589 -0.850000
v 0.373773 0.315428 -0.860000
v 0.259190 0.281266 -0.870000
v 0.265114 0.251250 -0.880000
v 0.283949 0.221678 -0.890000
v 0.302785 0.192105 -0.900000
v 0.363620 0.166678 -0.910000
v 0.444455 0.143224 -0.920000
v 0.525291 0.119770 -0.930000
v 0.579899 0.098849 -0.940000
v 0.602658 0.081003 -0.950000
v 0.625418 0.063158 -0.960000
v 0.660050 0.048651 -0.970000
v 0.735392 0.045592 -0.980000
v 0.810734 0.042533 -0.990000
v 0.886076 0.039474 -1.000000
v 0.526582 0.000000 -0.020000
v 0.448886 0.031102 -0.030000
v 0.371190 0.062204 -0.040000
v 0.293494 0.093306 -0.050000
v 0.336101 0.118882 -0.060000
v 0.413798 0.142845 -0.070000
v 0.491494 0.166809 -0.080000
v 0.543797 0.184901 -0.090000
v 0.575190 0.198158 -0.100000
v 0.606582 0.211414 -0.110000
v 0.647595 0.229934 -0.120000
v 0.708810 0.259507 -0.130000
v 0.770025 0.289079 -0.140000
v 0.816430 0.316826 -0.150000
v 0.724608 0.327533 -0.160000
v 0.632785 0.338240 -0.170000
v 0.540962 0.348947 -0.180000
v 0.483316 0.362763 -0.190000
v 0.430734 0.377039 -0.200000
v 0.378152 0.391316 -0.210000
v 0.351392 0.407566 -0.220000
v 0.338835 0.424901 -0.230000
v 0.326278 0.442237 -0.240000
v 0.328203 0.458289 -0.250000
v 0.350177 0.472566 -0.260000
v 0.372152 0.486842 -0.270000
v 0.402785 0.501908 -0.280000
v 0.469494 0.520263 -0.290000
v 0.536203 0.538618 -0.300000
v 0.602911 0.556974 -0.310000
v 0.615696 0.577303 -0.320000
v 0.626684 0.597697 -0.330000
v 0.637671 0.618092 -0.340000
v 0.625949 0.642648 -0.350000
v 0.606329 0.668651 -0.360000
v 0.586709 0.694655 -0.370000
v 0.545215 0.704079 -0.380000
v 0.483215 0.697960 -0.390000
v 0.421215 0.691842 -0.400000
v 0.373570 0.691201 -0.410000
v 0.361013 0.703947 -0.420000
v 0.348456 0.716694 -0.430000
v 0.335443 0.729868 -0.440000
v 0.315823 0.749243 -0.450000
v 0.296203 0.768618 -0.460000
v 0.276582 0.787993 -0.470000
v 0.311595 0.806941 -0.480000
v 0.357114 0.825806 -0.490000
v 0.402633 0.844671 -0.500000
v 0.507797 0.849786 -0.510000
v 0.650633 0.846217 -0.520000
v 0.793468 0.842648 -0.530000
v 0.841823 0.851513 -0.540000
v 0.740583 0.880066 -0.550000
v 0.639342 0.908618 -0.560000
v 0.555063 0.934457 -0.570000
v 0.558987 0.946184 -0.580000
v 0.562911 0.957911 -0.590000
v 0.566835 0.969638 -0.600000
v 0.560481 0.978980 -0.610000
v 0.553418 0.988158 -0.620000
v 0.546354 0.997336 -0.630000
v 0.518683 0.997829 -0.640000
v 0.482582 0.994770 -0.650000
v 0.446481 0.991710 -0.660000
v 0.412658 0.982977 -0.670000
v 0.381266 0.968191 -0.680000
v 0.349874 0.953405 -0.690000
v 0.324152 0.936645 -0.700000
v 0.314734 0.914211 -0.710000
v 0.305316 0.891776 -0.720000
v 0.293241 0.867780 -0.730000
v 0.201418 0.796908 -0.740000
v 0.109595 0.726036 -0.750000
v 0.017772 0.655164 -0.760000
v 0.194937 0.636924 -0.770000
v 0.436658 0.631316 -0.780000
v 0.678379 0.625707 -0.790000
v 0.819392 0.599671 -0.800000
v 0.887671 0.558882 -0.810000
v 0.955949 0.518092 -0.820000
v 0.957949 0.480378 -0.830000
v 0.839443 0.448257 -0.840000
v 0.720937 0.416135 -0.850000
v 0.602937 0.383750 -0.860000
v 0.488355 0.349589 -0.870000
v 0.373773 0.315428 -0.880000
v 0.259190 0.281266 -0.890000
v 0.265114 0.251250 -0.900000
v 0.283949 0.221678 -0.910000
v 0.302785 0.192105 -0.920000
v 0.363620 0.166678 -0.930000
v 0.444455 0.143224 -0.940000
v 0.525291 0.119770 -0.950000
v 0.579899 0.098849 -0.960000
v 0.602658 0.081003 -0.970000
v 0.625418 0.063158 -0.980000
v 0.660050 0.048651 -0.990000
v 0.735392 0.045592 -1.000000
v 0.810734 0.042533 -1.010000
v 0.886076 0.039474 -1.020000
v 0.526582 0.000000 -0.040000
v 0.448886 0.031102 -0.050000
v 0.371190 0.062204 -0.060000
v 0.293494 0.093306 -0.070000
v 0.336101 0.118882 -0.080000
v 0.413798 0.142845 -0.090000
v 0.491494 0.166809 -0.100000
v 0.543797 0.184901 -0.110000
v 0.575190 0.198158 -0.120000
v 0.606582 0.211414 -0.130000
v 0.647595 0.229934 -0.140000
v 0.708810 0.259507 -0.150000
v 0.770025 0.289079 -0.160000
v 0.816430 0.316826 -0.170000
v 0.724608 0.327533 -0.180000
v 0.632785 0.338240 -0.190000
v 0.540962 0.348947 -0.200000
v 0.483316 0.362763 -0.210000
v 0.430734 0.377039 -0.220000
v 0.378152 0.391316 -0.230000
v 0.351392 0.407566 -0.240000
v 0.338835 0.424901 -0.250000
v 0.326278 0.442237 -0.260000
v 0.328203 0.458289 -0.270000
v 0.350177 0.472566 -0.280000
v 0.372152 0.486842 -0.290000
v 0.402785 0.501908 -0.300000
v 0.469494 0.520263 -0.310000
v 0.536203 0.538618 -0.320000
v 0.602911 0.556974 -0.330000
v 0.615696 0.577303 -0.340000
v 0.626684 0.597697 -0.350000
v 0.637671 0.618092 -0.360000
v 0.625949 0.642648 -0.370000
v 0.606329 0.668651 -0.380000
v 0.586709 0.694655 -0.390000
v 0.545215 0.704079 -0.400000
v 0.483215 0.697960 -0.410000
v 0.421215 0.691842 -0.420000
v 0.373570 0.691201 -0.430000
v 0.361013 0.703947 -0.440000
v 0.348456 0.716694 -0.450000
v 0.335443 0.729868 -0.460000
v 0.315823 0.749243 -0.470000
v 0.296203 0.768618 -0.480000
v 0.276582 0.787993 -0.490000
v 0.311595 0.806941 -0.500000
v 0.357114 0.825806 -0.510000
v 0.402633 0.844671 -0.520000
v 0.507797 0.849786 -0.530000
v 0.650633 0.846217 -0.540000
v 0.793468 0.842648 -0.550000
v 0.841823 0.851513 -0.560000
v 0.740583 0.880066 -0.570000
v 0.639342 0.908618 -0.580000
v 0.555063 0.934457 -0.590000
v 0.558987 0.946184 -0.600000
v 0.562911 0.957911 -0.610000
v 0.566835 0.969638 -0.620000
v 0.560481 0.978980 -0.630000
v 0.553418 0.988158 -0.640000
v 0.546354 0.997336 -0.650000
v 0.518683 0.997829 -0.660000
v 0.482582 0.994770 -0.670000
v 0.446481 0.991710 -0.680000
v 0.412658 0.982977 -0.690000
v 0.381266 0.968191 -0.700000
v 0.349874 0.953405 -0.710000
v 0.324152 0.936645 -0.720000
v 0.314734 0.914211 -0.730000
v 0.305316 0.891776 -0.740000
v 0.293241 0.867780 -0.750000
v 0.201418 0.796908 -0.760000
v 0.109595 0.726036 -0.770000
v 0.017772 0.655164 -0.780000
v 0.194937 0.636924 -0.790000
v 0.436658 0.631316 -0.800000
v 0.678379 0.625707 -0.810000
v 0.819392 0.599671 -0.820000
v 0.887671 0.558882 -0.830000
v 0.955949 0.518092 -0.840000
v 0.957949 0.480378 -0.850000
v 0.839443 0.448257 -0.860000
v 0.720937 0.416135 -0.870000
v 0.602937 0.383750 -0.880000
v 0.488355 0.349589 -0.890000
v 0.373773 0.315428 -0.900000
v 0.259190 0.281266 -0.910000
v 0.265114 0.251250 -0.920000
v 0.283949 0.221678 -0.930000
v 0.302785 0.192105 -0.940000
v 0.363620 0.166678 -0.950000
v 0.444455 0.143224 -0.960000
v 0.525291 0.119770 -0.970000
v 0.579899 0.098849 -0.980000
v 0.602658 0.081003 -0.990000
v 0.625418 0.063158 -1.000000
v 0.660050 0.048651 -1.010000
v 0.735392 0.045592 -1.020000
v 0.810734 0.042533 -1.030000
v 0.886076 0.039474 -1.040000
v 0.526582 0.000000 -0.060000
v 0.448886 0.031102 -0.070000
v 0.371190 0.062204 -0.080000
v 0.293494 0.093306 -0.090000
v 0.336101 0.118882 -0.100000
v 0.413798 0.142845 -0.110000
v 0.491494 0.166809 -0.120000
v 0.543797 0.184901 -0.130000
v 0.575190 0.198158 -0.140000
v 0.606582 0.211414 -0.150000
v 0.647595 0.229934 -0.160000
v 0.708810 0.259507 -0.170000
v 0.770025 0.289079 -0.180000
v 0.816430 0.316826 -0.190000
v 0.724608 0.327533 -0.200000
v 0.632785 0.338240 -0.210000
v 0.540962 0.348947 -0.220000
v 0.483316 0.362763 -0.230000
v 0.430734 0.377039 -0.240000
v 0.378152 0.391316 -0.250000
v 0.351392 0.407566 -0.260000
v 0.338835 0.424901 -0.270000
v 0.326278 0.442237 -0.280000
v 0.328203 0.458289 -0.290000
v 0.350177 0.472566 -0.300000
v 0.372152 0.486842 -0.310000
v 0.402785 0.501908 -0.320000
v 0.469494 0.520263 -0.330000
v 0.536203 0.538618 -0.340000
v 0.602911 0.556974 -0.350000
v 0.615696 0.577303 -0.360000
v 0.626684 0.597697 -0.370000
v 0.637671 0.618092 -0.380000
v 0.625949 0.642648 -0.390000
v 0.606329 0.668651 -0.400000
v 0.586709 0.694655 -0.410000
v 0.545215 0.704079 -0.420000
v 0.483215 0.697960 -0.430000
v 0.421215 0.691842 -0.440000
v 0.373570 0.691201 -0.450000
v 0.361013 0.703947 -0.460000
v 0.348456 0.716694 -0.470000
v 0.335443 0.729868 -0.480000
v 0.315823 0.749243 -0.490000
v 0.296203 0.768618 -0.500000
v 0.276582 0.787993 -0.510000
v 0.311595 0.806941 -0.520000
v 0.357114 0.825806 -0.530000
v 0.402633 0.844671 -0.540000
v 0.507797 0.849786 -0.550000
v 0.650633 0.846217 -0.560000
v 0.793468 0.842648 -0.570000
v 0.841823 0.851513 -0.580000
v 0.740583 0.880066 -0.590000
v 0.639342 0.908618 -0.600000
v 0.555063 0.934457 -0.610000
v 0.558987 0.946184 -0.620000
v 0.562911 0.957911 -0.630000
v 0.566835 0.969638 -0.640000
v 0.560481 0.978980 -0.650000
v 0.553418 0.988158 -0.660000
v 0.546354 0.997336 -0.670000
v 0.518683 0.997829 -0.680000
v 0.482582 0.994770 -0.690000
v 0.446481 0.991710 -0.700000
v 0.412658 0.982977 -0.710000
v 0.381266 0.968191 -0.720000
v 0.349874 0.953405 -0.730000
v 0.324152 0.936645 -0.740000
v 0.314734 0.914211 -0.750000
v 0.305316 0.891776 -0.760000
v 0.293241 0.867780 -0.770000
v 0.201418 0.796908 -0.780000
v 0.109595 0.726036 -0.790000
v 0.017772 0.655164 -0.800000
v 0.194937 0.636924 -0.810000
v 0.436658 0.631316 -0.820000
v 0.678379 0.625707 -0.830000
v 0.819392 0.599671 -0.840000
v 0.887671 0.558882 -0.850000
v 0.955949 0.518092 -0.860000
v 0.957949 0.480378 -0.870000
v 0.839443 0.448257 -0.880000
v 0.720937 0.416135 -0.890000
v 0.602937 0.383750 -0.900000
v 0.488355 0.349589 -0.910000
v 0.373773 0.315428 -0.920000
v 0.259190 0.281266 -0.930000
v 0.265114 0.251250 -0.940000
v 0.283949 0.221678 -0.950000
v 0.302785 0.192105 -0.960000
v 0.363620 0.166678 -0.970000
v 0.444455 0.143224 -0.980000
v 0.525291 0.119770 -0.990000
v 0.579899 0.098849 -1.000000
v 0.602658 0.081003 -1.010000
v 0.625418 0.063158 -1.020000
v 0.660050 0.048651 -1.030000
v 0.735392 0.045592 -1.040000
v 0.810734 0.042533 -1.050000
v 0.886076 0.039474 -1.060000
v 0.526582 0.000000 -0.080000
v 0.448886 0.031102 -0.090000
v 0.371190 0.062204 -0.100000
v 0.293494 0.093306 -0.110000
v 0.336101 0.118882 -0.120000
v 0.413798 0.142845 -0.130000
v 0.491494 0.166809 -0.140000
v 0.543797 0.184901 -0.150000
v 0.575190 0.198158 -0.160000
v 0.606582 0.211414 -0.170000
v 0.647595 0.229934 -0.180000
v 0.708810 0.259507 -0.190000
v 0.770025 0.289079 -0.200000
v 0.816430 0.316826 -0.210000
v 0.724608 0.327533 -0.220000
v 0.632785 0.338240 -0.230000
v 0.540962 0.348947 -0.240000
v 0.483316 0.362763 -0.250000
v 0.430734 0.377039 -0.260000
v 0.378152 0.391316 -0.270000
v 0.351392 0.407566 -0.280000
v 0.338835 0.424901 -0.290000
v 0.326278 0.442237 -0.300000
v 0.328203 0.458289 -0.310000
v 0.350177 0.472566 -0.320000
v 0.372152 0.486842 -0.330000
v 0.402785 0.501908 -0.340000
v 0.469494 0.520263 -0.350000
v 0.536203 0.538618 -0.360000
v 0.602911 0.556974 -0.370000
v 0.615696 0.577303 -0.380000
v 0.626684 0.597697 -0.390000
v 0.637671 0.618092 -0.400000
v 0.625949 0.642648 -0.410000
v 0.606329 0.668651 -0.420000
v 0.586709 0.694655 -0.430000
v 0.545215 0.704079 -0.440000
v 0.483215 0.697960 -0.450000
v 0.421215 0.691842 -0.460000
v 0.373570 0.691201 -0.470000
v 0.361013 0.703947 -0.480000
v 0.348456 0.716694 -0.490000
v 0.335443 0.729868 -0.500000
v 0.315823 0.749243 -0.510000
v 0.296203 0.768618 -0.520000
v 0.276582 0.787993 -0.530000
v 0.311595 0.806941 -0.540000
v 0.357114 0.825806 -0.550000
v 0.402633 0.844671 -0.560000
v 0.507797 0.849786 -0.570000
v 0.650633 0.846217 -0.580000
v 0.793468 0.842648 -0.590000
v 0.841823 0.851513 -0.600000
v 0.740583 0.880066 -0.610000
v 0.639342 0.908618 -0.620000
v 0.555063 0.934457 -0.630000
v 0.558987 0.946184 -0.640000
v 0.562911 0.957911 -0.650000
v 0.566835 0.969638 -0.660000
v 0.560481 0.978980 -0.670000
v 0.553418 0.988158 -0.680000
v 0.546354 0.997336 -0.690000
v 0.518683 0.997829 -0.700000
v 0.482582 0.994770 -0.710000
v 0.446481 0.991710 -0.720000
v 0.412658 0.982977 -0.730000
v 0.381266 0.968191 -0.740000
v 0.349874 0.953405 -0.750000
v 0.324152 0.936645 -0.760000
v 0.314734 0.914211 -0.770000
v 0.305316 0.891776 -0.780000
v 0.293241 0.867780 -0.790000
v 0.201418 0.796908 -0.800000
v 0.109595 0.726036 -0.810000
v 0.017772 0.655164 -0.820000
v 0.194937 0.636924 -0.830000
v 0.436658 0.631316 -0.840000
v 0.678379 0.625707 -0.850000
v 0.819392 0.599671 -0.860000
v 0.887671 0.558882 -0.870000
v 0.955949 0.518092 -0.880000
v 0.957949 0.480378 -0.890000
v 0.839443 0.448257 -0.900000
v 0.720937 0.416135 -0.910000
v 0.602937 0.383750 -0.920000
v 0.488355 0.349589 -0.930000
v 0.373773 0.315428 -0.940000
v 0.259190 0.281266 -0.950000
v 0.265114 0.251250 -0.960000
v 0.283949 0.221678 -0.970000
v 0.302785 0.192105 -0.980000
v 0.363620 0.166678 -0.990000
v 0.444455 0.143224 -1.000000
v 0.525291 0.119770 -1.010000
v 0.579899 0.098849 -1.020000
v 0.602658 0.081003 -1.030000
v 0.625418 0.063158 -1.040000
v 0.660050 0.048651 -1.050000
v 0.735392 0.045592 -1.060000
v 0.810734 0.042533 -1.070000
v 0.886076 0.039474 -1.080000
v 0.526582 0.000000 -0.100000
v 0.448886 0.031102 -0.110000
v 0.371190 0.062204 -0.120000
v 0.293494 0.093306 -0.130000
v 0.336101 0.118882 -0.140000
v 0.413798 0.142845 -0.150000
v 0.491494 0.166809 -0.160000
v 0.543797 0.184901 -0.170000
v 0.575190 0.198158 -0.180000
v 0.606582 0.211414 -0.190000
v 0.647595 0.229934 -0.200000
v 0.708810 0.259507 -0.210000
v 0.770025 0.289079 -0.220000
v 0.816430 0.316826 -0.230000
v 0.724608 0.327533 -0.240000
v 0.632785 0.338240 -0.250000
v 0.540962 0.348947 -0.260000
v 0.483316 0.362763 -0.270000
v 0.430734 0.377039 -0.280000
v 0.378152 0.391316 -0.290000
v 0.351392 0.407566 -0.300000
v 0.338835 0.424901 -0.310000
v 0.326278 0.442237 -0.320000
v 0.328203 0.458289 -0.330000
v 0.350177 0.472566 -0.340000
v 0.372152 0.486842 -0.350000
v 0.402785 0.501908 -0.360000
v 0.469494 0.520263 -0.370000
v 0.536203 0.538618 -0.380000
v 0.602911 0.556974 -0.390000
v 0.615696 0.577303 -0.400000
v 0.626684 0.597697 -0.410000
v 0.637671 0.618092 -0.420000
v 0.625949 0.642648 -0.430000
v 0.606329 0.668651 -0.440000
v 0.586709 0.694655 -0.450000
v 0.545215 0.704079 -0.460000
v 0.483215 0.697960 -0.470000
v 0.421215 0.691842 -0.480000
v 0.373570 0.691201 -0.490000
v 0.361013 0.703947 -0.500000
v 0.348456 0.716694 -0.510000
v 0.335443 0.729868 -0.520000
v 0.315823 0.749243 -0.530000
v 0.296203 0.768618 -0.540000
v 0.276582 0.787993 -0.550000
v 0.311595 0.806941 -0.560000
v 0.357114 0.825806 -0.570000
v 0.402633 0.844671 -0.580000
v 0.507797 0.849786 -0.590000
v 0.650633 0.846217 -0.600000
v 0.793468 0.842648 -0.610000
v 0.841823 0.851513 -0.620000
v 0.740583 0.880066 -0.630000
v 0.639342 0.908618 -0.640000
v 0.555063 0.934457 -0.650000
v 0.558987 0.946184 -0.660000
v 0.562911 0.957911 -0.670000
v 0.566835 0.969638 -0.680000
v 0.560481 0.978980 -0.690000
v 0.553418 0.988158 -0.700000
v 0.546354 0.997336 -0.710000
v 0.518683 0.997829 -0.720000
v 0.482582 0.994770 -0.730000
v 0.446481 0.991710 -0.740000
v 0.412658 0.982977 -0.750000
v 0.381266 0.968191 -0.760000
v 0.349874 0.953405 -0.770000
v 0.324152 0.936645 -0.780000
v 0.314734 0.914211 -0.790000
v 0.305316 0.891776 -0.800000
v 0.293241 0.867780 -0.810000
v 0.201418 0.796908 -0.820000
v 0.109595 0.726036 -0.830000
v 0.017772 0.655164 -0.840000
v 0.194937 0.636924 -0.850000
v 0.436658 0.631316 -0.860000
v 0.678379 0.625707 -0.870000
v 0.819392 0.599671 -0.880000
v 0.887671 0.558882 -0.890000
v 0.955949 0.518092 -0.900000
v 0.957949 0.480378 -0.910000
v 0.839443 0.448257 -0.920000
v 0.720937 0.416135 -0.930000
v 0.602937 0.383750 -0.940000
v 0.488355 0.349589 -0.950000
v 0.373773 0.315428 -0.960000
v 0.259190 0.281266 -0.970000
v 0.265114 0.251250 -0.980000
v 0.283949 0.221678 -0.990000
v 0.302785 0.192105 -1.000000
v 0.363620 0.166678 -1.010000
v 0.444455 0.143224 -1.020000
v 0.525291 0.119770 -1.030000
v 0.579899 0.098849 -1.040000
v 0.602658 0.081003 -1.050000
v 0.625418 0.063158 -1.060000
v 0.660050 0.048651 -1.070000
v 0.735392 0.045592 -1.080000
v 0.810734 0.042533 -1.090000
v 0.886076 0.039474 -1.100000
v 0.526582 0.000000 -0.120000
v 0.448886 0.031102 -0.130000
v 0.371190 0.062204 -0.140000
v 0.293494 0.093306 -0.150000
v 0.336101 0.118882 -0.160000
v 0.413798 0.142845 -0.170000
v 0.491494 0.166809 -0.180000
v 0.543797 0.184901 -0.190000
v 0.575190 0.198158 -0.200000
v 0.606582 0.211414 -0.210000
v 0.647595 0.229934 -0.220000
v 0.708810 0.259507 -0.230000
v 0.770025 0.289079 -0.240000
v 0.816430 0.316826 -0.250000
v 0.724608 0.327533 -0.260000
v 0.632785 0.338240 -0.270000
v 0.540962 0.348947 -0.280000
v 0.483316 0.362763 -0.290000
v 0.430734 0.377039 -0.300000
v 0.378152 0.391316 -0.310000
v 0.351392 0.407566 -0.320000
v 0.338835 0.424901 -0.330000
v 0.326278 0.442237 -0.340000
v 0.328203 0.458289 -0.350000
v 0.350177 0.472566 -0.360000
v 0.372152 0.486842 -0.370000
v 0.402785 0.501908 -0.380000
v 0.469494 0.520263 -0.390000
v 0.536203 0.538618 -0.400000
v 0.602911 0.556974 -0.410000
v 0.615696 0.577303 -0.420000
v 0.626684 0.597697 -0.430000
v 0.637671 0.618092 -0.440000
v 0.625949 0.642648 -0.450000
v 0.606329 0.668651 -0.460000
v 0.586709 0.694655 -0.470000
v 0.545215 0.704079 -0.480000
v 0.483215 0.697960 -0.490000
v 0.421215 0.691842 -0.500000
v 0.373570 0.691201 -0.510000
v 0.361013 0.703947 -0.520000
v 0.348456 0.716694 -0.530000
v 0.335443 0.729868 -0.540000
v 0.315823 0.749243 -0.550000
v 0.296203 0.768618 -0.560000
v 0.276582 0.787993 -0.570000
v 0.311595 0.806941 -0.580000
v 0.357114 0.825806 -0.590000
v 0.402633 0.844671 -0.600000
v 0.507797 0.849786 -0.610000
v 0.650633 0.846217 -0.620000
v 0.793468 0.842648 -0.630000
v 0.841823 0.851513 -0.640000
v 0.740583 0.880066 -0.650000
v 0.639342 0.908618 -0.660000
v 0.555063 0.934457 -0.670000
v 0.558987 0.946184 -0.680000
v 0.562911 0.957911 -0.690000
v 0.566835 0.969638 -0.700000
v 0.560481 0.978980 -0.710000
v 0.553418 0.988158 -0.720000
v 0.546354 0.997336 -0.730000
v 0.518683 0.997829 -0.740000
v 0.482582 0.994770 -0.750000
v 0.446481 0.991710 -0.760000
v 0.412658 0.982977 -0.770000
v 0.381266 0.968191 -0.780000
v 0.349874 0.953405 -0.790000
v 0.324152 0.936645 -0.800000
v 0.314734 0.914211 -0.810000
v 0.305316 0.891776 -0.820000
v 0.293241 0.867780 -0.830000
v 0.201418 0.796908 -0.840000
v 0.109595 0.726036 -0.850000
v 0.017772 0.655164 -0.860000
v 0.194937 0.636924 -0.870000
v 0.436658 0.631316 -0.880000
v 0.678379 0.625707 -0.890000
v 0.819392 0.599671 -0.900000
v 0.887671 0.558882 -0.910000
v 0.955949 0.518092 -0.920000
v 0.957949 0.480378 -0.930000
v 0.839443 0.448257 -0.940000
v 0.720937 0.416135 -0.950000
v 0.602937 0.383750 -0.960000
v 0.488355 0.349589 -0.970000
v 0.373773 0.315428 -0.980000
v 0.259190 0.281266 -0.990000
v 0.265114 0.251250 -1.000000
v 0.283949 0.221678 -1.010000
v 0.302785 0.192105 -1.020000
v 0.363620 0.166678 -1.030000
v 0.444455 0.143224 -1.040000
v 0.525291 0.119770 -1.050000
v 0.579899 0.098849 -1.060000
v 0.602658 0.081003 -1.070000
v 0.625418 0.063158 -1.080000
v 0.660050 0.048651 -1.090000
v 0.735392 0.045592 -1.100000
v 0.810734 0.042533 -1.110000
v 0.886076 0.039474 -1.120000
v 0.526582 0.000000 -0.140000
v 0.448886 0.031102 -0.150000
v 0.371190 0.062204 -0.160000
v 0.293494 0.093306 -0.170000
v 0.336101 0.118882 -0.180000
v 0.413798 0.142845 -0.190000
v 0.491494 0.166809 -0.200000
v 0.543797 0.184901 -0.210000
v 0.575190 0.198158 -0.220000
v 0.606582 0.211414 -0.230000
v 0.647595 0.229934 -0.240000
v 0.708810 0.259507 -0.250000
v 0.770025 0.289079 -0.260000
v 0.816430 0.316826 -0.270000
v 0.724608 0.327533 -0.280000
v 0.632785 0.338240 -0.290000
v 0.540962 0.348947 -0.300000
v 0.483316 0.362763 -0.310000
v 0.430734 0.377039 -0.320000
v 0.378152 0.391316 -0.330000
v 0.351392 0.407566 -0.340000
v 0.338835 0.424901 -0.350000
v 0.326278 0.442237 -0.360000
v 0.328203 0.458289 -0.370000
v 0.350177 0.472566 -0.380000
v 0.372152 0.486842 -0.390000
v 0.402785 0.501908 -0.400000
v 0.469494 0.520263 -0.410000
v 0.536203 0.538618 -0.420000
v 0.602911 0.556974 -0.430000
v 0.615696 0.577303 -0.440000
v 0.626684 0.597697 -0.450000
v 0.637671 0.618092 -0.460000
v 0.625949 0.642648 -0.470000
v 0.606329 0.668651 -0.480000
v 0.586709 0.694655 -0.490000
v 0.545215 0.704079 -0.500000
v 0.483215 0.697960 -0.510000
v 0.421215 0.691842 -0.520000
v 0.373570 0.691201 -0.530000
v 0.361013 0.703947 -0.540000
v 0.348456 0.716694 -0.550000
v 0.335443 0.729868 -0.560000
v 0.315823 0.749243 -0.570000
v 0.296203 0.768618 -0.580000
v 0.276582 0.787993 -0.590000
v 0.311595 0.806941 -0.600000
v 0.357114 0.825806 -0.610000
v 0.402633 0.844671 -0.620000
v 0.507797 0.849786 -0.630000
v 0.650633 0.846217 -0.640000
v 0.793468 0.842648 -0.650000
v 0.841823 0.851513 -0.660000
v 0.740583 0.880066 -0.670000
v 0.639342 0.908618 -0.680000
v 0.555063 0.934457 -0.690000
v 0.558987 0.946184 -0.700000
v 0.562911 0.957911 -0.710000
v 0.566835 0.969638 -0.720000
v 0.560481 0.978980 -0.730000
v 0.553418 0.988158 -0.740000
v 0.546354 0.997336 -0.750000
v 0.518683 0.997829 -0.760000
v 0.482582 0.994770 -0.770000
v 0.446481 0.991710 -0.780000
v 0.412658 0.982977 -0.790000
v 0.381266 0.968191 -0.800000
v 0.349874 0.953405 -0.810000
v 0.324152 0.936645 -0.820000
v 0.314734 0.914211 -0.830000
v 0.305316 0.891776 -0.840000
v 0.293241 0.867780 -0.850000
v 0.201418 0.796908 -0.860000
v 0.109595 0.726036 -0.870000
v 0.017772 0.655164 -0.880000
v 0.194937 0.636924 -0.890000
v 0.436658 0.631316 -0.900000
v 0.678379 0.625707 -0.910000
v 0.819392 0.599671 -0.920000
v 0.887671 0.558882 -0.930000
v 0.955949 0.518092 -0.940000
v 0.957949 0.480378 -0.950000
v 0.839443 0.448257 -0.960000
v 0.720937 0.416135 -0.970000
v 0.602937 0.383750 -0.980000
v 0.488355 0.349589 -0.990000
v 0.373773 0.315428 -1.000000
v 0.259190 0.281266 -1.010000
v 0.265114 0.251250 -1.020000
v 0.283949 0.221678 -1.030000
v 0.302785 0.192105 -1.040000
v 0.363620 0.166678 -1.050000
v 0.444455 0.143224 -1.060000
v 0.525291 0.119770 -1.070000
v 0.579899 0.098849 -1.080000
v 0.602658 0.081003 -1.090000
v 0.625418 0.063158 -1.100000
v 0.660050 0.048651 -1.110000
v 0.735392 0.045592 -1.120000
v 0.810734 0.042533 -1.130000
v 0.886076 0.039474 -1.140000
v 0.526582 0.000000 -0.160000
v 0.448886 0.031102 -0.170000
v 0.371190 0.062204 -0.180000
v 0.293494 0.093306 -0.190000
v 0.336101 0.118882 -0.200000
v 0.413798 0.142845 -0.210000
v 0.491494 0.166809 -0.220000
v 0.543797 0.184901 -0.230000
v 0.575190 0.198158 -0.240000
v 0.606582 0.211414 -0.250000
v 0.647595 0.229934 -0.260000
v 0.708810 0.259507 -0.270000
v 0.770025 0.289079 -0.280000
v 0.816430 0.316826 -0.290000
v 0.724608 0.327533 -0.300000
v 0.632785 0.338240 -0.310000
v 0.540962 0.348947 -0.320000
v 0.483316 0.362763 -0.330000
v 0.430734 0.377039 -0.340000
v 0.378152 0.391316 -0.350000
v 0.351392 0.407566 -0.360000
v 0.338835 0.424901 -0.370000
v 0.326278 0.442237 -0.380000
v 0.328203 0.458289 -0.390000
v 0.350177 0.472566 -0.400000
v 0.372152 0.486842 -0.410000
v 0.402785 0.501908 -0.420000
v 0.469494 0.520263 -0.430000
v 0.536203 0.538618 -0.440000
v 0.602911 0.556974 -0.450000
v 0.615696 0.577303 -0.460000
v 0.626684 0.597697 -0.470000
v 0.637671 0.618092 -0.480000
v 0.625949 0.642648 -0.490000
v 0.606329 0.668651 -0.500000
v 0.586709 0.694655 -0.510000
v 0.545215 0.704079 -0.520000
v 0.483215 0.697960 -0.530000
v 0.421215 0.691842 -0.540000
v 0.373570 0.691201 -0.550000
v 0.361013 0.703947 -0.560000
v 0.348456 0.716694 -0.570000
v 0.335443 0.729868 -0.580000
v 0.315823 0.749243 -0.590000
v 0.296203 0.768618 -0.600000
v 0.276582 0.787993 -0.610000
v 0.311595 0.806941 -0.620000
v 0.357114 0.825806 -0.630000
v 0.402633 0.844671 -0.640000
v 0.507797 0.849786 -0.650000
v 0.650633 0.846217 -0.660000
v 0.793468 0.842648 -0.670000
v 0.841823 0.851513 -0.680000
v 0.740583 0.880066 -0.690000
v 0.639342 0.908618 -0.700000
v 0.555063 0.934457 -0.710000
v 0.558987 0.946184 -0.720000
v 0.562911 0.957911 -0.730000
v 0.566835 0.969638 -0.740000
v 0.560481 0.978980 -0.750000
v 0.553418 0.988158 -0.760000
v 0.546354 0.997336 -0.770000
v 0.518683 0.997829 -0.780000
v 0.482582 0.994770 -0.790000
v 0.446481 0.991710 -0.800000
v 0.412658 0.982977 -0.810000
v 0.381266 0.968191 -0.820000
v 0.349874 0.953405 -0.830000
v 0.324152 0.936645 -0.840000
v 0.314734 0.914211 -0.850000
v 0.305316 0.891776 -0.860000
v 0.293241 0.867780 -0.870000
v 0.201418 0.796908 -0.880000
v 0.109595 0.726036 -0.890000
v 0.017772 0.655164 -0.900000
v 0.194937 0.636924 -0.910000
v 0.436658 0.631316 -0.920000
v 0.678379 0.625707 -0.930000
v 0.819392 0.599671 -0.940000
v 0.887671 0.558882 -0.950000
v 0.955949 0.518092 -0.960000
v 0.957949 0.480378 -0.970000
v 0.839443 0.448257 -0.980000
v 0.720937 0.416135 -0.990000
v 0.602937 0.383750 -1.000000
v 0.488355 0.349589 -1.010000
v 0.373773 0.315428 -1.020000
v 0.259190 0.281266 -1.030000
v 0.265114 0.251250 -1.040000
v 0.283949 0.221678 -1.050000
v 0.302785 0.192105 -1.060000
v 0.363620 0.166678 -1.070000
v 0.444455 0.143224 -1.080000
v 0.525291 0.119770 -1.090000
v 0.579899 0.098849 -1.100000
v 0.602658 0.081003 -1.110000
v 0.625418 0.063158 -1.120000
v 0.660050 0.048651 -1.130000
v 0.735392 0.045592 -1.140000
v 0.810734 0.042533 -1.150000
v 0.886076 0.039474 -1.160000
v 0.526582 0.000000 -0.180000
v 0.448886 0.031102 -0.190000
v 0.371190 0.062204 -0.200000
v 0.293494 0.093306 -0.210000
v 0.336101 0.118882 -0.220000
v 0.413798 0.142845 -0.230000
v 0.491494 0.166809 -0.240000
v 0.543797 0.184901 -0.250000
v 0.575190 0.198158 -0.260000
v 0.606582 0.211414 -0.270000
v 0.647595 0.229934 -0.280000
v 0.708810 0.259507 -0.290000
v 0.770025 0.289079 -0.300000
v 0.816430 0.316826 -0.310000
v 0.724608 0.327533 -0.320000
v 0.632785 0.338240 -0.330000
v 0.540962 0.348947 -0.340000
v 0.483316 0.362763 -0.350000
v 0.430734 0.377039 -0.360000
v 0.378152 0.391316 -0.370000
v 0.351392 0.407566 -0.380000
v 0.338835 0.424901 -0.390000
v 0.326278 0.442237 -0.400000
v 0.328203 0.458289 -0.410000
v 0.350177 0.472566 -0.420000
v 0.372152 0.486842 -0.430000
v 0.402785 0.501908 -0.440000
v 0.469494 0.520263 -0.450000
v 0.536203 0.538618 -0.460000
v 0.602911 0.556974 -0.470000
v 0.615696 0.577303 -0.480000
v 0.626684 0.597697 -0.490000
v 0.637671 0.618092 -0.500000
v 0.625949 0.642648 -0.510000
v 0.606329 0.668651 -0.520000
v 0.586709 0.694655 -0.530000
v 0.545215 0.704079 -0.540000
v 0.483215 0.697960 -0.550000
v 0.421215 0.691842 -0.560000
v 0.373570 0.691201 -0.570000
v 0.361013 0.703947 -0.580000
v 0.348456 0.716694 -0.590000
v 0.335443 0.729868 -0.600000
v 0.315823 0.749243 -0.610000
v 0.296203 0.768618 -0.620000
v 0.276582 0.787993 -0.630000
v 0.311595 0.806941 -0.640000
v 0.357114 0.825806 -0.650000
v 0.402633 0.844671 -0.660000
v 0.507797 0.849786 -0.670000
v 0.650633 0.846217 -0.680000
v 0.793468 0.842648 -0.690000
v 0.841823 0.851513 -0.700000
v 0.740583 0.880066 -0.710000
v 0.639342 0.908618 -0.720000
v 0.555063 0.934457 -0.730000
v 0.558987 0.946184 -0.740000
v 0.562911 0.957911 -0.750000
v 0.566835 0.969638 -0.760000
v 0.560481 0.978980 -0.770000
v 0.553418 0.988158 -0.780000
v 0.546354 0.997336 -0.790000
v 0.518683 0.997829 -0.800000
v 0.482582 0.994770 -0.810000
v 0.446481 0.991710 -0.820000
v 0.412658 0.982977 -0.830000
v 0.381266 0.968191 -0.840000
v 0.349874 0.953405 -0.850000
v 0.324152 0.936645 -0.860000
v 0.314734 0.914211 -0.870000
v 0.305316 0.891776 -0.880000
v 0.293241 0.867780 -0.890000
v 0.201418 0.796908 -0.900000
v 0.109595 0.726036 -0.910000
v 0.017772 0.655164 -0.920000
v 0.194937 0.636924 -0.930000
v 0.436658 0.631316 -0.940000
v 0.678379 0.625707 -0.950000
v 0.819392 0.599671 -0.960000
v 0.887671 0.558882 -0.970000
v 0.955949 0.518092 -0.980000
v 0.957949 0.480378 -0.990000
v 0.839443 0.448257 -1.000000
v 0.720937 0.416135 -1.010000
v 0.602937 0.383750 -1.020000
v 0.488355 0.349589 -1.030000
v 0.373773 0.315428 -1.040000
v 0.259190 0.281266 -1.050000
v 0.265114 0.251250 -1.060000
v 0.283949 0.221678 -1.070000
v 0.302785 0.192105 -1.080000
v 0.363620 0.166678 -1.090000
v 0.444455 0.143224 -1.100000
v 0.525291 0.119770 -1.110000
v 0.579899 0.098849 -1.120000
v 0.602658 0.081003 -1.130000
v 0.625418 0.063158 -1.140000
v 0.660050 0.048651 -1.150000
v 0.735392 0.045592 -1.160000
v 0.810734 0.042533 -1.170000
v 0.886076 0.039474 -1.180000
v 0.526582 0.000000 -0.200000
v 0.448886 0.031102 -0.210000
v 0.371190 0.062204 -0.220000
v 0.293494 0.093306 -0.230000
v 0.336101 0.118882 -0.240000
v 0.413798 0.142845 -0.250000
v 0.491494 0.166809 -0.260000
v 0.543797 0.184901 -0.270000
v 0.575190 0.198158 -0.280000
v 0.606582 0.211414 -0.290000
v 0.647595 0.229934 -0.300000
v 0.708810 0.259507 -0.310000
v 0.770025 0.289079 -0.320000
v 0.816430 0.316826 -0.330000
v 0.724608 0.327533 -0.340000
v 0.632785 0.338240 -0.350000
v 0.540962 0.348947 -0.360000
v 0.483316 0.362763 -0.370000
v 0.430734 0.377039 -0.380000
v 0.378152 0.391316 -0.390000
v 0.351392 0.407566 -0.400000
v 0.338835 0.424901 -0.410000
v 0.326278 0.442237 -0.420000
v 0.328203 0.458289 -0.430000
v 0.350177 0.472566 -0.440000
v 0.372152 0.486842 -0.450000
v 0.402785 0.501908 -0.460000
v 0.469494 0.520263 -0.470000
v 0.536203 0.538618 -0.480000
v 0.602911 0.556974 -0.490000
v 0.615696 0.577303 -0.500000
v 0.626684 0.597697 -0.510000
v 0.637671 0.618092 -0.520000
v 0.625949 0.642648 -0.530000
v 0.606329 0.668651 -0.540000
v 0.586709 0.694655 -0.550000
v 0.545215 0.704079 -0.560000
v 0.483215 0.697960 -0.570000
v 0.421215 0.691842 -0.580000
v 0.373570 0.691201 -0.590000
v 0.361013 0.703947 -0.600000
v 0.348456 0.716694 -0.610000
v 0.335443 0.729868 -0.620000
v 0.315823 0.749243 -0.630000
v 0.296203 0.768618 -0.640000
v 0.276582 0.787993 -0.650000
v 0.311595 0.806941 -0.660000
v 0.357114 0.825806 -0.670000
v 0.402633 0.844671 -0.680000
v 0.507797 0.849786 -0.690000
v 0.650633 0.846217 -0.700000
v 0.793468 0.842648 -0.710000
v 0.841823 0.851513 -0.720000
v 0.740583 0.880066 -0.730000
v 0.639342 0.908618 -0.740000
v 0.555063 0.934457 -0.750000
v 0.558987 0.946184 -0.760000
v 0.562911 0.957911 -0.770000
v 0.566835 0.969638 -0.780000
v 0.560481 0.978980 -0.790000
v 0.553418 0.988158 -0.800000
v 0.546354 0.997336 -0.810000
v 0.518683 0.997829 -0.820000
v 0.482582 0.994770 -0.830000
v 0.446481 0.991710 -0.840000
v 0.412658 0.982977 -0.850000
v 0.381266 0.968191 -0.860000
v 0.349874 0.953405 -0.870000
v 0.324152 0.936645 -0.880000
v 0.314734 0.914211 -0.890000
v 0.305316 0.891776 -0.900000
v 0.293241 0.867780 -0.910000
v 0.201418 0.796908 -0.920000
v 0.109595 0.726036 -0.930000
v 0.017772 0.655164 -0.940000
v 0.194937 0.636924 -0.950000
v 0.436658 0.631316 -0.960000
v 0.678379 0.625707 -0.970000
v 0.819392 0.599671 -0.980000
v 0.887671 0.558882 -0.990000
v 0.955949 0.518092 -1.000000
v 0.957949 0.480378 -1.010000
v 0.839443 0.448257 -1.020000
v 0.720937 0.416135 -1.030000
v 0.602937 0.383750 -1.040000
v 0.488355 0.349589 -1.050000
v 0.373773 0.315428 -1.060000
v 0.259190 0.281266 -1.070000
v 0.265114 0.251250 -1.080000
v 0.283949 0.221678 -1.090000
v 0.302785 0.192105 -1.100000
v 0.363620 0.166678 -1.110000
v 0.444455 0.143224 -1.120000
v 0.525291 0.119770 -1.130000
v 0.579899 0.098849 -1.140000
v 0.602658 0.081003 -1.150000
v 0.625418 0.063158 -1.160000
v 0.660050 0.048651 -1.170000
v 0.735392 0.045592 -1.180000
v 0.810734 0.042533 -1.190000
v 0.886076 0.039474 -1.200000
v 0.526582 0.000000 -0.220000
v 0.448886 0.031102 -0.230000
v 0.371190 0.062204 -0.240000
v 0.293494 0.093306 -0.250000
v 0.336101 0.118882 -0.260000
v 0.413798 0.142845 -0.270000
v 0.491494 0.166809 -0.280000
v 0.543797 0.184901 -0.290000
v 0.575190 0.198158 -0.300000
v 0.606582 0.211414 -0.310000
v 0.647595 0.229934 -0.320000
v 0.708810 0.259507 -0.330000
v 0.770025 0.289079 -0.340000
v 0.816430 0.316826 -0.350000
v 0.724608 0.327533 -0.360000
v 0.632785 0.338240 -0.370000
v 0.540962 0.348947 -0.380000
v 0.483316 0.362763 -0.390000
v 0.430734 0.377039 -0.400000
v 0.378152 0.391316 -0.410000
v 0.351392 0.407566 -0.420000
v 0.338835 0.424901 -0.430000
v 0.326278 0.442237 -0.440000
v 0.328203 0.458289 -0.450000
v 0.350177 0.472566 -0.460000
v 0.372152 0.486842 -0.470000
v 0.402785 0.501908 -0.480000
v 0.469494 0.520263 -0.490000
v 0.536203 0.538618 -0.500000
v 0.602911 0.556974 -0.510000
v 0.615696 0.577303 -0.520000
v 0.626684 0.597697 -0.530000
v 0.637671 0.618092 -0.540000
v 0.625949 0.642648 -0.550000
v 0.606329 0.668651 -0.560000
v 0.586709 0.694655 -0.570000
v 0.545215 0.704079 -0.580000
v 0.483215 0.697960 -0.590000
v 0.421215 0.691842 -0.600000
v 0.373570 0.691201 -0.610000
v 0.361013 0.703947 -0.620000
v 0.348456 0.716694 -0.630000
v 0.335443 0.729868 -0.640000
v 0.315823 0.749243 -0.650000
v 0.296203 0.768618 -0.660000
v 0.276582 0.787993 -0.670000
v 0.311595 0.806941 -0.680000
v 0.357114 0.825806 -0.690000
v 0.402633 0.844671 -0.700000
v 0.507797 0.849786 -0.710000
v 0.650633 0.846217 -0.720000
v 0.793468 0.842648 -0.730000
v 0.841823 0.851513 -0.740000
v 0.740583 0.880066 -0.750000
v 0.639342 0.908618 -0.760000
v 0.555063 0.934457 -0.770000
v 0.558987 0.946184 -0.780000
v 0.562911 0.957911 -0.790000
v 0.566835 0.969638 -0.800000
v 0.560481 0.978980 -0.810000
v 0.553418 0.988158 -0.820000
v 0.546354 0.997336 -0.830000
v 0.518683 0.997829 -0.840000
v 0.482582 0.994770 -0.850000
v 0.446481 0.991710 -0.860000
v 0.412658 0.982977 -0.870000
v 0.381266 0.968191 -0.880000
v 0.349874 0.953405 -0.890000
v 0.324152 0.936645 -0.900000
v 0.314734 0.914211 -0.910000
v 0.305316 0.891776 -0.920000
v 0.293241 0.867780 -0.930000
v 0.201418 0.796908 -0.940000
v 0.109595 0.726036 -0.950000
v 0.017772 0.655164 -0.960000
v 0.194937 0.636924 -0.970000
v 0.436658 0.631316 -0.980000
v 0.678379 0.625707 -0.990000
v 0.819392 0.599671 -1.000000
v 0.887671 0.558882 -1.010000
v 0.955949 0.518092 -1.020000
v 0.957949 0.480378 -1.030000
v 0.839443 0.448257 -1.040000
v 0.720937 0.416135 -1.050000
v 0.602937 0.383750 -1.060000
v 0.488355 0.349589 -1.070000
v 0.373773 0.315428 -1.080000
v 0.259190 0.281266 -1.090000
v 0.265114 0.251250 -1.100000
v 0.283949 0.221678 -1.110000
v 0.302785 0.192105 -1.120000
v 0.363620 0.166678 -1.130000
v 0.444455 0.143224 -1.140000
v 0.525291 0.119770 -1.150000
v 0.579899 0.098849 -1.160000
v 0.602658 0.081003 -1.170000
v 0.625418 0.063158 -1.180000
v 0.660050 0.048651 -1.190000
v 0.735392 0.045592 -1.200000
v 0.810734 0.042533 -1.210000
v 0.886076 0.039474 -1.220000
v 0.526582 0.000000 -0.240000
v 0.448886 0.031102 -0.250000
v 0.371190 0.062204 -0.260000
v 0.293494 0.093306 -0.270000
v 0.336101 0.118882 -0.280000
v 0.413798 0.142845 -0.290000
v 0.491494 0.166809 -0.300000
v 0.543797 0.184901 -0.310000
v 0.575190 0.198158 -0.320000
v 0.606582 0.211414 -0.330000
v 0.647595 0.229934 -0.340000
v 0.708810 0.259507 -0.350000
v 0.770025 0.289079 -0.360000
v 0.816430 0.316826 -0.370000
v 0.724608 0.327533 -0.380000
v 0.632785 0.338240 -0.390000
v 0.540962 0.348947 -0.400000
v 0.483316 0.362763 -0.410000
v 0.430734 0.377039 -0.420000
v 0.378152 0.391316 -0.430000
v 0.351392 0.407566 -0.440000
v 0.338835 0.424901 -0.450000
v 0.326278 0.442237 -0.460000
v 0.328203 0.458289 -0.470000
v 0.350177 0.472566 -0.480000
v 0.372152 0.486842 -0.490000
v 0.402785 0.501908 -0.500000
v 0.469494 0.520263 -0.510000
v 0.536203 0.538618 -0.520000
v 0.602911 0.556974 -0.530000
v 0.615696 0.577303 -0.540000
v 0.626684 0.597697 -0.550000
v 0.637671 0.618092 -0.560000
v 0.625949 0.642648 -0.570000
v 0.606329 0.668651 -0.580000
v 0.586709 0.694655 -0.590000
v 0.545215 0.704079 -0.600000
v 0.483215 0.697960 -0.610000
v 0.421215 0.691842 -0.620000
v 0.373570 0.691201 -0.630000
v 0.361013 0.703947 -0.640000
v 0.348456 0.716694 -0.650000
v 0.335443 0.729868 -0.660000
v 0.315823 0.749243 -0.670000
v 0.296203 0.768618 -0.680000
v 0.276582 0.787993 -0.690000
v 0.311595 0.806941 -0.700000
v 0.357114 0.825806 -0.710000
v 0.402633 0.844671 -0.720000
v 0.507797 0.849786 -0.730000
v 0.650633 0.846217 -0.740000
v 0.793468 0.842648 -0.750000
v 0.841823 0.851513 -0.760000
v 0.740583 0.880066 -0.770000
v 0.639342 0.908618 -0.780000
v 0.555063 0.934457 -0.790000
v 0.558987 0.946184 -0.800000
v 0.562911 0.957911 -0.810000
v 0.566835 0.969638 -0.820000
v 0.560481 0.978980 -0.830000
v 0.553418 0.988158 -0.840000
v 0.546354 0.997336 -0.850000
v 0.518683 0.997829 -0.860000
v 0.482582 0.994770 -0.870000
v 0.446481 0.991710 -0.880000
v 0.412658 0.982977 -0.890000
v 0.381266 0.968191 -0.900000
v 0.349874 0.953405 -0.910000
v 0.324152 0.936645 -0.920000
v 0.314734 0.914211 -0.930000
v 0.305316 0.891776 -0.940000
v 0.293241 0.867780 -0.950000
v 0.201418 0.796908 -0.960000
v 0.109595 0.726036 -0.970000
v 0.017772 0.655164 -0.980000
v 0.194937 0.636924 -0.990000
v 0.436658 0.631316 -1.000000
v 0.678379 0.625707 -1.010000
v 0.819392 0.599671 -1.020000
v 0.887671 0.558882 -1.030000
v 0.955949 0.518092 -1.040000
v 0.957949 0.480378 -1.050000
v 0.839443 0.448257 -1.060000
v 0.720937 0.416135 -1.070000
v 0.602937 0.383750 -1.080000
v 0.488355 0.349589 -1.090000
v 0.373773 0.315428 -1.100000
v 0.259190 0.281266 -1.110000
v 0.265114 0.251250 -1.120000
v 0.283949 0.221678 -1.130000
v 0.302785 0.192105 -1.140000
v 0.363620 0.166678 -1.150000
v 0.444455 0.143224 -1.160000
v 0.525291 0.119770 -1.170000
v 0.579899 0.098849 -1.180000
v 0.602658 0.081003 -1.190000
v 0.625418 0.063158 -1.200000
v 0.660050 0.048651 -1.210000
v 0.735392 0.045592 -1.220000
v 0.810734 0.042533 -1.230000
v 0.886076 0.039474 -1.240000
v 0.526582 0.000000 -0.260000
v 0.448886 0.031102 -0.270000
v 0.371190 0.062204 -0.280000
v 0.293494 0.093306 -0.290000
v 0.336101 0.118882 -0.300000
v 0.413798 0.142845 -0.310000
v 0.491494 0.166809 -0.320000
v 0.543797 0.184901 -0.330000
v 0.575190 0.198158 -0.340000
v 0.606582 0.211414 -0.350000
v 0.647595 0.229934 -0.360000
v 0.708810 0.259507 -0.370000
v 0.770025 0.289079 -0.380000
v 0.816430 0.316826 -0.390000
v 0.724608 0.327533 -0.400000
v 0.632785 0.338240 -0.410000
v 0.540962 0.348947 -0.420000
v 0.483316 0.362763 -0.430000
v 0.430734 0.377039 -0.440000
v 0.378152 0.391316 -0.450000
v 0.351392 0.407566 -0.460000
v 0.338835 0.424901 -0.470000
v 0.326278 0.442237 -0.480000
v 0.328203 0.458289 -0.490000
v 0.350177 0.472566 -0.500000
v 0.372152 0.486842 -0.510000
v 0.402785 0.501908 -0.520000
v 0.469494 0.520263 -0.530000
v 0.536203 0.538618 -0.540000
v 0.602911 0.556974 -0.550000
v 0.615696 0.577303 -0.560000
v 0.626684 0.597697 -0.570000
v 0.637671 0.618092 -0.580000
v 0.625949 0.642648 -0.590000
v 0.606329 0.668651 -0.600000
v 0.586709 0.694655 -0.610000
v 0.545215 0.704079 -0.620000
v 0.483215 0.697960 -0.630000
v 0.421215 0.691842 -0.640000
v 0.373570 0.691201 -0.650000
v 0.361013 0.703947 -0.660000
v 0.348456 0.716694 -0.670000
v 0.335443 0.729868 -0.680000
v 0.315823 0.749243 -0.690000
v 0.296203 0.768618 -0.700000
v 0.276582 0.787993 -0.710000
v 0.311595 0.806941 -0.720000
v 0.357114 0.825806 -0.730000
v 0.402633 0.844671 -0.740000
v 0.507797 0.849786 -0.750000
v 0.650633 0.846217 -0.760000
v 0.793468 0.842648 -0.770000
v 0.841823 0.851513 -0.780000
v 0.740583 0.880066 -0.790000
v 0.639342 0.908618 -0.800000
v 0.555063 0.934457 -0.810000
v 0.558987 0.946184 -0.820000
v 0.562911 0.957911 -0.830000
v 0.566835 0.969638 -0.840000
v 0.560481 0.978980 -0.850000
v 0.553418 0.988158 -0.860000
v 0.546354 0.997336 -0.870000
v 0.518683 0.997829 -0.880000
v 0.482582 0.994770 -0.890000
v 0.446481 0.991710 -0.900000
v 0.412658 0.982977 -0.910000
v 0.381266 0.968191 -0.920000
v 0.349874 0.953405 -0.930000
v 0.324152 0.936645 -0.940000
v 0.314734 0.914211 -0.950000
v 0.305316 0.891776 -0.960000
v 0.293241 0.867780 -0.970000
v 0.201418 0.796908 -0.980000
v 0.109595 0.726036 -0.990000
v 0.017772 0.655164 -1.000000
v 0.194937 0.636924 -1.010000
v 0.436658 0.631316 -1.020000
v 0.678379 0.625707 -1.030000
v 0.819392 0.599671 -1.040000
v 0.887671 0.558882 -1.050000
v 0.955949 0.518092 -1.060000
v 0.957949 0.480378 -1.070000
v 0.839443 0.448257 -1.080000
v 0.720937 0.416135 -1.090000
v 0.602937 0.383750 -1.100000
v 0.488355 0.349589 -1.110000
v 0.373773 0.315428 -1.120000
v 0.259190 0.281266 -1.130000
v 0.265114 0.251250 -1.140000
v 0.283949 0.221678 -1.150000
v 0.302785 0.192105 -1.160000
v 0.363620 0.166678 -1.170000
v 0.444455 0.143224 -1.180000
v 0.525291 0.119770 -1.190000
v 0.579899 0.098849 -1.200000
v 0.602658 0.081003 -1.210000
v 0.625418 0.063158 -1.220000
v 0.660050 0.048651 -1.230000
v 0.735392 0.045592 -1.240000
v 0.810734 0.042533 -1.250000
v 0.886076 0.039474 -1.260000
v 0.526582 0.000000 -0.280000
v 0.448886 0.031102 -0.290000
v 0.371190 0.062204 -0.300000
v 0.293494 0.093306 -0.310000
v 0.336101 0.118882 -0.320000
v 0.413798 0.142845 -0.330000
v 0.491494 0.166809 -0.340000
v 0.543797 0.184901 -0.350000
v 0.575190 0.198158 -0.360000
v 0.606582 0.211414 -0.370000
v 0.647595 0.229934 -0.380000
v 0.708810 0.259507 -0.390000
v 0.770025 0.289079 -0.400000
v 0.816430 0.316826 -0.410000
v 0.724608 0.327533 -0.420000
v 0.632785 0.338240 -0.430000
v 0.540962 0.348947 -0.440000
v 0.483316 0.362763 -0.450000
v 0.430734 0.377039 -0.460000
v 0.378152 0.391316 -0.470000
v 0.351392 0.407566 -0.480000
v 0.338835 0.424901 -0.490000
v 0.326278 0.442237 -0.500000
v 0.328203 0.458289 -0.510000
v 0.350177 0.472566 -0.520000
v 0.372152 0.486842 -0.530000
v 0.402785 0.501908 -0.540000
v 0.469494 0.520263 -0.550000
v 0.536203 0.538618 -0.560000
v 0.602911 0.556974 -0.570000
v 0.615696 0.577303 -0.580000
v 0.626684 0.597697 -0.590000
v 0.637671 0.618092 -0.600000
v 0.625949 0.642648 -0.610000
v 0.606329 0.668651 -0.620000
v 0.586709 0.694655 -0.630000
v 0.545215 0.704079 -0.640000
v 0.483215 0.697960 -0.650000
v 0.421215 0.691842 -0.660000
v 0.373570 0.691201 -0.670000
v 0.361013 0.703947 -0.680000
v 0.348456 0.716694 -0.690000
v 0.335443 0.729868 -0.700000
v 0.315823 0.749243 -0.710000
v 0.296203 0.768618 -0.720000
v 0.276582 0.787993 -0.730000
v 0.311595 0.806941 -0.740000
v 0.357114 0.825806 -0.750000
v 0.402633 0.844671 -0.760000
v 0.507797 0.849786 -0.770000
v 0.650633 0.846217 -0.780000
v 0.793468 0.842648 -0.790000
v 0.841823 0.851513 -0.800000
v 0.740583 0.880066 -0.810000
v 0.639342 0.908618 -0.820000
v 0.555063 0.934457 -0.830000
v 0.558987 0.946184 -0.840000
v 0.562911 0.957911 -0.850000
v 0.566835 0.969638 -0.860000
v 0.560481 0.978980 -0.870000
v 0.553418 0.988158 -0.880000
v 0.546354 0.997336 -0.890000
v 0.518683 0.997829 -0.900000
v 0.482582 0.994770 -0.910000
v 0.446481 0.991710 -0.920000
v 0.412658 0.982977 -0.930000
v 0.381266 0.968191 -0.940000
v 0.349874 0.953405 -0.950000
v 0.324152 0.936645 -0.960000
v 0.314734 0.914211 -0.970000
v 0.305316 0.891776 -0.980000
v 0.293241 0.867780 -0.990000
v 0.201418 0.796908 -1.000000
v 0.109595 0.726036 -1.010000
v 0.017772 0.655164 -1.020000
v 0.194937 0.636924 -1.030000
v 0.436658 0.631316 -1.040000
v 0.678379 0.625707 -1.050000
v 0.819392 0.599671 -1.060000
v 0.887671 0.558882 -1.070000
v 0.955949 0.518092 -1.080000
v 0.957949 0.480378 -1.090000
v 0.839443 0.448257 -1.100000
v 0.720937 0.416135 -1.110000
v 0.602937 0.383750 -1.120000
v 0.488355 0.349589 -1.130000
v 0.373773 0.315428 -1.140000
v 0.259190 0.281266 -1.150000
v 0.265114 0.251250 -1.160000
v 0.283949 0.221678 -1.170000
v 0.302785 0.192105 -1.180000
v 0.363620 0.166678 -1.190000
v 0.444455 0.143224 -1.200000
v 0.525291 0.119770 -1.210000
v 0.579899 0.098849 -1.220000
v 0.602658 0.081003 -1.230000
v 0.625418 0.063158 -1.240000
v 0.660050 0.048651 -1.250000
v 0.735392 0.045592 -1.260000
v 0.810734 0.042533 -1.270000
v 0.886076 0.039474 -1.280000
v 0.526582 0.000000 -0.300000
v 0.448886 0.031102 -0.310000
v 0.371190 0.062204 -0.320000
v 0.293494 0.093306 -0.330000
v 0.336101 0.118882 -0.340000
v 0.413798 0.142845 -0.350000
v 0.491494 0.166809 -0.360000
v 0.543797 0.184901 -0.370000
v 0.575190 0.198158 -0.380000
v 0.606582 0.211414 -0.390000
v 0.647595 0.229934 -0.400000
v 0.708810 0.259507 -0.410000
v 0.770025 0.289079 -0.420000
v 0.816430 0.316826 -0.430000
v 0.724608 0.327533 -0.440000
v 0.632785 0.338240 -0.450000
v 0.540962 0.348947 -0.460000
v 0.483316 0.362763 -0.470000
v 0.430734 0.377039 -0.480000
v 0.378152 0.391316 -0.490000
v 0.351392 0.407566 -0.500000
v 0.338835 0.424901 -0.510000
v 0.326278 0.442237 -0.520000
v 0.328203 0.458289 -0.530000
v 0.350177 0.472566 -0.540000
v 0.372152 0.486842 -0.550000
v 0.402785 0.501908 -0.560000
v 0.469494 0.520263 -0.570000
v 0.536203 0.538618 -0.580000
v 0.602911 0.556974 -0.590000
v 0.615696 0.577303 -0.600000
v 0.626684 0.597697 -0.610000
v 0.637671 0.618092 -0.620000
v 0.625949 0.642648 -0.630000
v 0.606329 0.668651 -0.640000
v 0.586709 0.694655 -0.650000
v 0.545215 0.704079 -0.660000
v 0.483215 0.697960 -0.670000
v 0.421215 0.691842 -0.680000
v 0.373570 0.691201 -0.690000
v 0.361013 0.703947 -0.700000
v 0.348456 0.716694 -0.710000
v 0.335443 0.729868 -0.720000
v 0.315823 0.749243 -0.730000
v 0.296203 0.768618 -0.740000
v 0.276582 0.787993 -0.750000
v 0.311595 0.806941 -0.760000
v 0.357114 0.825806 -0.770000
v 0.402633 0.844671 -0.780000
v 0.507797 0.849786 -0.790000
v 0.650633 0.846217 -0.800000
v 0.793468 0.842648 -0.810000
v 0.841823 0.851513 -0.820000
v 0.740583 0.880066 -0.830000
v 0.639342 0.908618 -0.840000
v 0.555063 0.934457 -0.850000
v 0.558987 0.946184 -0.860000
v 0.562911 0.957911 -0.870000
v 0.566835 0.969638 -0.880000
v 0.560481 0.978980 -0.890000
v 0.553418 0.988158 -0.900000
v 0.546354 0.997336 -0.910000
v 0.518683 0.997829 -0.920000
v 0.482582 0.994770 -0.930000
v 0.446481 0.991710 -0.940000
v 0.412658 0.982977 -0.950000
v 0.381266 0.968191 -0.960000
v 0.349874 0.953405 -0.970000
v 0.324152 0.936645 -0.980000
v 0.314734 0.914211 -0.990000
v 0.305316 0.891776 -1.000000
v 0.293241 0.867780 -1.010000
v 0.201418 0.796908 -1.020000
v 0.109595 0.726036 -1.030000
v 0.017772 0.655164 -1.040000
v 0.194937 0.636924 -1.050000
v 0.436658 0.631316 -1.060000
v 0.678379 0.625707 -1.070000
v 0.819392 0.599671 -1.080000
v 0.887671 0.558882 -1.090000
v 0.955949 0.518092 -1.100000
v 0.957949 0.480378 -1.110000
v 0.839443 0.448257 -1.120000
v 0.720937 0.416135 -1.130000
v 0.602937 0.383750 -1.140000
v 0.488355 0.349589 -1.150000
v 0.373773 0.315428 -1.160000
v 0.259190 0.281266 -1.170000
v 0.265114 0.251250 -1.180000
v 0.283949 0.221678 -1.190000
v 0.302785 0.192105 -1.200000
v 0.363620 0.166678 -1.210000
v 0.444455 0.143224 -1.220000
v 0.525291 0.119770 -1.230000
v 0.579899 0.098849 -1.240000
v 0.602658 0.081003 -1.250000
v 0.625418 0.063158 -1.260000
v 0.660050 0.048651 -1.270000
v 0.735392 0.045592 -1.280000
v 0.810734 0.042533 -1.290000
v 0.886076 0.039474 -1.300000
v 0.526582 0.000000 -0.320000
v 0.448886 0.031102 -0.330000
v 0.371190 0.062204 -0.340000
v 0.293494 0.093306 -0.350000
v 0.336101 0.118882 -0.360000
v 0.413798 0.142845 -0.370000
v 0.491494 0.166809 -0.380000
v 0.543797 0.184901 -0.390000
v 0.575190 0.198158 -0.400000
v 0.606582 0.211414 -0.410000
v 0.647595 0.229934 -0.420000
v 0.708810 0.259507 -0.430000
v 0.770025 0.289079 -0.440000
v 0.816430 0.316826 -0.450000
v 0.724608 0.327533 -0.460000
v 0.632785 0.338240 -0.470000
v 0.540962 0.348947 -0.480000
v 0.483316 0.362763 -0.490000
v 0.430734 0.377039 -0.500000
v 0.378152 0.391316 -0.510000
v 0.351392 0.407566 -0.520000
v 0.338835 0.424901 -0.530000
v 0.326278 0.442237 -0.540000
v 0.328203 0.458289 -0.550000
v 0.350177 0.472566 -0.560000
v 0.372152 0.486842 -0.570000
v 0.402785 0.501908 -0.580000
v 0.469494 0.520263 -0.590000
v 0.536203 0.538618 -0.600000
v 0.602911 0.556974 -0.610000
v 0.615696 0.577303 -0.620000
v 0.626684 0.597697 -0.630000
v 0.637671 0.618092 -0.640000
v 0.625949 0.642648 -0.650000
v 0.606329 0.668651 -0.660000
v 0.586709 0.694655 -0.670000
v 0.545215 0.704079 -0.680000
v 0.483215 0.697960 -0.690000
v 0.421215 0.691842 -0.700000
v 0.373570 0.691201 -0.710000
v 0.361013 0.703947 -0.720000
v 0.348456 0.716694 -0.730000
v 0.335443 0.729868 -0.740000
v 0.315823 0.749243 -0.750000
v 0.296203 0.768618 -0.760000
v 0.276582 0.787993 -0.770000
v 0.311595 0.806941 -0.780000
v 0.357114 0.825806 -0.790000
v 0.402633 0.844671 -0.800000
v 0.507797 0.849786 -0.810000
v 0.650633 0.846217 -0.820000
v 0.793468 0.842648 -0.830000
v 0.841823 0.851513 -0.840000
v 0.740583 0.880066 -0.850000
v 0.639342 0.908618 -0.860000
v 0.555063 0.934457 -0.870000
v 0.558987 0.946184 -0.880000
v 0.562911 0.957911 -0.890000
v 0.566835 0.969638 -0.900000
v 0.560481 0.978980 -0.910000
v 0.553418 0.988158 -0.920000
v 0.546354 0.997336 -0.930000
v 0.518683 0.997829 -0.940000
v 0.482582 0.994770 -0.950000
v 0.446481 0.991710 -0.960000
v 0.412658 0.982977 -0.970000
v 0.381266 0.968191 -0.980000
v 0.349874 0.953405 -0.990000
v 0.324152 0.936645 -1.000000
v 0.314734 0.914211 -1.010000
v 0.305316 0.891776 -1.020000
v 0.293241 0.867780 -1.030000
v 0.201418 0.796908 -1.040000
v 0.109595 0.726036 -1.050000
v 0.017772 0.655164 -1.060000
v 0.194937 0.636924 -1.070000
v 0.436658 0.631316 -1.080000
v 0.678379 0.625707 -1.090000
v 0.819392 0.599671 -1.100000
v 0.887671 0.558882 -1.110000
v 0.955949 0.518092 -1.120000
v 0.957949 0.480378 -1.130000
v 0.839443 0.448257 -1.140000
v 0.720937 0.416135 -1.150000
v 0.602937 0.383750 -1.160000
v 0.488355 0.349589 -1.170000
v 0.373773 0.315428 -1.180000
v 0.259190 0.281266 -1.190000
v 0.265114 0.251250 -1.200000
v 0.283949 0.221678 -1.210000
v 0.302785 0.192105 -1.220000
v 0.363620 0.166678 -1.230000
v 0.444455 0.143224 -1.240000
v 0.525291 0.119770 -1.250000
v 0.579899 0.098849 -1.260000
v 0.602658 0.081003 -1.270000
v 0.625418 0.063158 -1.280000
v 0.660050 0.048651 -1.290000
v 0.735392 0.045592 -1.300000
v 0.810734 0.042533 -1.310000
v 0.886076 0.039474 -1.320000
v 0.526582 0.000000 -0.340000
v 0.448886 0.031102 -0.350000
v 0.371190 0.062204 -0.360000
v 0.293494 0.093306 -0.370000
v 0.336101 0.118882 -0.380000
v 0.413798 0.142845 -0.390000
v 0.491494 0.166809 -0.400000
v 0.543797 0.184901 -0.410000
v 0.575190 0.198158 -0.420000
v 0.606582 0.211414 -0.430000
v 0.647595 0.229934 -0.440000
v 0.708810 0.259507 -0.450000
v 0.770025 0.289079 -0.460000
v 0.816430 0.316826 -0.470000
v 0.724608 0.327533 -0.480000
v 0.632785 0.338240 -0.490000
v 0.540962 0.348947 -0.500000
v 0.483316 0.362763 -0.510000
v 0.430734 0.377039 -0.520000
v 0.378152 0.391316 -0.530000
v 0.351392 0.407566 -0.540000
v 0.338835 0.424901 -0.550000
v 0.326278 0.442237 -0.560000
v 0.328203 0.458289 -0.570000
v 0.350177 0.472566 -0.580000
v 0.372152 0.486842 -0.590000
v 0.402785 0.501908 -0.600000
v 0.469494 0.520263 -0.610000
v 0.536203 0.538618 -0.620000
v 0.602911 0.556974 -0.630000
v 0.615696 0.577303 -0.640000
v 0.626684 0.597697 -0.650000
v 0.637671 0.618092 -0.660000
v 0.625949 0.642648 -0.670000
v 0.606329 0.668651 -0.680000
v 0.586709 0.694655 -0.690000
v 0.545215 0.704079 -0.700000
v 0.483215 0.697960 -0.710000
v 0.421215 0.691842 -0.720000
v 0.373570 0.691201 -0.730000
v 0.361013 0.703947 -0.740000
v 0.348456 0.716694 -0.750000
v 0.335443 0.729868 -0.760000
v 0.315823 0.749243 -0.770000
v 0.296203 0.768618 -0.780000
v 0.276582 0.787993 -0.790000
v 0.311595 0.806941 -0.800000
v 0.357114 0.825806 -0.810000
v 0.402633 0.844671 -0.820000
v 0.507797 0.849786 -0.830000
v 0.650633 0.846217 -0.840000
v 0.793468 0.842648 -0.850000
v 0.841823 0.851513 -0.860000
v 0.740583 0.880066 -0.870000
v 0.639342 0.908618 -0.880000
v 0.555063 0.934457 -0.890000
v 0.558987 0.946184 -0.900000
v 0.562911 0.957911 -0.910000
v 0.566835 0.969638 -0.920000
v 0.560481 0.978980 -0.930000
v 0.553418 0.988158 -0.940000
v 0.546354 0.997336 -0.950000
v 0.518683 0.997829 -0.960000
v 0.482582 0.994770 -0.970000
v 0.446481 0.991710 -0.980000
v 0.412658 0.982977 -0.990000
v 0.381266 0.968191 -1.000000
v 0.349874 0.953405 -1.010000
v 0.324152 0.936645 -1.020000
v 0.314734 0.914211 -1.030000
v 0.305316 0.891776 -1.040000
v 0.293241 0.867780 -1.050000
v 0.201418 0.796908 -1.060000
v 0.109595 0.726036 -1.070000
v 0.017772 0.655164 -1.080000
v 0.194937 0.636924 -1.090000
v 0.436658 0.631316 -1.100000
v 0.678379 0.625707 -1.110000
v 0.819392 0.599671 -1.120000
v 0.887671 0.558882 -1.130000
v 0.955949 0.518092 -1.140000
v 0.957949 0.480378 -1.150000
v 0.839443 0.448257 -1.160000
v 0.720937 0.416135 -1.170000
v 0.602937 0.383750 -1.180000
v 0.488355 0.349589 -1.190000
v 0.373773 0.315428 -1.200000
v 0.259190 0.281266 -1.210000
v 0.265114 0.251250 -1.220000
v 0.283949 0.221678 -1.230000
v 0.302785 0.192105 -1.240000
v 0.363620 0.166678 -1.250000
v 0.444455 0.143224 -1.260000
v 0.525291 0.119770 -1.270000
v 0.579899 0.098849 -1.280000
v 0.602658 0.081003 -1.290000
v 0.625418 0.063158 -1.300000
v 0.660050 0.048651 -1.310000
v 0.735392 0.045592 -1.320000
v 0.810734 0.042533 -1.330000
v 0.886076 0.039474 -1.340000
v 0.526582 0.000000 -0.360000
v 0.448886 0.031102 -0.370000
v 0.371190 0.062204 -0.380000
v 0.293494 0.093306 -0.390000
v 0.336101 0.118882 -0.400000
v 0.413798 0.142845 -0.410000
v 0.491494 0.166809 -0.420000
v 0.543797 0.184901 -0.430000
v 0.575190 0.198158 -0.440000
v 0.606582 0.211414 -0.450000
v 0.647595 0.229934 -0.460000
v 0.708810 0.259507 -0.470000
v 0.770025 0.289079 -0.480000
v 0.816430 0.316826 -0.490000
v 0.724608 0.327533 -0.500000
v 0.632785 0.338240 -0.510000
v 0.540962 0.348947 -0.520000
v 0.483316 0.362763 -0.530000
v 0.430734 0.377039 -0.540000
v 0.378152 0.391316 -0.550000
v 0.351392 0.407566 -0.560000
v 0.338835 0.424901 -0.570000
v 0.326278 0.442237 -0.580000
v 0.328203 0.458289 -0.590000
v 0.350177 0.472566 -0.600000
v 0.372152 0.486842 -0.610000
v 0.402785 0.501908 -0.620000
v 0.469494 0.520263 -0.630000
v 0.536203 0.538618 -0.640000
v 0.602911 0.556974 -0.650000
v 0.615696 0.577303 -0.660000
v 0.626684 0.597697 -0.670000
v 0.637671 0.618092 -0.680000
v 0.625949 0.642648 -0.690000
v 0.606329 0.668651 -0.700000
v 0.586709 0.694655 -0.710000
v 0.545215 0.704079 -0.720000
v 0.483215 0.697960 -0.730000
v 0.421215 0.691842 -0.740000
v 0.373570 0.691201 -0.750000
v 0.361013 0.703947 -0.760000
v 0.348456 0.716694 -0.770000
v 0.335443 0.729868 -0.780000
v 0.315823 0.749243 -0.790000
v 0.296203 0.768618 -0.800000
v 0.276582 0.787993 -0.810000
v 0.311595 0.806941 -0.820000
v 0.357114 0.825806 -0.830000
v 0.402633 0.844671 -0.840000
v 0.507797 0.849786 -0.850000
v 0.650633 0.846217 -0.860000
v 0.793468 0.842648 -0.870000
v 0.841823 0.851513 -0.880000
v 0.740583 0.880066 -0.890000
v 0.639342 0.908618 -0.900000
v 0.555063 0.934457 -0.910000
v 0.558987 0.946184 -0.920000
v 0.562911 0.957911 -0.930000
v 0.566835 0.969638 -0.940000
v 0.560481 0.978980 -0.950000
v 0.553418 0.988158 -0.960000
v 0.546354 0.997336 -0.970000
v 0.518683 0.997829 -0.980000
v 0.482582 0.994770 -0.990000
v 0.446481 0.991710 -1.000000
v 0.412658 0.982977 -1.010000
v 0.381266 0.968191 -1.020000
v 0.349874 0.953405 -1.030000
v 0.324152 0.936645 -1.040000
v 0.314734 0.914211 -1.050000
v 0.305316 0.891776 -1.060000
v 0.293241 0.867780 -1.070000
v 0.201418 0.796908 -1.080000
v 0.109595 0.726036 -1.090000
v 0.017772 0.655164 -1.100000
v 0.194937 0.636924 -1.110000
v 0.436658 0.631316 -1.120000
v 0.678379 0.625707 -1.130000
v 0.819392 0.599671 -1.140000
v 0.887671 0.558882 -1.150000
v 0.955949 0.518092 -1.160000
v 0.957949 0.480378 -1.170000
v 0.839443 0.448257 -1.180000
v 0.720937 0.416135 -1.190000
v 0.602937 0.383750 -1.200000
v 0.488355 0.349589 -1.210000
v 0.373773 0.315428 -1.220000
v 0.259190 0.281266 -1.230000
v 0.265114 0.251250 -1.240000
v 0.283949 0.221678 -1.250000
v 0.302785 0.192105 -1.260000
v 0.363620 0.166678 -1.270000
v 0.444455 0.143224 -1.280000
v 0.525291 0.119770 -1.290000
v 0.579899 0.098849 -1.300000
v 0.602658 0.081003 -1.310000
v 0.625418 0.063158 -1.320000
v 0.660050 0.048651 -1.330000
v 0.735392 0.045592 -1.340000
v 0.810734 0.042533 -1.350000
v 0.886076 0.039474 -1.360000
v 0.526582 0.000000 -0.380000
v 0.448886 0.031102 -0.390000
v 0.371190 0.062204 -0.400000
v 0.293494 0.093306 -0.410000
v 0.336101 0.118882 -0.420000
v 0.413798 0.142845 -0.430000
v 0.491494 0.166809 -0.440000
v 0.543797 0.184901 -0.450000
v 0.575190 0.198158 -0.460000
v 0.606582 0.211414 -0.470000
v 0.647595 0.229934 -0.480000
v 0.708810 0.259507 -0.490000
v 0.770025 0.289079 -0.500000
v 0.816430 0.316826 -0.510000
v 0.724608 0.327533 -0.520000
v 0.632785 0.338240 -0.530000
v 0.540962 0.348947 -0.540000
v 0.483316 0.362763 -0.550000
v 0.430734 0.377039 -0.560000
v 0.378152 0.391316 -0.570000
v 0.351392 0.407566 -0.580000
v 0.338835 0.424901 -0.590000
v 0.326278 0.442237 -0.600000
v 0.328203 0.458289 -0.610000
v 0.350177 0.472566 -0.620000
v 0.372152 0.486842 -0.630000
v 0.402785 0.501908 -0.640000
v 0.469494 0.520263 -0.650000
v 0.536203 0.538618 -0.660000
v 0.602911 0.556974 -0.670000
v 0.615696 0.577303 -0.680000
v 0.626684 0.597697 -0.690000
v 0.637671 0.618092 -0.700000
v 0.625949 0.642648 -0.710000
v 0.606329 0.668651 -0.720000
v 0.586709 0.694655 -0.730000
v 0.545215 0.704079 -0.740000
v 0.483215 0.697960 -0.750000
v 0.421215 0.691842 -0.760000
v 0.373570 0.691201 -0.770000
v 0.361013 0.703947 -0.780000
v 0.348456 0.716694 -0.790000
v 0.335443 0.729868 -0.800000
v 0.315823 0.749243 -0.810000
v 0.296203 0.768618 -0.820000
v 0.276582 0.787993 -0.830000
v 0.311595 0.806941 -0.840000
v 0.357114 0.825806 -0.850000
v 0.402633 0.844671 -0.860000
v 0.507797 0.849786 -0.870000
v 0.650633 0.846217 -0.880000
v 0.793468 0.842648 -0.890000
v 0.841823 0.851513 -0.900000
v 0.740583 0.880066 -0.910000
v 0.639342 0.908618 -0.920000
v 0.555063 0.934457 -0.930000
v 0.558987 0.946184 -0.940000
v 0.562911 0.957911 -0.950000
v 0.566835 0.969638 -0.960000
v 0.560481 0.978980 -0.970000
v 0.553418 0.988158 -0.980000
v 0.546354 0.997336 -0.990000
v 0.518683 0.997829 -1.000000
v 0.482582 0.994770 -1.010000
v 0.446481 0.991710 -1.020000
v 0.412658 0.982977 -1.030000
v 0.381266 0.968191 -1.040000
v 0.349874 0.953405 -1.050000
v 0.324152 0.936645 -1.060000
v 0.314734 0.914211 -1.070000
v 0.305316 0.891776 -1.080000
v 0.293241 0.867780 -1.090000
v 0.201418 0.796908 -1.100000
v 0.109595 0.726036 -1.110000
v 0.017772 0.655164 -1.120000
v 0.194937 0.636924 -1.130000
v 0.436658 0.631316 -1.140000
v 0.678379 0.625707 -1.150000
v 0.819392 0.599671 -1.160000
v 0.887671 0.558882 -1.170000
v 0.955949 0.518092 -1.180000
v 0.957949 0.480378 -1.190000
v 0.839443 0.448257 -1.200000
v 0.720937 0.416135 -1.210000
v 0.602937 0.383750 -1.220000
v 0.488355 0.349589 -1.230000
v 0.373773 0.315428 -1.240000
v 0.259190 0.281266 -1.250000
v 0.265114 0.251250 -1.260000
v 0.283949 0.221678 -1.270000
v 0.302785 0.192105 -1.280000
v 0.363620 0.166678 -1.290000
v 0.444455 0.143224 -1.300000
v 0.525291 0.119770 -1.310000
v 0.579899 0.098849 -1.320000
v 0.602658 0.081003 -1.330000
v 0.625418 0.063158 -1.340000
v 0.660050 0.048651 -1.350000
v 0.735392 0.045592 -1.360000
v 0.810734 0.042533 -1.370000
v 0.886076 0.039474 -1.380000
v 0.526582 0.000000 -0.400000
v 0.448886 0.031102 -0.410000
v 0.371190 0.062204 -0.420000
v 0.293494 0.093306 -0.430000
v 0.336101 0.118882 -0.440000
v 0.413798 0.142845 -0.450000
v 0.491494 0.166809 -0.460000
v 0.543797 0.184901 -0.470000
v 0.575190 0.198158 -0.480000
v 0.606582 0.211414 -0.490000
v 0.647595 0.229934 -0.500000
v 0.708810 0.259507 -0.510000
v 0.770025 0.289079 -0.520000
v 0.816430 0.316826 -0.530000
v 0.724608 0.327533 -0.540000
v 0.632785 0.338240 -0.550000
v 0.540962 0.348947 -0.560000
v 0.483316 0.362763 -0.570000
v 0.430734 0.377039 -0.580000
v 0.378152 0.391316 -0.590000
v 0.351392 0.407566 -0.600000
v 0.338835 0.424901 -0.610000
v 0.326278 0.442237 -0.620000
v 0.328203 0.458289 -0.630000
v 0.350177 0.472566 -0.640000
v 0.372152 0.486842 -0.650000
v 0.402785 0.501908 -0.660000
v 0.469494 0.520263 -0.670000
v 0.536203 0.538618 -0.680000
v 0.602911 0.556974 -0.690000
v 0.615696 0.577303 -0.700000
v 0.626684 0.597697 -0.710000
v 0.637671 0.618092 -0.720000
v 0.625949 0.642648 -0.730000
v 0.606329 0.668651 -0.740000
v 0.586709 0.694655 -0.750000
v 0.545215 0.704079 -0.760000
v 0.483215 0.697960 -0.770000
v 0.421215 0.691842 -0.780000
v 0.373570 0.691201 -0.790000
v 0.361013 0.703947 -0.800000
v 0.348456 0.716694 -0.810000
v 0.335443 0.729868 -0.820000
v 0.315823 0.749243 -0.830000
v 0.296203 0.768618 -0.840000
v 0.276582 0.787993 -0.850000
v 0.311595 0.806941 -0.860000
v 0.357114 0.825806 -0.870000
v 0.402633 0.844671 -0.880000
v 0.507797 0.849786 -0.890000
v 0.650633 0.846217 -0.900000
v 0.793468 0.842648 -0.910000
v 0.841823 0.851513 -0.920000
v 0.740583 0.880066 -0.930000
v 0.639342 0.908618 -0.940000
v 0.555063 0.934457 -0.950000
v 0.558987 0.946184 -0.960000
v 0.562911 0.957911 -0.970000
v 0.566835 0.969638 -0.980000
v 0.560481 0.978980 -0.990000
v 0.553418 0.988158 -1.000000
v 0.546354 0.997336 -1.010000
v 0.518683 0.997829 -1.020000
v 0.482582 0.994770 -1.030000
v 0.446481 0.991710 -1.040000
v 0.412658 0.982977 -1.050000
v 0.381266 0.968191 -1.060000
v 0.349874 0.953405 -1.070000
v 0.324152 0.936645 -1.080000
v 0.314734 0.914211 -1.090000
v 0.305316 0.891776 -1.100000
v 0.293241 0.867780 -1.110000
v 0.201418 0.796908 -1.120000
v 0.109595 0.726036 -1.130000
v 0.017772 0.655164 -1.140000
v 0.194937 0.636924 -1.150000
v 0.436658 0.631316 -1.160000
v 0.678379 0.625707 -1.170000
v 0.819392 0.599671 -1.180000
v 0.887671 0.558882 -1.190000
v 0.955949 0.518092 -1.200000
v 0.957949 0.480378 -1.210000
v 0.839443 0.448257 -1.220000
v 0.720937 0.416135 -1.230000
v 0.602937 0.383750 -1.240000
v 0.488355 0.349589 -1.250000
v 0.373773 0.315428 -1.260000
v 0.259190 0.281266 -1.270000
v 0.265114 0.251250 -1.280000
v 0.283949 0.221678 -1.290000
v 0.302785 0.192105 -1.300000
v 0.363620 0.166678 -1.310000
v 0.444455 0.143224 -1.320000
v 0.525291 0.119770 -1.330000
v 0.579899 0.098849 -1.340000
v 0.602658 0.081003 -1.350000
v 0.625418 0.063158 -1.360000
v 0.660050 0.048651 -1.370000
v 0.735392 0.045592 -1.380000
v 0.810734 0.042533 -1.390000
v 0.886076 0.039474 -1.400000
v 0.526582 0.000000 -0.420000
v 0.448886 0.031102 -0.430000
v 0.371190 0.062204 -0.440000
v 0.293494 0.093306 -0.450000
v 0.336101 0.118882 -0.460000
v 0.413798 0.142845 -0.470000
v 0.491494 0.166809 -0.480000
v 0.543797 0.184901 -0.490000
v 0.575190 0.198158 -0.500000
v 0.606582 0.211414 -0.510000
v 0.647595 0.229934 -0.520000
v 0.708810 0.259507 -0.530000
v 0.770025 0.289079 -0.540000
v 0.816430 0.316826 -0.550000
v 0.724608 0.327533 -0.560000
v 0.632785 0.338240 -0.570000
v 0.540962 0.348947 -0.580000
v 0.483316 0.362763 -0.590000
v 0.430734 0.377039 -0.600000
v 0.378152 0.391316 -0.610000
v 0.351392 0.407566 -0.620000
v 0.338835 0.424901 -0.630000
v 0.326278 0.442237 -0.640000
v 0.328203 0.458289 -0.650000
v 0.350177 0.472566 -0.660000
v 0.372152 0.486842 -0.670000
v 0.402785 0.501908 -0.680000
v 0.469494 0.520263 -0.690000
v 0.536203 0.538618 -0.700000
v 0.602911 0.556974 -0.710000
v 0.615696 0.577303 -0.720000
v 0.626684 0.597697 -0.730000
v 0.637671 0.618092 -0.740000
v 0.625949 0.642648 -0.750000
v 0.606329 0.668651 -0.760000
v 0.586709 0.694655 -0.770000
v 0.545215 0.704079 -0.780000
v 0.483215 0.697960 -0.790000
v 0.421215 0.691842 -0.800000
v 0.373570 0.691201 -0.810000
v 0.361013 0.703947 -0.820000
v 0.348456 0.716694 -0.830000
v 0.335443 0.729868 -0.840000
v 0.315823 0.749243 -0.850000
v 0.296203 0.768618 -0.860000
v 0.276582 0.787993 -0.870000
v 0.311595 0.806941 -0.880000
v 0.357114 0.825806 -0.890000
v 0.402633 0.844671 -0.900000
v 0.507797 0.849786 -0.910000
v 0.650633 0.846217 -0.920000
v 0.793468 0.842648 -0.930000
v 0.841823 0.851513 -0.940000
v 0.740583 0.880066 -0.950000
v 0.639342 0.908618 -0.960000
v 0.555063 0.934457 -0.970000
v 0.558987 0.946184 -0.980000
v 0.562911 0.957911 -0.990000
v 0.566835 0.969638 -1.000000
v 0.560481 0.978980 -1.010000
v 0.553418 0.988158 -1.020000
v 0.546354 0.997336 -1.030000
v 0.518683 0.997829 -1.040000
v 0.482582 0.994770 -1.050000
v 0.446481 0.991710 -1.060000
v 0.412658 0.982977 -1.070000
v 0.381266 0.968191 -1.080000
v 0.349874 0.953405 -1.090000
v 0.324152 0.936645 -1.100000
v 0.314734 0.914211 -1.110000
v 0.305316 0.891776 -1.120000
v 0.293241 0.867780 -1.130000
v 0.201418 0.796908 -1.140000
v 0.109595 0.726036 -1.150000
v 0.017772 0.655164 -1.160000
v 0.194937 0.636924 -1.170000
v 0.436658 0.631316 -1.180000
v 0.678379 0.625707 -1.190000
v 0.819392 0.599671 -1.200000
v 0.887671 0.558882 -1.210000
v 0.955949 0.518092 -1.220000
v 0.957949 0.480378 -1.230000
v 0.839443 0.448257 -1.240000
v 0.720937 0.416135 -1.250000
v 0.602937 0.383750 -1.260000
v 0.488355 0.349589 -1.270000
v 0.373773 0.315428 -1.280000
v 0.259190 0.281266 -1.290000
v 0.265114 0.251250 -1.300000
v 0.283949 0.221678 -1.310000
v 0.302785 0.192105 -1.320000
v 0.363620 0.166678 -1.330000
v 0.444455 0.143224 -1.340000
v 0.525291 0.119770 -1.350000
v 0.579899 0.098849 -1.360000
v 0.602658 0.081003 -1.370000
v 0.625418 0.063158 -1.380000
v 0.660050 0.048651 -1.390000
v 0.735392 0.045592 -1.400000
v 0.810734 0.042533 -1.410000
v 0.886076 0.039474 -1.420000
v 0.526582 0.000000 -0.440000
v 0.448886 0.031102 -0.450000
v 0.371190 0.062204 -0.460000
v 0.293494 0.093306 -0.470000
v 0.336101 0.118882 -0.480000
v 0.413798 0.142845 -0.490000
v 0.491494 0.166809 -0.500000
v 0.543797 0.184901 -0.510000
v 0.575190 0.198158 -0.520000
v 0.606582 0.211414 -0.530000
v 0.647595 0.229934 -0.540000
v 0.708810 0.259507 -0.550000
v 0.770025 0.289079 -0.560000
v 0.816430 0.316826 -0.570000
v 0.724608 0.327533 -0.580000
v 0.632785 0.338240 -0.590000
v 0.540962 0.348947 -0.600000
v 0.483316 0.362763 -0.610000
v 0.430734 0.377039 -0.620000
v 0.378152 0.391316 -0.630000
v 0.351392 0.407566 -0.640000
v 0.338835 0.424901 -0.650000
v 0.326278 0.442237 -0.660000
v 0.328203 0.458289 -0.670000
v 0.350177 0.472566 -0.680000
v 0.372152 0.486842 -0.690000
v 0.402785 0.501908 -0.700000
v 0.469494 0.520263 -0.710000
v 0.536203 0.538618 -0.720000
v 0.602911 0.556974 -0.730000
v 0.615696 0.577303 -0.740000
v 0.626684 0.597697 -0.750000
v 0.637671 0.618092 -0.760000
v 0.625949 0.642648 -0.770000
v 0.606329 0.668651 -0.780000
v 0.586709 0.694655 -0.790000
v 0.545215 0.704079 -0.800000
v 0.483215 0.697960 -0.810000
v 0.421215 0.691842 -0.820000
v 0.373570 0.691201 -0.830000
v 0.361013 0.703947 -0.840000
v 0.348456 0.716694 -0.850000
v 0.335443 0.729868 -0.860000
v 0.315823 0.749243 -0.870000
v 0.296203 0.768618 -0.880000
v 0.276582 0.787993 -0.890000
v 0.311595 0.806941 -0.900000
v 0.357114 0.825806 -0.910000
v 0.402633 0.844671 -0.920000
v 0.507797 0.849786 -0.930000
v 0.650633 0.846217 -0.940000
v 0.793468 0.842648 -0.950000
v 0.841823 0.851513 -0.960000
v 0.740583 0.880066 -0.970000
v 0.639342 0.908618 -0.980000
v 0.555063 0.934457 -0.990000
v 0.558987 0.946184 -1.000000
v 0.562911 0.957911 -1.010000
v 0.566835 0.969638 -1.020000
v 0.560481 0.978980 -1.030000
v 0.553418 0.988158 -1.040000
v 0.546354 0.997336 -1.050000
v 0.518683 0.997829 -1.060000
v 0.482582 0.994770 -1.070000
v 0.446481 0.991710 -1.080000
v 0.412658 0.982977 -1.090000
v 0.381266 0.968191 -1.100000
v 0.349874 0.953405 -1.110000
v 0.324152 0.936645 -1.120000
v 0.314734 0.914211 -1.130000
v 0.305316 0.891776 -1.140000
v 0.293241 0.867780 -1.150000
v 0.201418 0.796908 -1.160000
v 0.109595 0.726036 -1.170000
v 0.017772 0.655164 -1.180000
v 0.194937 0.636924 -1.190000
v 0.436658 0.631316 -1.200000
v 0.678379 0.625707 -1.210000
v 0.819392 0.599671 -1.220000
v 0.887671 0.558882 -1.230000
v 0.955949 0.518092 -1.240000
v 0.957949 0.480378 -1.250000
v 0.839443 0.448257 -1.260000
v 0.720937 0.416135 -1.270000
v 0.602937 0.383750 -1.280000
v 0.488355 0.349589 -1.290000
v 0.373773 0.315428 -1.300000
v 0.259190 0.281266 -1.310000
v 0.265114 0.251250 -1.320000
v 0.283949 0.221678 -1.330000
v 0.302785 0.192105 -1.340000
v 0.363620 0.166678 -1.350000
v 0.444455 0.143224 -1.360000
v 0.525291 0.119770 -1.370000
v 0.579899 0.098849 -1.380000
v 0.602658 0.081003 -1.390000
v 0.625418 0.063158 -1.400000
v 0.660050 0.048651 -1.410000
v 0.735392 0.045592 -1.420000
v 0.810734 0.042533 -1.430000
v 0.886076 0.039474 -1.440000
v 0.526582 0.000000 -0.460000
v 0.448886 0.031102 -0.470000
v 0.371190 0.062204 -0.480000
v 0.293494 0.093306 -0.490000
v 0.336101 0.118882 -0.500000
v 0.413798 0.142845 -0.510000
v 0.491494 0.166809 -0.520000
v 0.543797 0.184901 -0.530000
v 0.575190 0.198158 -0.540000
v 0.606582 0.211414 -0.550000
v 0.647595 0.229934 -0.560000
v 0.708810 0.259507 -0.570000
v 0.770025 0.289079 -0.580000
v 0.816430 0.316826 -0.590000
v 0.724608 0.327533 -0.600000
v 0.632785 0.338240 -0.610000
v 0.540962 0.348947 -0.620000
v 0.483316 0.362763 -0.630000
v 0.430734 0.377039 -0.640000
v 0.378152 0.391316 -0.650000
v 0.351392 0.407566 -0.660000
v 0.338835 0.424901 -0.670000
v 0.326278 0.442237 -0.680000
v 0.328203 0.458289 -0.690000
v 0.350177 0.472566 -0.700000
v 0.372152 0.486842 -0.710000
v 0.402785 0.501908 -0.720000
v 0.469494 0.520263 -0.730000
v 0.536203 0.538618 -0.740000
v 0.602911 0.556974 -0.750000
v 0.615696 0.577303 -0.760000
v 0.626684 0.597697 -0.770000
v 0.637671 0.618092 -0.780000
v 0.625949 0.642648 -0.790000
v 0.606329 0.668651 -0.800000
v 0.586709 0.694655 -0.810000
v 0.545215 0.704079 -0.820000
v 0.483215 0.697960 -0.830000
v 0.421215 0.691842 -0.840000
v 0.373570 0.691201 -0.850000
v 0.361013 0.703947 -0.860000
v 0.348456 0.716694 -0.870000
v 0.335443 0.729868 -0.880000
v 0.315823 0.749243 -0.890000
v 0.296203 0.768618 -0.900000
v 0.276582 0.787993 -0.910000
v 0.311595 0.806941 -0.920000
v 0.357114 0.825806 -0.930000
v 0.402633 0.844671 -0.940000
v 0.507797 0.849786 -0.950000
v 0.650633 0.846217 -0.960000
v 0.793468 0.842648 -0.970000
v 0.841823 0.851513 -0.980000
v 0.740583 0.880066 -0.990000
v 0.639342 0.908618 -1.000000
v 0.555063 0.934457 -1.010000
v 0.558987 0.946184 -1.020000
v 0.562911 0.957911 -1.030000
v 0.566835 0.969638 -1.040000
v 0.560481 0.978980 -1.050000
v 0.553418 0.988158 -1.060000
v 0.546354 0.997336 -1.070000
v 0.518683 0.997829 -1.080000
v 0.482582 0.994770 -1.090000
v 0.446481 0.991710 -1.100000
v 0.412658 0.982977 -1.110000
v 0.381266 0.968191 -1.120000
v 0.349874 0.953405 -1.130000
v 0.324152 0.936645 -1.140000
v 0.314734 0.914211 -1.150000
v 0.305316 0.891776 -1.160000
v 0.293241 0.867780 -1.170000
v 0.201418 0.796908 -1.180000
v 0.109595 0.726036 -1.190000
v 0.017772 0.655164 -1.200000
v 0.194937 0.636924 -1.210000
v 0.436658 0.631316 -1.220000
v 0.678379 0.625707 -1.230000
v 0.819392 0.599671 -1.240000
v 0.887671 0.558882 -1.250000
v 0.955949 0.518092 -1.260000
v 0.957949 0.480378 -1.270000
v 0.839443 0.448257 -1.280000
v 0.720937 0.416135 -1.290000
v 0.602937 0.383750 -1.300000
v 0.488355 0.349589 -1.310000
v 0.373773 0.315428 -1.320000
v 0.259190 0.281266 -1.330000
v 0.265114 0.251250 -1.340000
v 0.283949 0.221678 -1.350000
v 0.302785 0.192105 -1.360000
v 0.363620 0.166678 -1.370000
v 0.444455 0.143224 -1.380000
v 0.525291 0.119770 -1.390000
v 0.579899 0.098849 -1.400000
v 0.602658 0.081003 -1.410000
v 0.625418 0.063158 -1.420000
v 0.660050 0.048651 -1.430000
v 0.735392 0.045592 -1.440000
v 0.810734 0.042533 -1.450000
v 0.886076 0.039474 -1.460000
v 0.526582 0.000000 -0.480000
v 0.448886 0.031102 -0.490000
v 0.371190 0.062204 -0.500000
v 0.293494 0.093306 -0.510000
v 0.336101 0.118882 -0.520000
v 0.413798 0.142845 -0.530000
v 0.491494 0.166809 -0.540000
v 0.543797 0.184901 -0.550000
v 0.575190 0.198158 -0.560000
v 0.606582 0.211414 -0.570000
v 0.647595 0.229934 -0.580000
v 0.708810 0.259507 -0.590000
v 0.770025 0.289079 -0.600000
v 0.816430 0.316826 -0.610000
v 0.724608 0.327533 -0.620000
v 0.632785 0.338240 -0.630000
v 0.540962 0.348947 -0.640000
v 0.483316 0.362763 -0.650000
v 0.430734 0.377039 -0.660000
v 0.378152 0.391316 -0.670000
v 0.351392 0.407566 -0.680000
v 0.338835 0.424901 -0.690000
v 0.326278 0.442237 -0.700000
v 0.328203 0.458289 -0.710000
v 0.350177 0.472566 -0.720000
v 0.372152 0.486842 -0.730000
v 0.402785 0.501908 -0.740000
v 0.469494 0.520263 -0.750000
v 0.536203 0.538618 -0.760000
v 0.602911 0.556974 -0.770000
v 0.615696 0.577303 -0.780000
v 0.626684 0.597697 -0.790000
v 0.637671 0.618092 -0.800000
v 0.625949 0.642648 -0.810000
v 0.606329 0.668651 -0.820000
v 0.586709 0.694655 -0.830000
v 0.545215 0.704079 -0.840000
v 0.483215 0.697960 -0.850000
v 0.421215 0.691842 -0.860000
v 0.373570 0.691201 -0.870000
v 0.361013 0.703947 -0.880000
v 0.348456 0.716694 -0.890000
v 0.335443 0.729868 -0.900000
v 0.315823 0.749243 -0.910000
v 0.296203 0.768618 -0.920000
v 0.276582 0.787993 -0.930000
v 0.311595 0.806941 -0.940000
v 0.357114 0.825806 -0.950000
v 0.402633 0.844671 -0.960000
v 0.507797 0.849786 -0.970000
v 0.650633 0.846217 -0.980000
v 0.793468 0.842648 -0.990000
v 0.841823 0.851513 -1.000000
v 0.740583 0.880066 -1.010000
v 0.639342 0.908618 -1.020000
v 0.555063 0.934457 -1.030000
v 0.558987 0.946184 -1.040000
v 0.562911 0.957911 -1.050000
v 0.566835 0.969638 -1.060000
v 0.560481 0.978980 -1.070000
v 0.553418 0.988158 -1.080000
v 0.546354 0.997336 -1.090000
v 0.518683 0.997829 -1.100000
v 0.482582 0.994770 -1.110000
v 0.446481 0.991710 -1.120000
v 0.412658 0.982977 -1.130000
v 0.381266 0.968191 -1.140000
v 0.349874 0.953405 -1.150000
v 0.324152 0.936645 -1.160000
v 0.314734 0.914211 -1.170000
v 0.305316 0.891776 -1.180000
v 0.293241 0.867780 -1.190000
v 0.201418 0.796908 -1.200000
v 0.109595 0.726036 -1.210000
v 0.017772 0.655164 -1.220000
v 0.194937 0.636924 -1.230000
v 0.436658 0.631316 -1.240000
v 0.678379 0.625707 -1.250000
v 0.819392 0.599671 -1.260000
v 0.887671 0.558882 -1.270000
v 0.955949 0.518092 -1.280000
v 0.957949 0.480378 -1.290000
v 0.839443 0.448257 -1.300000
v 0.720937 0.416135 -1.310000
v 0.602937 0.383750 -1.320000
v 0.488355 0.349589 -1.330000
v 0.373773 0.315428 -1.340000
v 0.259190 0.281266 -1.350000
v 0.265114 0.251250 -1.360000
v 0.283949 0.221678 -1.370000
v 0.302785 0.192105 -1.380000
v 0.363620 0.166678 -1.390000
v 0.444455 0.143224 -1.400000
v 0.525291 0.119770 -1.410000
v 0.579899 0.098849 -1.420000
v 0.602658 0.081003 -1.430000
v 0.625418 0.063158 -1.440000
v 0.660050 0.048651 -1.450000
v 0.735392 0.045592 -1.460000
v 0.810734 0.042533 -1.470000
v 0.886076 0.039474 -1.480000
v 0.526582 0.000000 -0.500000
v 0.448886 0.031102 -0.510000
v 0.371190 0.062204 -0.520000
v 0.293494 0.093306 -0.530000
v 0.336101 0.118882 -0.540000
v 0.413798 0.142845 -0.550000
v 0.491494 0.166809 -0.560000
v 0.543797 0.184901 -0.570000
v 0.575190 0.198158 -0.580000
v 0.606582 0.211414 -0.590000
v 0.647595 0.229934 -0.600000
v 0.708810 0.259507 -0.610000
v 0.770025 0.289079 -0.620000
v 0.816430 0.316826 -0.630000
v 0.724608 0.327533 -0.640000
v 0.632785 0.338240 -0.650000
v 0.540962 0.348947 -0.660000
v 0.483316 0.362763 -0.670000
v 0.430734 0.377039 -0.680000
v 0.378152 0.391316 -0.690000
v 0.351392 0.407566 -0.700000
v 0.338835 0.424901 -0.710000
v 0.326278 0.442237 -0.720000
v 0.328203 0.458289 -0.730000
v 0.350177 0.472566 -0.740000
v 0.372152 0.486842 -0.750000
v 0.402785 0.501908 -0.760000
v 0.469494 0.520263 -0.770000
v 0.536203 0.538618 -0.780000
v 0.602911 0.556974 -0.790000
v 0.615696 0.577303 -0.800000
v 0.626684 0.597697 -0.810000
v 0.637671 0.618092 -0.820000
v 0.625949 0.642648 -0.830000
v 0.606329 0.668651 -0.840000
v 0.586709 0.694655 -0.850000
v 0.545215 0.704079 -0.860000
v 0.483215 0.697960 -0.870000
v 0.421215 0.691842 -0.880000
v 0.373570 0.691201 -0.890000
v 0.361013 0.703947 -0.900000
v 0.348456 0.716694 -0.910000
v 0.335443 0.729868 -0.920000
v 0.315823 0.749243 -0.930000
v 0.296203 0.768618 -0.940000
v 0.276582 0.787993 -0.950000
v 0.311595 0.806941 -0.960000
v 0.357114 0.825806 -0.970000
v 0.402633 0.844671 -0.980000
v 0.507797 0.849786 -0.990000
v 0.650633 0.846217 -1.000000
v 0.793468 0.842648 -1.010000
v 0.841823 0.851513 -1.020000
v 0.740583 0.880066 -1.030000
v 0.639342 0.908618 -1.040000
v 0.555063 0.934457 -1.050000
v 0.558987 0.946184 -1.060000
v 0.562911 0.957911 -1.070000
v 0.566835 0.969638 -1.080000
v 0.560481 0.978980 -1.090000
v 0.553418 0.988158 -1.100000
v 0.546354 0.997336 -1.110000
v 0.518683 0.997829 -1.120000
v 0.482582 0.994770 -1.130000
v 0.446481 0.991710 -1.140000
v 0.412658 0.982977 -1.150000
v 0.381266 0.968191 -1.160000
v 0.349874 0.953405 -1.170000
v 0.324152 0.936645 -1.180000
v 0.314734 0.914211 -1.190000
v 0.305316 0.891776 -1.200000
v 0.293241 0.867780 -1.210000
v 0.201418 0.796908 -1.220000
v 0.109595 0.726036 -1.230000
v 0.017772 0.655164 -1.240000
v 0.194937 0.636924 -1.250000
v 0.436658 0.631316 -1.260000
v 0.678379 0.625707 -1.270000
v 0.819392 0.599671 -1.280000
v 0.887671 0.558882 -1.290000
v 0.955949 0.518092 -1.300000
v 0.957949 0.480378 -1.310000
v 0.839443 0.448257 -1.320000
v 0.720937 0.416135 -1.330000
v 0.602937 0.383750 -1.340000
v 0.488355 0.349589 -1.350000
v 0.373773 0.315428 -1.360000
v 0.259190 0.281266 -1.370000
v 0.265114 0.251250 -1.380000
v 0.283949 0.221678 -1.390000
v 0.302785 0.192105 -1.400000
v 0.363620 0.166678 -1.410000
v 0.444455 0.143224 -1.420000
v 0.525291 0.119770 -1.430000
v 0.579899 0.098849 -1.440000
v 0.602658 0.081003 -1.450000
v 0.625418 0.063158 -1.460000
v 0.660050 0.048651 -1.470000
v 0.735392 0.045592 -1.480000
v 0.810734 0.042533 -1.490000
v 0.886076 0.039474 -1.500000
v 0.526582 0.000000 -0.520000
v 0.448886 0.031102 -0.530000
v 0.371190 0.062204 -0.540000
v 0.293494 0.093306 -0.550000
v 0.336101 0.118882 -0.560000
v 0.413798 0.142845 -0.570000
v 0.491494 0.166809 -0.580000
v 0.543797 0.184901 -0.590000
v 0.575190 0.198158 -0.600000
v 0.606582 0.211414 -0.610000
v 0.647595 0.229934 -0.620000
v 0.708810 0.259507 -0.630000
v 0.770025 0.289079 -0.640000
v 0.816430 0.316826 -0.650000
v 0.724608 0.327533 -0.660000
v 0.632785 0.338240 -0.670000
v 0.540962 0.348947 -0.680000
v 0.483316 0.362763 -0.690000
v 0.430734 0.377039 -0.700000
v 0.378152 0.391316 -0.710000
v 0.351392 0.407566 -0.720000
v 0.338835 0.424901 -0.730000
v 0.326278 0.442237 -0.740000
v 0.328203 0.458289 -0.750000
v 0.350177 0.472566 -0.760000
v 0.372152 0.486842 -0.770000
v 0.402785 0.501908 -0.780000
v 0.469494 0.520263 -0.790000
v 0.536203 0.538618 -0.800000
v 0.602911 0.556974 -0.810000
v 0.615696 0.577303 -0.820000
v 0.626684 0.597697 -0.830000
v 0.637671 0.618092 -0.840000
v 0.625949 0.642648 -0.850000
v 0.606329 0.668651 -0.860000
v 0.586709 0.694655 -0.870000
v 0.545215 0.704079 -0.880000
v 0.483215 0.697960 -0.890000
v 0.421215 0.691842 -0.900000
v 0.373570 0.691201 -0.910000
v 0.361013 0.703947 -0.920000
v 0.348456 0.716694 -0.930000
v 0.335443 0.729868 -0.940000
v 0.315823 0.749243 -0.950000
v 0.296203 0.768618 -0.960000
v 0.276582 0.787993 -0.970000
v 0.311595 0.806941 -0.980000
v 0.357114 0.825806 -0.990000
v 0.402633 0.844671 -1.000000
v 0.507797 0.849786 -1.010000
v 0.650633 0.846217 -1.020000
v 0.793468 0.842648 -1.030000
v 0.841823 0.851513 -1.040000
v 0.740583 0.880066 -1.050000
v 0.639342 0.908618 -1.060000
v 0.555063 0.934457 -1.070000
v 0.558987 0.946184 -1.080000
v 0.562911 0.957911 -1.090000
v 0.566835 0.969638 -1.100000
v 0.560481 0.978980 -1.110000
v 0.553418 0.988158 -1.120000
v 0.546354 0.997336 -1.130000
v 0.518683 0.997829 -1.140000
v 0.482582 0.994770 -1.150000
v 0.446481 0.991710 -1.160000
v 0.412658 0.982977 -1.170000
v 0.381266 0.968191 -1.180000
v 0.349874 0.953405 -1.190000
v 0.324152 0.936645 -1.200000
v 0.314734 0.914211 -1.210000
v 0.305316 0.891776 -1.220000
v 0.293241 0.867780 -1.230000
v 0.201418 0.796908 -1.240000
v 0.109595 0.726036 -1.250000
v 0.017772 0.655164 -1.260000
v 0.194937 0.636924 -1.270000
v 0.436658 0.631316 -1.280000
v 0.678379 0.625707 -1.290000
v 0.819392 0.599671 -1.300000
v 0.887671 0.558882 -1.310000
v 0.955949 0.518092 -1.320000
v 0.957949 0.480378 -1.330000
v 0.839443 0.448257 -1.340000
v 0.720937 0.416135 -1.350000
v 0.602937 0.383750 -1.360000
v 0.488355 0.349589 -1.370000
v 0.373773 0.315428 -1.380000
v 0.259190 0.281266 -1.390000
v 0.265114 0.251250 -1.400000
v 0.283949 0.221678 -1.410000
v 0.302785 0.192105 -1.420000
v 0.363620 0.166678 -1.430000
v 0.444455 0.143224 -1.440000
v 0.525291 0.119770 -1.450000
v 0.579899 0.098849 -1.460000
v 0.602658 0.081003 -1.470000
v 0.625418 0.063158 -1.480000
v 0.660050 0.048651 -1.490000
v 0.735392 0.045592 -1.500000
v 0.810734 0.042533 -1.510000
v 0.886076 0.039474 -1.520000
v 0.526582 0.000000 -0.540000
v 0.448886 0.031102 -0.550000
v 0.371190 0.062204 -0.560000
v 0.293494 0.093306 -0.570000
v 0.336101 0.118882 -0.580000
v 0.413798 0.142845 -0.590000
v 0.491494 0.166809 -0.600000
v 0.543797 0.184901 -0.610000
v 0.575190 0.198158 -0.620000
v 0.606582 0.211414 -0.630000
v 0.647595 0.229934 -0.640000
v 0.708810 0.259507 -0.650000
v 0.770025 0.289079 -0.660000
v 0.816430 0.316826 -0.670000
v 0.724608 0.327533 -0.680000
v 0.632785 0.338240 -0.690000
v 0.540962 0.348947 -0.700000
v 0.483316 0.362763 -0.710000
v 0.430734 0.377039 -0.720000
v 0.378152 0.391316 -0.730000
v 0.351392 0.407566 -0.740000
v 0.338835 0.424901 -0.750000
v 0.326278 0.442237 -0.760000
v 0.328203 0.458289 -0.770000
v 0.350177 0.472566 -0.780000
v 0.372152 0.486842 -0.790000
v 0.402785 0.501908 -0.800000
v 0.469494 0.520263 -0.810000
v 0.536203 0.538618 -0.820000
v 0.602911 0.556974 -0.830000
v 0.615696 0.577303 -0.840000
v 0.626684 0.597697 -0.850000
v 0.637671 0.618092 -0.860000
v 0.625949 0.642648 -0.870000
v 0.606329 0.668651 -0.880000
v 0.586709 0.694655 -0.890000
v 0.545215 0.704079 -0.900000
v 0.483215 0.697960 -0.910000
v 0.421215 0.691842 -0.920000
v 0.373570 0.691201 -0.930000
v 0.361013 0.703947 -0.940000
v 0.348456 0.716694 -0.950000
v 0.335443 0.729868 -0.960000
v 0.315823 0.749243 -0.970000
v 0.296203 0.768618 -0.980000
v 0.276582 0.787993 -0.990000
v 0.311595 0.806941 -1.000000
v 0.357114 0.825806 -1.010000
v 0.402633 0.844671 -1.020000
v 0.507797 0.849786 -1.030000
v 0.650633 0.846217 -1.040000
v 0.793468 0.842648 -1.050000
v 0.841823 0.851513 -1.060000
v 0.740583 0.880066 -1.070000
v 0.639342 0.908618 -1.080000
v 0.555063 0.934457 -1.090000
v 0.558987 0.946184 -1.100000
v 0.562911 0.957911 -1.110000
v 0.566835 0.969638 -1.120000
v 0.560481 0.978980 -1.130000
v 0.553418 0.988158 -1.140000
v 0.546354 0.997336 -1.150000
v 0.518683 0.997829 -1.160000
v 0.482582 0.994770 -1.170000
v 0.446481 0.991710 -1.180000
v 0.412658 0.982977 -1.190000
v 0.381266 0.968191 -1.200000
v 0.349874 0.953405 -1.210000
v 0.324152 0.936645 -1.220000
v 0.314734 0.914211 -1.230000
v 0.305316 0.891776 -1.240000
v 0.293241 0.867780 -1.250000
v 0.201418 0.796908 -1.260000
v 0.109595 0.726036 -1.270000
v 0.017772 0.655164 -1.280000
v 0.194937 0.636924 -1.290000
v 0.436658 0.631316 -1.300000
v 0.678379 0.625707 -1.310000
v 0.819392 0.599671 -1.320000
v 0.887671 0.558882 -1.330000
v 0.955949 0.518092 -1.340000
v 0.957949 0.480378 -1.350000
v 0.839443 0.448257 -1.360000
v 0.720937 0.416135 -1.370000
v 0.602937 0.383750 -1.380000
v 0.488355 0.349589 -1.390000
v 0.373773 0.315428 -1.400000
v 0.259190 0.281266 -1.410000
v 0.265114 0.251250 -1.420000
v 0.283949 0.221678 -1.430000
v 0.302785 0.192105 -1.440000
v 0.363620 0.166678 -1.450000
v 0.444455 0.143224 -1.460000
v 0.525291 0.119770 -1.470000
v 0.579899 0.098849 -1.480000
v 0.602658 0.081003 -1.490000
v 0.625418 0.063158 -1.500000
v 0.660050 0.048651 -1.510000
v 0.735392 0.045592 -1.520000
v 0.810734 0.042533 -1.530000
v 0.886076 0.039474 -1.540000
v 0.526582 0.000000 -0.560000
v 0.448886 0.031102 -0.570000
v 0.371190 0.062204 -0.580000
v 0.293494 0.093306 -0.590000
v 0.336101 0.118882 -0.600000
v 0.413798 0.142845 -0.610000
v 0.491494 0.166809 -0.620000
v 0.543797 0.184901 -0.630000
v 0.575190 0.198158 -0.640000
v 0.606582 0.211414 -0.650000
v 0.647595 0.229934 -0.660000
v 0.708810 0.259507 -0.670000
v 0.770025 0.289079 -0.680000
v 0.816430 0.316826 -0.690000
v 0.724608 0.327533 -0.700000
v 0.632785 0.338240 -0.710000
v 0.540962 0.348947 -0.720000
v 0.483316 0.362763 -0.730000
v 0.430734 0.377039 -0.740000
v 0.378152 0.391316 -0.750000
v 0.351392 0.407566 -0.760000
v 0.338835 0.424901 -0.770000
v 0.326278 0.442237 -0.780000
v 0.328203 0.458289 -0.790000
v 0.350177 0.472566 -0.800000
v 0.372152 0.486842 -0.810000
v 0.402785 0.501908 -0.820000
v 0.469494 0.520263 -0.830000
v 0.536203 0.538618 -0.840000
v 0.602911 0.556974 -0.850000
v 0.615696 0.577303 -0.860000
v 0.626684 0.597697 -0.870000
v 0.637671 0.618092 -0.880000
v 0.625949 0.642648 -0.890000
v 0.606329 0.668651 -0.900000
v 0.586709 0.694655 -0.910000
v 0.545215 0.704079 -0.920000
v 0.483215 0.697960 -0.930000
v 0.421215 0.691842 -0.940000
v 0.373570 0.691201 -0.950000
v 0.361013 0.703947 -0.960000
v 0.348456 0.716694 -0.970000
v 0.335443 0.729868 -0.980000
v 0.315823 0.749243 -0.990000
v 0.296203 0.768618 -1.000000
v 0.276582 0.787993 -1.010000
v 0.311595 0.806941 -1.020000
v 0.357114 0.825806 -1.030000
v 0.402633 0.844671 -1.040000
v 0.507797 0.849786 -1.050000
v 0.650633 0.846217 -1.060000
v 0.793468 0.842648 -1.070000
v 0.841823 0.851513 -1.080000
v 0.740583 0.880066 -1.090000
v 0.639342 0.908618 -1.100000
v 0.555063 0.934457 -1.110000
v 0.558987 0.946184 -1.120000
v 0.562911 0.957911 -1.130000
v 0.566835 0.969638 -1.140000
v 0.560481 0.978980 -1.150000
v 0.553418 0.988158 -1.160000
v 0.546354 0.997336 -1.170000
v 0.518683 0.997829 -1.180000
v 0.482582 0.994770 -1.190000
v 0.446481 0.991710 -1.200000
v 0.412658 0.982977 -1.210000
v 0.381266 0.968191 -1.220000
v 0.349874 0.953405 -1.230000
v 0.324152 0.936645 -1.240000
v 0.314734 0.914211 -1.250000
v 0.305316 0.891776 -1.260000
v 0.293241 0.867780 -1.270000
v 0.201418 0.796908 -1.280000
v 0.109595 0.726036 -1.290000
v 0.017772 0.655164 -1.300000
v 0.194937 0.636924 -1.310000
v 0.436658 0.631316 -1.320000
v 0.678379 0.625707 -1.330000
v 0.819392 0.599671 -1.340000
v 0.887671 0.558882 -1.350000
v 0.955949 0.518092 -1.360000
v 0.957949 0.480378 -1.370000
v 0.839443 0.448257 -1.380000
v 0.720937 0.416135 -1.390000
v 0.602937 0.383750 -1.400000
v 0.488355 0.349589 -1.410000
v 0.373773 0.315428 -1.420000
v 0.259190 0.281266 -1.430000
v 0.265114 0.251250 -1.440000
v 0.283949 0.221678 -1.450000
v 0.302785 0.192105 -1.460000
v 0.363620 0.166678 -1.470000
v 0.444455 0.143224 -1.480000
v 0.525291 0.119770 -1.490000
v 0.579899 0.098849 -1.500000
v 0.602658 0.081003 -1.510000
v 0.625418 0.063158 -1.520000
v 0.660050 0.048651 -1.530000
v 0.735392 0.045592 -1.540000
v 0.810734 0.042533 -1.550000
v 0.886076 0.039474 -1.560000
v 0.526582 0.000000 -0.580000
v 0.448886 0.031102 -0.590000
v 0.371190 0.062204 -0.600000
v 0.293494 0.093306 -0.610000
v 0.336101 0.118882 -0.620000
v 0.413798 0.142845 -0.630000
v 0.491494 0.166809 -0.640000
v 0.543797 0.184901 -0.650000
v 0.575190 0.198158 -0.660000
v 0.606582 0.211414 -0.670000
v 0.647595 0.229934 -0.680000
v 0.708810 0.259507 -0.690000
v 0.770025 0.289079 -0.700000
v 0.816430 0.316826 -0.710000
v 0.724608 0.327533 -0.720000
v 0.632785 0.338240 -0.730000
v 0.540962 0.348947 -0.740000
v 0.483316 0.362763 -0.750000
v 0.430734 0.377039 -0.760000
v 0.378152 0.391316 -0.770000
v 0.351392 0.407566 -0.780000
v 0.338835 0.424901 -0.790000
v 0.326278 0.442237 -0.800000
v 0.328203 0.458289 -0.810000
v 0.350177 0.472566 -0.820000
v 0.372152 0.486842 -0.830000
v 0.402785 0.501908 -0.840000
v 0.469494 0.520263 -0.850000
v 0.536203 0.538618 -0.860000
v 0.602911 0.556974 -0.870000
v 0.615696 0.577303 -0.880000
v 0.626684 0.597697 -0.890000
v 0.637671 0.618092 -0.900000
v 0.625949 0.642648 -0.910000
v 0.606329 0.668651 -0.920000
v 0.586709 0.694655 -0.930000
v 0.545215 0.704079 -0.940000
v 0.483215 0.697960 -0.950000
v 0.421215 0.691842 -0.960000
v 0.373570 0.691201 -0.970000
v 0.361013 0.703947 -0.980000
v 0.348456 0.716694 -0.990000
v 0.335443 0.729868 -1.000000
v 0.315823 0.749243 -1.010000
v 0.296203 0.768618 -1.020000
v 0.276582 0.787993 -1.030000
v 0.311595 0.806941 -1.040000
v 0.357114 0.825806 -1.050000
v 0.402633 0.844671 -1.060000
v 0.507797 0.849786 -1.070000
v 0.650633 0.846217 -1.080000
v 0.793468 0.842648 -1.090000
v 0.841823 0.851513 -1.100000
v 0.740583 0.880066 -1.110000
v 0.639342 0.908618 -1.120000
v 0.555063 0.934457 -1.130000
v 0.558987 0.946184 -1.140000
v 0.562911 0.957911 -1.150000
v 0.566835 0.969638 -1.160000
v 0.560481 0.978980 -1.170000
v 0.553418 0.988158 -1.180000
v 0.546354 0.997336 -1.190000
v 0.518683 0.997829 -1.200000
v 0.482582 0.994770 -1.210000
v 0.446481 0.991710 -1.220000
v 0.412658 0.982977 -1.230000
v 0.381266 0.968191 -1.240000
v 0.349874 0.953405 -1.250000
v 0.324152 0.936645 -1.260000
v 0.314734 0.914211 -1.270000
v 0.305316 0.891776 -1.280000
v 0.293241 0.867780 -1.290000
v 0.201418 0.796908 -1.300000
v 0.109595 0.726036 -1.310000
v 0.017772 0.655164 -1.320000
v 0.194937 0.636924 -1.330000
v 0.436658 0.631316 -1.340000
v 0.678379 0.625707 -1.350000
v 0.819392 0.599671 -1.360000
v 0.887671 0.558882 -1.370000
v 0.955949 0.518092 -1.380000
v 0.957949 0.480378 -1.390000
v 0.839443 0.448257 -1.400000
v 0.720937 0.416135 -1.410000
v 0.602937 0.383750 -1.420000
v 0.488355 0.349589 -1.430000
v 0.373773 0.315428 -1.440000
v 0.259190 0.281266 -1.450000
v 0.265114 0.251250 -1.460000
v 0.283949 0.221678 -1.470000
v 0.302785 0.192105 -1.480000
v 0.363620 0.166678 -1.490000
v 0.444455 0.143224 -1.500000
v 0.525291 0.119770 -1.510000
v 0.579899 0.098849 -1.520000
v 0.602658 0.081003 -1.530000
v 0.625418 0.063158 -1.540000
v 0.660050 0.048651 -1.550000
v 0.735392 0.045592 -1.560000
v 0.810734 0.042533 -1.570000
v 0.886076 0.039474 -1.580000
v 0.526582 0.000000 -0.600000
v 0.448886 0.031102 -0.610000
v 0.371190 0.062204 -0.620000
v 0.293494 0.093306 -0.630000
v 0.336101 0.118882 -0.640000
v 0.413798 0.142845 -0.650000
v 0.491494 0.166809 -0.660000
v 0.543797 0.184901 -0.670000
v 0.575190 0.198158 -0.680000
v 0.606582 0.211414 -0.690000
v 0.647595 0.229934 -0.700000
v 0.708810 0.259507 -0.710000
v 0.770025 0.289079 -0.720000
v 0.816430 0.316826 -0.730000
v 0.724608 0.327533 -0.740000
v 0.632785 0.338240 -0.750000
v 0.540962 0.348947 -0.760000
v 0.483316 0.362763 -0.770000
v 0.430734 0.377039 -0.780000
v 0.378152 0.391316 -0.790000
v 0.351392 0.407566 -0.800000
v 0.338835 0.424901 -0.810000
v 0.326278 0.442237 -0.820000
v 0.328203 0.458289 -0.830000
v 0.350177 0.472566 -0.840000
v 0.372152 0.486842 -0.850000
v 0.402785 0.501908 -0.860000
v 0.469494 0.520263 -0.870000
v 0.536203 0.538618 -0.880000
v 0.602911 0.556974 -0.890000
v 0.615696 0.577303 -0.900000
v 0.626684 0.597697 -0.910000
v 0.637671 0.618092 -0.920000
v 0.625949 0.642648 -0.930000
v 0.606329 0.668651 -0.940000
v 0.586709 0.694655 -0.950000
v 0.545215 0.704079 -0.960000
v 0.483215 0.697960 -0.970000
v 0.421215 0.691842 -0.980000
v 0.373570 0.691201 -0.990000
v 0.361013 0.703947 -1.000000
v 0.348456 0.716694 -1.010000
v 0.335443 0.729868 -1.020000
v 0.315823 0.749243 -1.030000
v 0.296203 0.768618 -1.040000
v 0.276582 0.787993 -1.050000
v 0.311595 0.806941 -1.060000
v 0.357114 0.825806 -1.070000
v 0.402633 0.844671 -1.080000
v 0.507797 0.849786 -1.090000
v 0.650633 0.846217 -1.100000
v 0.793468 0.842648 -1.110000
v 0.841823 0.851513 -1.120000
v 0.740583 0.880066 -1.130000
v 0.639342 0.908618 -1.140000
v 0.555063 0.934457 -1.150000
v 0.558987 0.946184 -1.160000
v 0.562911 0.957911 -1.170000
v 0.566835 0.969638 -1.180000
v 0.560481 0.978980 -1.190000
v 0.553418 0.988158 -1.200000
v 0.546354 0.997336 -1.210000
v 0.518683 0.997829 -1.220000
v 0.482582 0.994770 -1.230000
v 0.446481 0.991710 -1.240000
v 0.412658 0.982977 -1.250000
v 0.381266 0.968191 -1.260000
v 0.349874 0.953405 -1.270000
v 0.324152 0.936645 -1.280000
v 0.314734 0.914211 -1.290000
v 0.305316 0.891776 -1.300000
v 0.293241 0.867780 -1.310000
v 0.201418 0.796908 -1.320000
v 0.109595 0.726036 -1.330000
v 0.017772 0.655164 -1.340000
v 0.194937 0.636924 -1.350000
v 0.436658 0.631316 -1.360000
v 0.678379 0.625707 -1.370000
v 0.819392 0.599671 -1.380000
v 0.887671 0.558882 -1.390000
v 0.955949 0.518092 -1.400000
v 0.957949 0.480378 -1.410000
v 0.839443 0.448257 -1.420000
v 0.720937 0.416135 -1.430000
v 0.602937 0.383750 -1.440000
v 0.488355 0.349589 -1.450000
v 0.373773 0.315428 -1.460000
v 0.259190 0.281266 -1.470000
v 0.265114 0.251250 -1.480000
v 0.283949 0.221678 -1.490000
v 0.302785 0.192105 -1.500000
v 0.363620 0.166678 -1.510000
v 0.444455 0.143224 -1.520000
v 0.525291 0.119770 -1.530000
v 0.579899 0.098849 -1.540000
v 0.602658 0.081003 -1.550000
v 0.625418 0.063158 -1.560000
v 0.660050 0.048651 -1.570000
v 0.735392 0.045592 -1.580000
v 0.810734 0.042533 -1.590000
v 0.886076 0.039474 -1.600000
v 0.526582 0.000000 -0.620000
v 0.448886 0.031102 -0.630000
v 0.371190 0.062204 -0.640000
v 0.293494 0.093306 -0.650000
v 0.336101 0.118882 -0.660000
v 0.413798 0.142845 -0.670000
v 0.491494 0.166809 -0.680000
v 0.543797 0.184901 -0.690000
v 0.575190 0.198158 -0.700000
v 0.606582 0.211414 -0.710000
v 0.647595 0.229934 -0.720000
v 0.708810 0.259507 -0.730000
v 0.770025 0.289079 -0.740000
v 0.816430 0.316826 -0.750000
v 0.724608 0.327533 -0.760000
v 0.632785 0.338240 -0.770000
v 0.540962 0.348947 -0.780000
v 0.483316 0.362763 -0.790000
v 0.430734 0.377039 -0.800000
v 0.378152 0.391316 -0.810000
v 0.351392 0.407566 -0.820000
v 0.338835 0.424901 -0.830000
v 0.326278 0.442237 -0.840000
v 0.328203 0.458289 -0.850000
v 0.350177 0.472566 -0.860000
v 0.372152 0.486842 -0.870000
v 0.402785 0.501908 -0.880000
v 0.469494 0.520263 -0.890000
v 0.536203 0.538618 -0.900000
v 0.602911 0.556974 -0.910000
v 0.615696 0.577303 -0.920000
v 0.626684 0.597697 -0.930000
v 0.637671 0.618092 -0.940000
v 0.625949 0.642648 -0.950000
v 0.606329 0.668651 -0.960000
v 0.586709 0.694655 -0.970000
v 0.545215 0.704079 -0.980000
v 0.483215 0.697960 -0.990000
v 0.421215 0.691842 -1.000000
v 0.373570 0.691201 -1.010000
v 0.361013 0.703947 -1.020000
v 0.348456 0.716694 -1.030000
v 0.335443 0.729868 -1.040000
v 0.315823 0.749243 -1.050000
v 0.296203 0.768618 -1.060000
v 0.276582 0.787993 -1.070000
v 0.311595 0.806941 -1.080000
v 0.357114 0.825806 -1.090000
v 0.402633 0.844671 -1.100000
v 0.507797 0.849786 -1.110000
v 0.650633 0.846217 -1.120000
v 0.793468 0.842648 -1.130000
v 0.841823 0.851513 -1.140000
v 0.740583 0.880066 -1.150000
v 0.639342 0.908618 -1.160000
v 0.555063 0.934457 -1.170000
v 0.558987 0.946184 -1.180000
v 0.562911 0.957911 -1.190000
v 0.566835 0.969638 -1.200000
v 0.560481 0.978980 -1.210000
v 0.553418 0.988158 -1.220000
v 0.546354 0.997336 -1.230000
v 0.518683 0.997829 -1.240000
v 0.482582 0.994770 -1.250000
v 0.446481 0.991710 -1.260000
v 0.412658 0.982977 -1.270000
v 0.381266 0.968191 -1.280000
v 0.349874 0.953405 -1.290000
v 0.324152 0.936645 -1.300000
v 0.314734 0.914211 -1.310000
v 0.305316 0.891776 -1.320000
v 0.293241 0.867780 -1.330000
v 0.201418 0.796908 -1.340000
v 0.109595 0.726036 -1.350000
v 0.017772 0.655164 -1.360000
v 0.194937 0.636924 -1.370000
v 0.436658 0.631316 -1.380000
v 0.678379 0.625707 -1.390000
v 0.819392 0.599671 -1.400000
v 0.887671 0.558882 -1.410000
v 0.955949 0.518092 -1.420000
v 0.957949 0.480378 -1.430000
v 0.839443 0.448257 -1.440000
v 0.720937 0.416135 -1.450000
v 0.602937 0.383750 -1.460000
v 0.488355 0.349589 -1.470000
v 0.373773 0.315428 -1.480000
v 0.259190 0.281266 -1.490000
v 0.265114 0.251250 -1.500000
v 0.283949 0.221678 -1.510000
v 0.302785 0.192105 -1.520000
v 0.363620 0.166678 -1.530000
v 0.444455 0.143224 -1.540000
v 0.525291 0.119770 -1.550000
v 0.579899 0.098849 -1.560000
v 0.602658 0.081003 -1.570000
v 0.625418 0.063158 -1.580000
v 0.660050 0.048651 -1.590000
v 0.735392 0.045592 -1.600000
v 0.810734 0.042533 -1.610000
v 0.886076 0.039474 -1.620000
v 0.526582 0.000000 -0.640000
v 0.448886 0.031102 -0.650000
v 0.371190 0.062204 -0.660000
v 0.293494 0.093306 -0.670000
v 0.336101 0.118882 -0.680000
v 0.413798 0.142845 -0.690000
v 0.491494 0.166809 -0.700000
v 0.543797 0.184901 -0.710000
v 0.575190 0.198158 -0.720000
v 0.606582 0.211414 -0.730000
v 0.647595 0.229934 -0.740000
v 0.708810 0.259507 -0.750000
v 0.770025 0.289079 -0.760000
v 0.816430 0.316826 -0.770000
v 0.724608 0.327533 -0.780000
v 0.632785 0.338240 -0.790000
v 0.540962 0.348947 -0.800000
v 0.483316 0.362763 -0.810000
v 0.430734 0.377039 -0.820000
v 0.378152 0.391316 -0.830000
v 0.351392 0.407566 -0.840000
v 0.338835 0.424901 -0.850000
v 0.326278 0.442237 -0.860000
v 0.328203 0.458289 -0.870000
v 0.350177 0.472566 -0.880000
v 0.372152 0.486842 -0.890000
v 0.402785 0.501908 -0.900000
v 0.469494 0.520263 -0.910000
v 0.536203 0.538618 -0.920000
v 0.602911 0.556974 -0.930000
v 0.615696 0.577303 -0.940000
v 0.626684 0.597697 -0.950000
v 0.637671 0.618092 -0.960000
v 0.625949 0.642648 -0.970000
v 0.606329 0.668651 -0.980000
v 0.586709 0.694655 -0.990000
v 0.545215 0.704079 -1.000000
v 0.483215 0.697960 -1.010000
v 0.421215 0.691842 -1.020000
v 0.373570 0.691201 -1.030000
v 0.361013 0.703947 -1.040000
v 0.348456 0.716694 -1.050000
v 0.335443 0.729868 -1.060000
v 0.315823 0.749243 -1.070000
v 0.296203 0.768618 -1.080000
v 0.276582 0.787993 -1.090000
v 0.311595 0.806941 -1.100000
v 0.357114 0.825806 -1.110000
v 0.402633 0.844671 -1.120000
v 0.507797 0.849786 -1.130000
v 0.650633 0.846217 -1.140000
v 0.793468 0.842648 -1.150000
v 0.841823 0.851513 -1.160000
v 0.740583 0.880066 -1.170000
v 0.639342 0.908618 -1.180000
v 0.555063 0.934457 -1.190000
v 0.558987 0.946184 -1.200000
v 0.562911 0.957911 -1.210000
v 0.566835 0.969638 -1.220000
v 0.560481 0.978980 -1.230000
v 0.553418 0.988158 -1.240000
v 0.546354 0.997336 -1.250000
v 0.518683 0.997829 -1.260000
v 0.482582 0.994770 -1.270000
v 0.446481 0.991710 -1.280000
v 0.412658 0.982977 -1.290000
v 0.381266 0.968191 -1.300000
v 0.349874 0.953405 -1.310000
v 0.324152 0.936645 -1.320000
v 0.314734 0.914211 -1.330000
v 0.305316 0.891776 -1.340000
v 0.293241 0.867780 -1.350000
v 0.201418 0.796908 -1.360000
v 0.109595 0.726036 -1.370000
v 0.017772 0.655164 -1.380000
v 0.194937 0.636924 -1.390000
v 0.436658 0.631316 -1.400000
v 0.678379 0.625707 -1.410000
v 0.819392 0.599671 -1.420000
v 0.887671 0.558882 -1.430000
v 0.955949 0.518092 -1.440000
v 0.957949 0.480378 -1.450000
v 0.839443 0.448257 -1.460000
v 0.720937 0.416135 -1.470000
v 0.602937 0.383750 -1.480000
v 0.488355 0.349589 -1.490000
v 0.373773 0.315428 -1.500000
v 0.259190 0.281266 -1.510000
v 0.265114 0.251250 -1.520000
v 0.283949 0.221678 -1.530000
v 0.302785 0.192105 -1.540000
v 0.363620 0.166678 -1.550000
v 0.444455 0.143224 -1.560000
v 0.525291 0.119770 -1.570000
v 0.579899 0.098849 -1.580000
v 0.602658 0.081003 -1.590000
v 0.625418 0.063158 -1.600000
v 0.660050 0.048651 -1.610000
v 0.735392 0.045592 -1.620000
v 0.810734 0.042533 -1.630000
v 0.886076 0.039474 -1.640000
v 0.526582 0.000000 -0.660000
v 0.448886 0.031102 -0.670000
v 0.371190 0.062204 -0.680000
v 0.293494 0.093306 -0.690000
v 0.336101 0.118882 -0.700000
v 0.413798 0.142845 -0.710000
v 0.491494 0.166809 -0.720000
v 0.543797 0.184901 -0.730000
v 0.575190 0.198158 -0.740000
v 0.606582 0.211414 -0.750000
v 0.647595 0.229934 -0.760000
v 0.708810 0.259507 -0.770000
v 0.770025 0.289079 -0.780000
v 0.816430 0.316826 -0.790000
v 0.724608 0.327533 -0.800000
v 0.632785 0.338240 -0.810000
v 0.540962 0.348947 -0.820000
v 0.483316 0.362763 -0.830000
v 0.430734 0.377039 -0.840000
v 0.378152 0.391316 -0.850000
v 0.351392 0.407566 -0.860000
v 0.338835 0.424901 -0.870000
v 0.326278 0.442237 -0.880000
v 0.328203 0.458289 -0.890000
v 0.350177 0.472566 -0.900000
v 0.372152 0.486842 -0.910000
v 0.402785 0.501908 -0.920000
v 0.469494 0.520263 -0.930000
v 0.536203 0.538618 -0.940000
v 0.602911 0.556974 -0.950000
v 0.615696 0.577303 -0.960000
v 0.626684 0.597697 -0.970000
v 0.637671 0.618092 -0.980000
v 0.625949 0.642648 -0.990000
v 0.606329 0.668651 -1.000000
v 0.586709 0.694655 -1.010000
v 0.545215 0.704079 -1.020000
v 0.483215 0.697960 -1.030000
v 0.421215 0.691842 -1.040000
v 0.373570 0.691201 -1.050000
v 0.361013 0.703947 -1.060000
v 0.348456 0.716694 -1.070000
v 0.335443 0.729868 -1.080000
v 0.315823 0.749243 -1.090000
v 0.296203 0.768618 -1.100000
v 0.276582 0.787993 -1.110000
v 0.311595 0.806941 -1.120000
v 0.357114 0.825806 -1.130000
v 0.402633 0.844671 -1.140000
v 0.507797 0.849786 -1.150000
v 0.650633 0.846217 -1.160000
v 0.793468 0.842648 -1.170000
v 0.841823 0.851513 -1.180000
v 0.740583 0.880066 -1.190000
v 0.639342 0.908618 -1.200000
v 0.555063 0.934457 -1.210000
v 0.558987 0.946184 -1.220000
v 0.562911 0.957911 -1.230000
v 0.566835 0.969638 -1.240000
v 0.560481 0.978980 -1.250000
v 0.553418 0.988158 -1.260000
v 0.546354 0.997336 -1.270000
v 0.518683 0.997829 -1.280000
v 0.482582 0.994770 -1.290000
v 0.446481 0.991710 -1.300000
v 0.412658 0.982977 -1.310000
v 0.381266 0.968191 -1.320000
v 0.349874 0.953405 -1.330000
v 0.324152 0.936645 -1.340000
v 0.314734 0.914211 -1.350000
v 0.305316 0.891776 -1.360000
v 0.293241 0.867780 -1.370000
v 0.201418 0.796908 -1.380000
v 0.109595 0.726036 -1.390000
v 0.017772 0.655164 -1.400000
v 0.194937 0.636924 -1.410000
v 0.436658 0.631316 -1.420000
v 0.678379 0.625707 -1.430000
v 0.819392 0.599671 -1.440000
v 0.887671 0.558882 -1.450000
v 0.955949 0.518092 -1.460000
v 0.957949 0.480378 -1.470000
v 0.839443 0.448257 -1.480000
v 0.720937 0.416135 -1.490000
v 0.602937 0.383750 -1.500000
v 0.488355 0.349589 -1.510000
v 0.373773 0.315428 -1.520000
v 0.259190 0.281266 -1.530000
v 0.265114 0.251250 -1.540000
v 0.283949 0.221678 -1.550000
v 0.302785 0.192105 -1.560000
v 0.363620 0.166678 -1.570000
v 0.444455 0.143224 -1.580000
v 0.525291 0.119770 -1.590000
v 0.579899 0.098849 -1.600000
v 0.602658 0.081003 -1.610000
v 0.625418 0.063158 -1.620000
v 0.660050 0.048651 -1.630000
v 0.735392 0.045592 -1.640000
v 0.810734 0.042533 -1.650000
v 0.886076 0.039474 -1.660000
v 0.526582 0.000000 -0.680000
v 0.448886 0.031102 -0.690000
v 0.371190 0.062204 -0.700000
v 0.293494 0.093306 -0.710000
v 0.336101 0.118882 -0.720000
v 0.413798 0.142845 -0.730000
v 0.491494 0.166809 -0.740000
v 0.543797 0.184901 -0.750000
v 0.575190 0.198158 -0.760000
v 0.606582 0.211414 -0.770000
v 0.647595 0.229934 -0.780000
v 0.708810 0.259507 -0.790000
v 0.770025 0.289079 -0.800000
v 0.816430 0.316826 -0.810000
v 0.724608 0.327533 -0.820000
v 0.632785 0.338240 -0.830000
v 0.540962 0.348947 -0.840000
v 0.483316 0.362763 -0.850000
v 0.430734 0.377039 -0.860000
v 0.378152 0.391316 -0.870000
v 0.351392 0.407566 -0.880000
v 0.338835 0.424901 -0.890000
v 0.326278 0.442237 -0.900000
v 0.328203 0.458289 -0.910000
v 0.350177 0.472566 -0.920000
v 0.372152 0.486842 -0.930000
v 0.402785 0.501908 -0.940000
v 0.469494 0.520263 -0.950000
v 0.536203 0.538618 -0.960000
v 0.602911 0.556974 -0.970000
v 0.615696 0.577303 -0.980000
v 0.626684 0.597697 -0.990000
v 0.637671 0.618092 -1.000000
v 0.625949 0.642648 -1.010000
v 0.606329 0.668651 -1.020000
v 0.586709 0.694655 -1.030000
v 0.545215 0.704079 -1.040000
v 0.483215 0.697960 -1.050000
v 0.421215 0.691842 -1.060000
v 0.373570 0.691201 -1.070000
v 0.361013 0.703947 -1.080000
v 0.348456 0.716694 -1.090000
v 0.335443 0.729868 -1.100000
v 0.315823 0.749243 -1.110000
v 0.296203 0.768618 -1.120000
v 0.276582 0.787993 -1.130000
v 0.311595 0.806941 -1.140000
v 0.357114 0.825806 -1.150000
v 0.402633 0.844671 -1.160000
v 0.507797 0.849786 -1.170000
v 0.650633 0.846217 -1.180000
v 0.793468 0.842648 -1.190000
v 0.841823 0.851513 -1.200000
v 0.740583 0.880066 -1.210000
v 0.639342 0.908618 -1.220000
v 0.555063 0.934457 -1.230000
v 0.558987 0.946184 -1.240000
v 0.562911 0.957911 -1.250000
v 0.566835 0.969638 -1.260000
v 0.560481 0.978980 -1.270000
v 0.553418 0.988158 -1.280000
v 0.546354 0.997336 -1.290000
v 0.518683 0.997829 -1.300000
v 0.482582 0.994770 -1.310000
v 0.446481 0.991710 -1.320000
v 0.412658 0.982977 -1.330000
v 0.381266 0.968191 -1.340000
v 0.349874 0.953405 -1.350000
v 0.324152 0.936645 -1.360000
v 0.314734 0.914211 -1.370000
v 0.305316 0.891776 -1.380000
v 0.293241 0.867780 -1.390000
v 0.201418 0.796908 -1.400000
v 0.109595 0.726036 -1.410000
v 0.017772 0.655164 -1.420000
v 0.194937 0.636924 -1.430000
v 0.436658 0.631316 -1.440000
v 0.678379 0.625707 -1.450000
v 0.819392 0.599671 -1.460000
v 0.887671 0.558882 -1.470000
v 0.955949 0.518092 -1.480000
v 0.957949 0.480378 -1.490000
v 0.839443 0.448257 -1.500000
v 0.720937 0.416135 -1.510000
v 0.602937 0.383750 -1.520000
v 0.488355 0.349589 -1.530000
v 0.373773 0.315428 -1.540000
v 0.259190 0.281266 -1.550000
v 0.265114 0.251250 -1.560000
v 0.283949 0.221678 -1.570000
v 0.302785 0.192105 -1.580000
v 0.363620 0.166678 -1.590000
v 0.444455 0.143224 -1.600000
v 0.525291 0.119770 -1.610000
v 0.579899 0.098849 -1.620000
v 0.602658 0.081003 -1.630000
v 0.625418 0.063158 -1.640000
v 0.660050 0.048651 -1.650000
v 0.735392 0.045592 -1.660000
v 0.810734 0.042533 -1.670000
v 0.886076 0.039474 -1.680000
v 0.526582 0.000000 -0.700000
v 0.448886 0.031102 -0.710000
v 0.371190 0.062204 -0.720000
v 0.293494 0.093306 -0.730000
v 0.336101 0.118882 -0.740000
v 0.413798 0.142845 -0.750000
v 0.491494 0.166809 -0.760000
v 0.543797 0.184901 -0.770000
v 0.575190 0.198158 -0.780000
v 0.606582 0.211414 -0.790000
v 0.647595 0.229934 -0.800000
v 0.708810 0.259507 -0.810000
v 0.770025 0.289079 -0.820000
v 0.816430 0.316826 -0.830000
v 0.724608 0.327533 -0.840000
v 0.632785 0.338240 -0.850000
v 0.540962 0.348947 -0.860000
v 0.483316 0.362763 -0.870000
v 0.430734 0.377039 -0.880000
v 0.378152 0.391316 -0.890000
v 0.351392 0.407566 -0.900000
v 0.338835 0.424901 -0.910000
v 0.326278 0.442237 -0.920000
v 0.328203 0.458289 -0.930000
v 0.350177 0.472566 -0.940000
v 0.372152 0.486842 -0.950000
v 0.402785 0.501908 -0.960000
v 0.469494 0.520263 -0.970000
v 0.536203 0.538618 -0.980000
v 0.602911 0.556974 -0.990000
v 0.615696 0.577303 -1.000000
v 0.626684 0.597697 -1.010000
v 0.637671 0.618092 -1.020000
v 0.625949 0.642648 -1.030000
v 0.606329 0.668651 -1.040000
v 0.586709 0.694655 -1.050000
v 0.545215 0.704079 -1.060000
v 0.483215 0.697960 -1.070000
v 0.421215 0.691842 -1.080000
v 0.373570 0.691201 -1.090000
v 0.361013 0.703947 -1.100000
v 0.348456 0.716694 -1.110000
v 0.335443 0.729868 -1.120000
v 0.315823 0.749243 -1.130000
v 0.296203 0.768618 -1.140000
v 0.276582 0.787993 -1.150000
v 0.311595 0.806941 -1.160000
v 0.357114 0.825806 -1.170000
v 0.402633 0.844671 -1.180000
v 0.507797 0.849786 -1.190000
v 0.650633 0.846217 -1.200000
v 0.793468 0.842648 -1.210000
v 0.841823 0.851513 -1.220000
v 0.740583 0.880066 -1.230000
v 0.639342 0.908618 -1.240000
v 0.555063 0.934457 -1.250000
v 0.558987 0.946184 -1.260000
v 0.562911 0.957911 -1.270000
v 0.566835 0.969638 -1.280000
v 0.560481 0.978980 -1.290000
v 0.553418 0.988158 -1.300000
v 0.546354 0.997336 -1.310000
v 0.518683 0.997829 -1.320000
v 0.482582 0.994770 -1.330000
v 0.446481 0.991710 -1.340000
v 0.412658 0.982977 -1.350000
v 0.381266 0.968191 -1.360000
v 0.349874 0.953405 -1.370000
v 0.324152 0.936645 -1.380000
v 0.314734 0.914211 -1.390000
v 0.305316 0.891776 -1.400000
v 0.293241 0.867780 -1.410000
v 0.201418 0.796908 -1.420000
v 0.109595 0.726036 -1.430000
v 0.017772 0.655164 -1.440000
v 0.194937 0.636924 -1.450000
v 0.436658 0.631316 -1.460000
v 0.678379 0.625707 -1.470000
v 0.819392 0.599671 -1.480000
v 0.887671 0.558882 -1.490000
v 0.955949 0.518092 -1.500000
v 0.957949 0.480378 -1.510000
v 0.839443 0.448257 -1.520000
v 0.720937 0.416135 -1.530000
v 0.602937 0.383750 -1.540000
v 0.488355 0.349589 -1.550000
v 0.373773 0.315428 -1.560000
v 0.259190 0.281266 -1.570000
v 0.265114 0.251250 -1.580000
v 0.283949 0.221678 -1.590000
v 0.302785 0.192105 -1.600000
v 0.363620 0.166678 -1.610000
v 0.444455 0.143224 -1.620000
v 0.525291 0.119770 -1.630000
v 0.579899 0.098849 -1.640000
v 0.602658 0.081003 -1.650000
v 0.625418 0.063158 -1.660000
v 0.660050 0.048651 -1.670000
v 0.735392 0.045592 -1.680000
v 0.810734 0.042533 -1.690000
v 0.886076 0.039474 -1.700000
v 0.526582 0.000000 -0.720000
v 0.448886 0.031102 -0.730000
v 0.371190 0.062204 -0.740000
v 0.293494 0.093306 -0.750000
v 0.336101 0.118882 -0.760000
v 0.413798 0.142845 -0.770000
v 0.491494 0.166809 -0.780000
v 0.543797 0.184901 -0.790000
v 0.575190 0.198158 -0.800000
v 0.606582 0.211414 -0.810000
v 0.647595 0.229934 -0.820000
v 0.708810 0.259507 -0.830000
v 0.770025 0.289079 -0.840000
v 0.816430 0.316826 -0.850000
v 0.724608 0.327533 -0.860000
v 0.632785 0.338240 -0.870000
v 0.540962 0.348947 -0.880000
v 0.483316 0.362763 -0.890000
v 0.430734 0.377039 -0.900000
v 0.378152 0.391316 -0.910000
v 0.351392 0.407566 -0.920000
v 0.338835 0.424901 -0.930000
v 0.326278 0.442237 -0.940000
v 0.328203 0.458289 -0.950000
v 0.350177 0.472566 -0.960000
v 0.372152 0.486842 -0.970000
v 0.402785 0.501908 -0.980000
v 0.469494 0.520263 -0.990000
v 0.536203 0.538618 -1.000000
v 0.602911 0.556974 -1.010000
v 0.615696 0.577303 -1.020000
v 0.626684 0.597697 -1.030000
v 0.637671 0.618092 -1.040000
v 0.625949 0.642648 -1.050000
v 0.606329 0.668651 -1.060000
v 0.586709 0.694655 -1.070000
v 0.545215 0.704079 -1.080000
v 0.483215 0.697960 -1.090000
v 0.421215 0.691842 -1.100000
v 0.373570 0.691201 -1.110000
v 0.361013 0.703947 -1.120000
v 0.348456 0.716694 -1.130000
v 0.335443 0.729868 -1.140000
v 0.315823 0.749243 -1.150000
v 0.296203 0.768618 -1.160000
v 0.276582 0.787993 -1.170000
v 0.311595 0.806941 -1.180000
v 0.357114 0.825806 -1.190000
v 0.402633 0.844671 -1.200000
v 0.507797 0.849786 -1.210000
v 0.650633 0.846217 -1.220000
v 0.793468 0.842648 -1.230000
v 0.841823 0.851513 -1.240000
v 0.740583 0.880066 -1.250000
v 0.639342 0.908618 -1.260000
v 0.555063 0.934457 -1.270000
v 0.558987 0.946184 -1.280000
v 0.562911 0.957911 -1.290000
v 0.566835 0.969638 -1.300000
v 0.560481 0.978980 -1.310000
v 0.553418 0.988158 -1.320000
v 0.546354 0.997336 -1.330000
v 0.518683 0.997829 -1.340000
v 0.482582 0.994770 -1.350000
v 0.446481 0.991710 -1.360000
v 0.412658 0.982977 -1.370000
v 0.381266 0.968191 -1.380000
v 0.349874 0.953405 -1.390000
v 0.324152 0.936645 -1.400000
v 0.314734 0.914211 -1.410000
v 0.305316 0.891776 -1.420000
v 0.293241 0.867780 -1.430000
v 0.201418 0.796908 -1.440000
v 0.109595 0.726036 -1.450000
v 0.017772 0.655164 -1.460000
v 0.194937 0.636924 -1.470000
v 0.436658 0.631316 -1.480000
v 0.678379 0.625707 -1.490000
v 0.819392 0.599671 -1.500000
v 0.887671 0.558882 -1.510000
v 0.955949 0.518092 -1.520000
v 0.957949 0.480378 -1.530000
v 0.839443 0.448257 -1.540000
v 0.720937 0.416135 -1.550000
v 0.602937 0.383750 -1.560000
v 0.488355 0.349589 -1.570000
v 0.373773 0.315428 -1.580000
v 0.259190 0.281266 -1.590000
v 0.265114 0.251250 -1.600000
v 0.283949 0.221678 -1.610000
v 0.302785 0.192105 -1.620000
v 0.363620 0.166678 -1.630000
v 0.444455 0.143224 -1.640000
v 0.525291 0.119770 -1.650000
v 0.579899 0.098849 -1.660000
v 0.602658 0.081003 -1.670000
v 0.625418 0.063158 -1.680000
v 0.660050 0.048651 -1.690000
v 0.735392 0.045592 -1.700000
v 0.810734 0.042533 -1.710000
v 0.886076 0.039474 -1.720000
v 0.526582 0.000000 -0.740000
v 0.448886 0.031102 -0.750000
v 0.371190 0.062204 -0.760000
v 0.293494 0.093306 -0.770000
v 0.336101 0.118882 -0.780000
v 0.413798 0.142845 -0.790000
v 0.491494 0.166809 -0.800000
v 0.543797 0.184901 -0.810000
v 0.575190 0.198158 -0.820000
v 0.606582 0.211414 -0.830000
v 0.647595 0.229934 -0.840000
v 0.708810 0.259507 -0.850000
v 0.770025 0.289079 -0.860000
v 0.816430 0.316826 -0.870000
v 0.724608 0.327533 -0.880000
v 0.632785 0.338240 -0.890000
v 0.540962 0.348947 -0.900000
v 0.483316 0.362763 -0.910000
v 0.430734 0.377039 -0.920000
v 0.378152 0.391316 -0.930000
v 0.351392 0.407566 -0.940000
v 0.338835 0.424901 -0.950000
v 0.326278 0.442237 -0.960000
v 0.328203 0.458289 -0.970000
v 0.350177 0.472566 -0.980000
v 0.372152 0.486842 -0.990000
v 0.402785 0.501908 -1.000000
v 0.469494 0.520263 -1.010000
v 0.536203 0.538618 -1.020000
v 0.602911 0.556974 -1.030000
v 0.615696 0.577303 -1.040000
v 0.626684 0.597697 -1.050000
v 0.637671 0.618092 -1.060000
v 0.625949 0.642648 -1.070000
v 0.606329 0.668651 -1.080000
v 0.586709 0.694655 -1.090000
v 0.545215 0.704079 -1.100000
v 0.483215 0.697960 -1.110000
v 0.421215 0.691842 -1.120000
v 0.373570 0.691201 -1.130000
v 0.361013 0.703947 -1.140000
v 0.348456 0.716694 -1.150000
v 0.335443 0.729868 -1.160000
v 0.315823 0.749243 -1.170000
v 0.296203 0.768618 -1.180000
v 0.276582 0.787993 -1.190000
v 0.311595 0.806941 -1.200000
v 0.357114 0.825806 -1.210000
v 0.402633 0.844671 -1.220000
v 0.507797 0.849786 -1.230000
v 0.650633 0.846217 -1.240000
v 0.793468 0.842648 -1.250000
v 0.841823 0.851513 -1.260000
v 0.740583 0.880066 -1.270000
v 0.639342 0.908618 -1.280000
v 0.555063 0.934457 -1.290000
v 0.558987 0.946184 -1.300000
v 0.562911 0.957911 -1.310000
v 0.566835 0.969638 -1.320000
v 0.560481 0.978980 -1.330000
v 0.553418 0.988158 -1.340000
v 0.546354 0.997336 -1.350000
v 0.518683 0.997829 -1.360000
v 0.482582 0.994770 -1.370000
v 0.446481 0.991710 -1.380000
v 0.412658 0.982977 -1.390000
v 0.381266 0.968191 -1.400000
v 0.349874 0.953405 -1.410000
v 0.324152 0.936645 -1.420000
v 0.314734 0.914211 -1.430000
v 0.305316 0.891776 -1.440000
v 0.293241 0.867780 -1.450000
v 0.201418 0.796908 -1.460000
v 0.109595 0.726036 -1.470000
v 0.017772 0.655164 -1.480000
v 0.194937 0.636924 -1.490000
v 0.436658 0.631316 -1.500000
v 0.678379 0.625707 -1.510000
v 0.819392 0.599671 -1.520000
v 0.887671 0.558882 -1.530000
v 0.955949 0.518092 -1.540000
v 0.957949 0.480378 -1.550000
v 0.839443 0.448257 -1.560000
v 0.720937 0.416135 -1.570000
v 0.602937 0.383750 -1.580000
v 0.488355 0.349589 -1.590000
v 0.373773 0.315428 -1.600000
v 0.259190 0.281266 -1.610000
v 0.265114 0.251250 -1.620000
v 0.283949 0.221678 -1.630000
v 0.302785 0.192105 -1.640000
v 0.363620 0.166678 -1.650000
v 0.444455 0.143224 -1.660000
v 0.525291 0.119770 -1.670000
v 0.579899 0.098849 -1.680000
v 0.602658 0.081003 -1.690000
v 0.625418 0.063158 -1.700000
v 0.660050 0.048651 -1.710000
v 0.735392 0.045592 -1.720000
v 0.810734 0.042533 -1.730000
v 0.886076 0.039474 -1.740000
v 0.526582 0.000000 -0.760000
v 0.448886 0.031102 -0.770000
v 0.371190 0.062204 -0.780000
v 0.293494 0.093306 -0.790000
v 0.336101 0.118882 -0.800000
v 0.413798 0.142845 -0.810000
v 0.491494 0.166809 -0.820000
v 0.543797 0.184901 -0.830000
v 0.575190 0.198158 -0.840000
v 0.606582 0.211414 -0.850000
v 0.647595 0.229934 -0.860000
v 0.708810 0.259507 -0.870000
v 0.770025 0.289079 -0.880000
v 0.816430 0.316826 -0.890000
v 0.724608 0.327533 -0.900000
v 0.632785 0.338240 -0.910000
v 0.540962 0.348947 -0.920000
v 0.483316 0.362763 -0.930000
v 0.430734 0.377039 -0.940000
v 0.378152 0.391316 -0.950000
v 0.351392 0.407566 -0.960000
v 0.338835 0.424901 -0.970000
v 0.326278 0.442237 -0.980000
v 0.328203 0.458289 -0.990000
v 0.350177 0.472566 -1.000000
v 0.372152 0.486842 -1.010000
v 0.402785 0.501908 -1.020000
v 0.469494 0.520263 -1.030000
v 0.536203 0.538618 -1.040000
v 0.602911 0.556974 -1.050000
v 0.615696 0.577303 -1.060000
v 0.626684 0.597697 -1.070000
v 0.637671 0.618092 -1.080000
v 0.625949 0.642648 -1.090000
v 0.606329 0.668651 -1.100000
v 0.586709 0.694655 -1.110000
v 0.545215 0.704079 -1.120000
v 0.483215 0.697960 -1.130000
v 0.421215 0.691842 -1.140000
v 0.373570 0.691201 -1.150000
v 0.361013 0.703947 -1.160000
v 0.348456 0.716694 -1.170000
v 0.335443 0.729868 -1.180000
v 0.315823 0.749243 -1.190000
v 0.296203 0.768618 -1.200000
v 0.276582 0.787993 -1.210000
v 0.311595 0.806941 -1.220000
v 0.357114 0.825806 -1.230000
v 0.402633 0.844671 -1.240000
v 0.507797 0.849786 -1.250000
v 0.650633 0.846217 -1.260000
v 0.793468 0.842648 -1.270000
v 0.841823 0.851513 -1.280000
v 0.740583 0.880066 -1.290000
v 0.639342 0.908618 -1.300000
v 0.555063 0.934457 -1.310000
v 0.558987 0.946184 -1.320000
v 0.562911 0.957911 -1.330000
v 0.566835 0.969638 -1.340000
v 0.560481 0.978980 -1.350000
v 0.553418 0.988158 -1.360000
v 0.546354 0.997336 -1.370000
v 0.518683 0.997829 -1.380000
v 0.482582 0.994770 -1.390000
v 0.446481 0.991710 -1.400000
v 0.412658 0.982977 -1.410000
v 0.381266 0.968191 -1.420000
v 0.349874 0.953405 -1.430000
v 0.324152 0.936645 -1.440000
v 0.314734 0.914211 -1.450000
v 0.305316 0.891776 -1.460000
v 0.293241 0.867780 -1.470000
v 0.201418 0.796908 -1.480000
v 0.109595 0.726036 -1.490000
v 0.017772 0.655164 -1.500000
v 0.194937 0.636924 -1.510000
v 0.436658 0.631316 -1.520000
v 0.678379 0.625707 -1.530000
v 0.819392 0.599671 -1.540000
v 0.887671 0.558882 -1.550000
v 0.955949 0.518092 -1.560000
v 0.957949 0.480378 -1.570000
v 0.839443 0.448257 -1.580000
v 0.720937 0.416135 -1.590000
v 0.602937 0.383750 -1.600000
v 0.488355 0.349589 -1.610000
v 0.373773 0.315428 -1.620000
v 0.259190 0.281266 -1.630000
v 0.265114 0.251250 -1.640000
v 0.283949 0.221678 -1.650000
v 0.302785 0.192105 -1.660000
v 0.363620 0.166678 -1.670000
v 0.444455 0.143224 -1.680000
v 0.525291 0.119770 -1.690000
v 0.579899 0.098849 -1.700000
v 0.602658 0.081003 -1.710000
v 0.625418 0.063158 -1.720000
v 0.660050 0.048651 -1.730000
v 0.735392 0.045592 -1.740000
v 0.810734 0.042533 -1.750000
v 0.886076 0.039474 -1.760000
v 0.526582 0.000000 -0.780000
v 0.448886 0.031102 -0.790000
v 0.371190 0.062204 -0.800000
v 0.293494 0.093306 -0.810000
v 0.336101 0.118882 -0.820000
v 0.413798 0.142845 -0.830000
v 0.491494 0.166809 -0.840000
v 0.543797 0.184901 -0.850000
v 0.575190 0.198158 -0.860000
v 0.606582 0.211414 -0.870000
v 0.647595 0.229934 -0.880000
v 0.708810 0.259507 -0.890000
v 0.770025 0.289079 -0.900000
v 0.816430 0.316826 -0.910000
v 0.724608 0.327533 -0.920000
v 0.632785 0.338240 -0.930000
v 0.540962 0.348947 -0.940000
v 0.483316 0.362763 -0.950000
v 0.430734 0.377039 -0.960000
v 0.378152 0.391316 -0.970000
v 0.351392 0.407566 -0.980000
v 0.338835 0.424901 -0.990000
v 0.326278 0.442237 -1.000000
v 0.328203 0.458289 -1.010000
v 0.350177 0.472566 -1.020000
v 0.372152 0.486842 -1.030000
v 0.402785 0.501908 -1.040000
v 0.469494 0.520263 -1.050000
v 0.536203 0.538618 -1.060000
v 0.602911 0.556974 -1.070000
v 0.615696 0.577303 -1.080000
v 0.626684 0.597697 -1.090000
v 0.637671 0.618092 -1.100000
v 0.625949 0.642648 -1.110000
v 0.606329 0.668651 -1.120000
v 0.586709 0.694655 -1.130000
v 0.545215 0.704079 -1.140000
v 0.483215 0.697960 -1.150000
v 0.421215 0.691842 -1.160000
v 0.373570 0.691201 -1.170000
v 0.361013 0.703947 -1.180000
v 0.348456 0.716694 -1.190000
v 0.335443 0.729868 -1.200000
v 0.315823 0.749243 -1.210000
v 0.296203 0.768618 -1.220000
v 0.276582 0.787993 -1.230000
v 0.311595 0.806941 -1.240000
v 0.357114 0.825806 -1.250000
v 0.402633 0.844671 -1.260000
v 0.507797 0.849786 -1.270000
v 0.650633 0.846217 -1.280000
v 0.793468 0.842648 -1.290000
v 0.841823 0.851513 -1.300000
v 0.740583 0.880066 -1.310000
v 0.639342 0.908618 -1.320000
v 0.555063 0.934457 -1.330000
v 0.558987 0.946184 -1.340000
v 0.562911 0.957911 -1.350000
v 0.566835 0.969638 -1.360000
v 0.560481 0.978980 -1.370000
v 0.553418 0.988158 -1.380000
v 0.546354 0.997336 -1.390000
v 0.518683 0.997829 -1.400000
v 0.482582 0.994770 -1.410000
v 0.446481 0.991710 -1.420000
v 0.412658 0.982977 -1.430000
v 0.381266 0.968191 -1.440000
v 0.349874 0.953405 -1.450000
v 0.324152 0.936645 -1.460000
v 0.314734 0.914211 -1.470000
v 0.305316 0.891776 -1.480000
v 0.293241 0.867780 -1.490000
v 0.201418 0.796908 -1.500000
v 0.109595 0.726036 -1.510000
v 0.017772 0.655164 -1.520000
v 0.194937 0.636924 -1.530000
v 0.436658 0.631316 -1.540000
v 0.678379 0.625707 -1.550000
v 0.819392 0.599671 -1.560000
v 0.887671 0.558882 -1.570000
v 0.955949 0.518092 -1.580000
v 0.957949 0.480378 -1.590000
v 0.839443 0.448257 -1.600000
v 0.720937 0.416135 -1.610000
v 0.602937 0.383750 -1.620000
v 0.488355 0.349589 -1.630000
v 0.373773 0.315428 -1.640000
v 0.259190 0.281266 -1.650000
v 0.265114 0.251250 -1.660000
v 0.283949 0.221678 -1.670000
v 0.302785 0.192105 -1.680000
v 0.363620 0.166678 -1.690000
v 0.444455 0.143224 -1.700000
v 0.525291 0.119770 -1.710000
v 0.579899 0.098849 -1.720000
v 0.602658 0.081003 -1.730000
v 0.625418 0.063158 -1.740000
v 0.660050 0.048651 -1.750000
v 0.735392 0.045592 -1.760000
v 0.810734 0.042533 -1.770000
v 0.886076 0.039474 -1.780000
v 0.526582 0.000000 -0.800000
v 0.448886 0.031102 -0.810000
v 0.371190 0.062204 -0.820000
v 0.293494 0.093306 -0.830000
v 0.336101 0.118882 -0.840000
v 0.413798 0.142845 -0.850000
v 0.491494 0.166809 -0.860000
v 0.543797 0.184901 -0.870000
v 0.575190 0.198158 -0.880000
v 0.606582 0.211414 -0.890000
v 0.647595 0.229934 -0.900000
v 0.708810 0.259507 -0.910000
v 0.770025 0.289079 -0.920000
v 0.816430 0.316826 -0.930000
v 0.724608 0.327533 -0.940000
v 0.632785 0.338240 -0.950000
v 0.540962 0.348947 -0.960000
v 0.483316 0.362763 -0.970000
v 0.430734 0.377039 -0.980000
v 0.378152 0.391316 -0.990000
v 0.351392 0.407566 -1.000000
v 0.338835 0.424901 -1.010000
v 0.326278 0.442237 -1.020000
v 0.328203 0.458289 -1.030000
v 0.350177 0.472566 -1.040000
v 0.372152 0.486842 -1.050000
v 0.402785 0.501908 -1.060000
v 0.469494 0.520263 -1.070000
v 0.536203 0.538618 -1.080000
v 0.602911 0.556974 -1.090000
v 0.615696 0.577303 -1.100000
v 0.626684 0.597697 -1.110000
v 0.637671 0.618092 -1.120000
v 0.625949 0.642648 -1.130000
v 0.606329 0.668651 -1.140000
v 0.586709 0.694655 -1.150000
v 0.545215 0.704079 -1.160000
v 0.483215 0.697960 -1.170000
v 0.421215 0.691842 -1.180000
v 0.373570 0.691201 -1.190000
v 0.361013 0.703947 -1.200000
v 0.348456 0.716694 -1.210000
v 0.335443 0.729868 -1.220000
v 0.315823 0.749243 -1.230000
v 0.296203 0.768618 -1.240000
v 0.276582 0.787993 -1.250000
v 0.311595 0.806941 -1.260000
v 0.357114 0.825806 -1.270000
v 0.402633 0.844671 -1.280000
v 0.507797 0.849786 -1.290000
v 0.650633 0.846217 -1.300000
v 0.793468 0.842648 -1.310000
v 0.841823 0.851513 -1.320000
v 0.740583 0.880066 -1.330000
v 0.639342 0.908618 -1.340000
v 0.555063 0.934457 -1.350000
v 0.558987 0.946184 -1.360000
v 0.562911 0.957911 -1.370000
v 0.566835 0.969638 -1.380000
v 0.560481 0.978980 -1.390000
v 0.553418 0.988158 -1.400000
v 0.546354 0.997336 -1.410000
v 0.518683 0.997829 -1.420000
v 0.482582 0.994770 -1.430000
v 0.446481 0.991710 -1.440000
v 0.412658 0.982977 -1.450000
v 0.381266 0.968191 -1.460000
v 0.349874 0.953405 -1.470000
v 0.324152 0.936645 -1.480000
v 0.314734 0.914211 -1.490000
v 0.305316 0.891776 -1.500000
v 0.293241 0.867780 -1.510000
v 0.201418 0.796908 -1.520000
v 0.109595 0.726036 -1.530000
v 0.017772 0.655164 -1.540000
v 0.194937 0.636924 -1.550000
v 0.436658 0.631316 -1.560000
v 0.678379 0.625707 -1.570000
v 0.819392 0.599671 -1.580000
v 0.887671 0.558882 -1.590000
v 0.955949 0.518092 -1.600000
v 0.957949 0.480378 -1.610000
v 0.839443 0.448257 -1.620000
v 0.720937 0.416135 -1.630000
v 0.602937 0.383750 -1.640000
v 0.488355 0.349589 -1.650000
v 0.373773 0.315428 -1.660000
v 0.259190 0.281266 -1.670000
v 0.265114 0.251250 -1.680000
v 0.283949 0.221678 -1.690000
v 0.302785 0.192105 -1.700000
v 0.363620 0.166678 -1.710000
v 0.444455 0.143224 -1.720000
v 0.525291 0.119770 -1.730000
v 0.579899 0.098849 -1.740000
v 0.602658 0.081003 -1.750000
v 0.625418 0.063158 -1.760000
v 0.660050 0.048651 -1.770000
v 0.735392 0.045592 -1.780000
v 0.810734 0.042533 -1.790000
v 0.886076 0.039474 -1.800000
v 0.526582 0.000000 -0.820000
v 0.448886 0.031102 -0.830000
v 0.371190 0.062204 -0.840000
v 0.293494 0.093306 -0.850000
v 0.336101 0.118882 -0.860000
v 0.413798 0.142845 -0.870000
v 0.491494 0.166809 -0.880000
v 0.543797 0.184901 -0.890000
v 0.575190 0.198158 -0.900000
v 0.606582 0.211414 -0.910000
v 0.647595 0.229934 -0.920000
v 0.708810 0.259507 -0.930000
v 0.770025 0.289079 -0.940000
v 0.816430 0.316826 -0.950000
v 0.724608 0.327533 -0.960000
v 0.632785 0.338240 -0.970000
v 0.540962 0.348947 -0.980000
v 0.483316 0.362763 -0.990000
v 0.430734 0.377039 -1.000000
v 0.378152 0.391316 -1.010000
v 0.351392 0.407566 -1.020000
v 0.338835 0.424901 -1.030000
v 0.326278 0.442237 -1.040000
v 0.328203 0.458289 -1.050000
v 0.350177 0.472566 -1.060000
v 0.372152 0.486842 -1.070000
v 0.402785 0.501908 -1.080000
v 0.469494 0.520263 -1.090000
v 0.536203 0.538618 -1.100000
v 0.602911 0.556974 -1.110000
v 0.615696 0.577303 -1.120000
v 0.626684 0.597697 -1.130000
v 0.637671 0.618092 -1.140000
v 0.625949 0.642648 -1.150000
v 0.606329 0.668651 -1.160000
v 0.586709 0.694655 -1.170000
v 0.545215 0.704079 -1.180000
v 0.483215 0.697960 -1.190000
v 0.421215 0.691842 -1.200000
v 0.373570 0.691201 -1.210000
v 0.361013 0.703947 -1.220000
v 0.348456 0.716694 -1.230000
v 0.335443 0.729868 -1.240000
v 0.315823 0.749243 -1.250000
v 0.296203 0.768618 -1.260000
v 0.276582 0.787993 -1.270000
v 0.311595 0.806941 -1.280000
v 0.357114 0.825806 -1.290000
v 0.402633 0.844671 -1.300000
v 0.507797 0.849786 -1.310000
v 0.650633 0.846217 -1.320000
v 0.793468 0.842648 -1.330000
v 0.841823 0.851513 -1.340000
v 0.740583 0.880066 -1.350000
v 0.639342 0.908618 -1.360000
v 0.555063 0.934457 -1.370000
v 0.558987 0.946184 -1.380000
v 0.562911 0.957911 -1.390000
v 0.566835 0.969638 -1.400000
v 0.560481 0.978980 -1.410000
v 0.553418 0.988158 -1.420000
v 0.546354 0.997336 -1.430000
v 0.518683 0.997829 -1.440000
v 0.482582 0.994770 -1.450000
v 0.446481 0.991710 -1.460000
v 0.412658 0.982977 -1.470000
v 0.381266 0.968191 -1.480000
v 0.349874 0.953405 -1.490000
v 0.324152 0.936645 -1.500000
v 0.314734 0.914211 -1.510000
v 0.305316 0.891776 -1.520000
v 0.293241 0.867780 -1.530000
v 0.201418 0.796908 -1.540000
v 0.109595 0.726036 -1.550000
v 0.017772 0.655164 -1.560000
v 0.194937 0.636924 -1.570000
v 0.436658 0.631316 -1.580000
v 0.678379 0.625707 -1.590000
v 0.819392 0.599671 -1.600000
v 0.887671 0.558882 -1.610000
v 0.955949 0.518092 -1.620000
v 0.957949 0.480378 -1.630000
v 0.839443 0.448257 -1.640000
v 0.720937 0.416135 -1.650000
v 0.602937 0.383750 -1.660000
v 0.488355 0.349589 -1.670000
v 0.373773 0.315428 -1.680000
v 0.259190 0.281266 -1.690000
v 0.265114 0.251250 -1.700000
v 0.283949 0.221678 -1.710000
v 0.302785 0.192105 -1.720000
v 0.363620 0.166678 -1.730000
v 0.444455 0.143224 -1.740000
v 0.525291 0.119770 -1.750000
v 0.579899 0.098849 -1.760000
v 0.602658 0.081003 -1.770000
v 0.625418 0.063158 -1.780000
v 0.660050 0.048651 -1.790000
v 0.735392 0.045592 -1.800000
v 0.810734 0.042533 -1.810000
v 0.886076 0.039474 -1.820000
v 0.526582 0.000000 -0.840000
v 0.448886 0.031102 -0.850000
v 0.371190 0.062204 -0.860000
v 0.293494 0.093306 -0.870000
v 0.336101 0.118882 -0.880000
v 0.413798 0.142845 -0.890000
v 0.491494 0.166809 -0.900000
v 0.543797 0.184901 -0.910000
v 0.575190 0.198158 -0.920000
v 0.606582 0.211414 -0.930000
v 0.647595 0.229934 -0.940000
v 0.708810 0.259507 -0.950000
v 0.770025 0.289079 -0.960000
v 0.816430 0.316826 -0.970000
v 0.724608 0.327533 -0.980000
v 0.632785 0.338240 -0.990000
v 0.540962 0.348947 -1.000000
v 0.483316 0.362763 -1.010000
v 0.430734 0.377039 -1.020000
v 0.378152 0.391316 -1.030000
v 0.351392 0.407566 -1.040000
v 0.338835 0.424901 -1.050000
v 0.326278 0.442237 -1.060000
v 0.328203 0.458289 -1.070000
v 0.350177 0.472566 -1.080000
v 0.372152 0.486842 -1.090000
v 0.402785 0.501908 -1.100000
v 0.469494 0.520263 -1.110000
v 0.536203 0.538618 -1.120000
v 0.602911 0.556974 -1.130000
v 0.615696 0.577303 -1.140000
v 0.626684 0.597697 -1.150000
v 0.637671 0.618092 -1.160000
v 0.625949 0.642648 -1.170000
v 0.606329 0.668651 -1.180000
v 0.586709 0.694655 -1.190000
v 0.545215 0.704079 -1.200000
v 0.483215 0.697960 -1.210000
v 0.421215 0.691842 -1.220000
v 0.373570 0.691201 -1.230000
v 0.361013 0.703947 -1.240000
v 0.348456 0.716694 -1.250000
v 0.335443 0.729868 -1.260000
v 0.315823 0.749243 -1.270000
v 0.296203 0.768618 -1.280000
v 0.276582 0.787993 -1.290000
v 0.311595 0.806941 -1.300000
v 0.357114 0.825806 -1.310000
v 0.402633 0.844671 -1.320000
v 0.507797 0.849786 -1.330000
v 0.650633 0.846217 -1.340000
v 0.793468 0.842648 -1.350000
v 0.841823 0.851513 -1.360000
v 0.740583 0.880066 -1.370000
v 0.639342 0.908618 -1.380000
v 0.555063 0.934457 -1.390000
v 0.558987 0.946184 -1.400000
v 0.562911 0.957911 -1.410000
v 0.566835 0.969638 -1.420000
v 0.560481 0.978980 -1.430000
v 0.553418 0.988158 -1.440000
v 0.546354 0.997336 -1.450000
v 0.518683 0.997829 -1.460000
v 0.482582 0.994770 -1.470000
v 0.446481 0.991710 -1.480000
v 0.412658 0.982977 -1.490000
v 0.381266 0.968191 -1.500000
v 0.349874 0.953405 -1.510000
v 0.324152 0.936645 -1.520000
v 0.314734 0.914211 -1.530000
v 0.305316 0.891776 -1.540000
v 0.293241 0.867780 -1.550000
v 0.201418 0.796908 -1.560000
v 0.109595 0.726036 -1.570000
v 0.017772 0.655164 -1.580000
v 0.194937 0.636924 -1.590000
v 0.436658 0.631316 -1.600000
v 0.678379 0.625707 -1.610000
v 0.819392 0.599671 -1.620000
v 0.887671 0.558882 -1.630000
v 0.955949 0.518092 -1.640000
v 0.957949 0.480378 -1.650000
v 0.839443 0.448257 -1.660000
v 0.720937 0.416135 -1.670000
v 0.602937 0.383750 -1.680000
v 0.488355 0.349589 -1.690000
v 0.373773 0.315428 -1.700000
v 0.259190 0.281266 -1.710000
v 0.265114 0.251250 -1.720000
v 0.283949 0.221678 -1.730000
v 0.302785 0.192105 -1.740000
v 0.363620 0.166678 -1.750000
v 0.444455 0.143224 -1.760000
v 0.525291 0.119770 -1.770000
v 0.579899 0.098849 -1.780000
v 0.602658 0.081003 -1.790000
v 0.625418 0.063158 -1.800000
v 0.660050 0.048651 -1.810000
v 0.735392 0.045592 -1.820000
v 0.810734 0.042533 -1.830000
v 0.886076 0.039474 -1.840000
v 0.526582 0.000000 -0.860000
v 0.448886 0.031102 -0.870000
v 0.371190 0.062204 -0.880000
v 0.293494 0.093306 -0.890000
v 0.336101 0.118882 -0.900000
v 0.413798 0.142845 -0.910000
v 0.491494 0.166809 -0.920000
v 0.543797 0.184901 -0.930000
v 0.575190 0.198158 -0.940000
v 0.606582 0.211414 -0.950000
v 0.647595 0.229934 -0.960000
v 0.708810 0.259507 -0.970000
v 0.770025 0.289079 -0.980000
v 0.816430 0.316826 -0.990000
v 0.724608 0.327533 -1.000000
v 0.632785 0.338240 -1.010000
v 0.540962 0.348947 -1.020000
v 0.483316 0.362763 -1.030000
v 0.430734 0.377039 -1.040000
v 0.378152 0.391316 -1.050000
v 0.351392 0.407566 -1.060000
v 0.338835 0.424901 -1.070000
v 0.326278 0.442237 -1.080000
v 0.328203 0.458289 -1.090000
v 0.350177 0.472566 -1.100000
v 0.372152 0.486842 -1.110000
v 0.402785 0.501908 -1.120000
v 0.469494 0.520263 -1.130000
v 0.536203 0.538618 -1.140000
v 0.602911 0.556974 -1.150000
v 0.615696 0.577303 -1.160000
v 0.626684 0.597697 -1.170000
v 0.637671 0.618092 -1.180000
v 0.625949 0.642648 -1.190000
v 0.606329 0.668651 -1.200000
v 0.586709 0.694655 -1.210000
v 0.545215 0.704079 -1.220000
v 0.483215 0.697960 -1.230000
v 0.421215 0.691842 -1.240000
v 0.373570 0.691201 -1.250000
v 0.361013 0.703947 -1.260000
v 0.348456 0.716694 -1.270000
v 0.335443 0.729868 -1.280000
v 0.315823 0.749243 -1.290000
v 0.296203 0.768618 -1.300000
v 0.276582 0.787993 -1.310000
v 0.311595 0.806941 -1.320000
v 0.357114 0.825806 -1.330000
v 0.402633 0.844671 -1.340000
v 0.507797 0.849786 -1.350000
v 0.650633 0.846217 -1.360000
v 0.793468 0.842648 -1.370000
v 0.841823 0.851513 -1.380000
v 0.740583 0.880066 -1.390000
v 0.639342 0.908618 -1.400000
v 0.555063 0.934457 -1.410000
v 0.558987 0.946184 -1.420000
v 0.562911 0.957911 -1.430000
v 0.566835 0.969638 -1.440000
v 0.560481 0.978980 -1.450000
v 0.553418 0.988158 -1.460000
v 0.546354 0.997336 -1.470000
v 0.518683 0.997829 -1.480000
v 0.482582 0.994770 -1.490000
v 0.446481 0.991710 -1.500000
v 0.412658 0.982977 -1.510000
v 0.381266 0.968191 -1.520000
v 0.349874 0.953405 -1.530000
v 0.324152 0.936645 -1.540000
v 0.314734 0.914211 -1.550000
v 0.305316 0.891776 -1.560000
v 0.293241 0.867780 -1.570000
v 0.201418 0.796908 -1.580000
v 0.109595 0.726036 -1.590000
v 0.017772 0.655164 -1.600000
v 0.194937 0.636924 -1.610000
v 0.436658 0.631316 -1.620000
v 0.678379 0.625707 -1.630000
v 0.819392 0.599671 -1.640000
v 0.887671 0.558882 -1.650000
v 0.955949 0.518092 -1.660000
v 0.957949 0.480378 -1.670000
v 0.839443 0.448257 -1.680000
v 0.720937 0.416135 -1.690000
v 0.602937 0.383750 -1.700000
v 0.488355 0.349589 -1.710000
v 0.373773 0.315428 -1.720000
v 0.259190 0.281266 -1.730000
v 0.265114 0.251250 -1.740000
v 0.283949 0.221678 -1.750000
v 0.302785 0.192105 -1.760000
v 0.363620 0.166678 -1.770000
v 0.444455 0.143224 -1.780000
v 0.525291 0.119770 -1.790000
v 0.579899 0.098849 -1.800000
v 0.602658 0.081003 -1.810000
v 0.625418 0.063158 -1.820000
v 0.660050 0.048651 -1.830000
v 0.735392 0.045592 -1.840000
v 0.810734 0.042533 -1.850000
v 0.886076 0.039474 -1.860000
v 0.526582 0.000000 -0.880000
v 0.448886 0.031102 -0.890000
v 0.371190 0.062204 -0.900000
v 0.293494 0.093306 -0.910000
v 0.336101 0.118882 -0.920000
v 0.413798 0.142845 -0.930000
v 0.491494 0.166809 -0.940000
v 0.543797 0.184901 -0.950000
v 0.575190 0.198158 -0.960000
v 0.606582 0.211414 -0.970000
v 0.647595 0.229934 -0.980000
v 0.708810 0.259507 -0.990000
v 0.770025 0.289079 -1.000000
v 0.816430 0.316826 -1.010000
v 0.724608 0.327533 -1.020000
v 0.632785 0.338240 -1.030000
v 0.540962 0.348947 -1.040000
v 0.483316 0.362763 -1.050000
v 0.430734 0.377039 -1.060000
v 0.378152 0.391316 -1.070000
v 0.351392 0.407566 -1.080000
v 0.338835 0.424901 -1.090000
v 0.326278 0.442237 -1.100000
v 0.328203 0.458289 -1.110000
v 0.350177 0.472566 -1.120000
v 0.372152 0.486842 -1.130000
v 0.402785 0.501908 -1.140000
v 0.469494 0.520263 -1.150000
v 0.536203 0.538618 -1.160000
v 0.602911 0.556974 -1.170000
v 0.615696 0.577303 -1.180000
v 0.626684 0.597697 -1.190000
v 0.637671 0.618092 -1.200000
v 0.625949 0.642648 -1.210000
v 0.606329 0.668651 -1.220000
v 0.586709 0.694655 -1.230000
v 0.545215 0.704079 -1.240000
v 0.483215 0.697960 -1.250000
v 0.421215 0.691842 -1.260000
v 0.373570 0.691201 -1.270000
v 0.361013 0.703947 -1.280000
v 0.348456 0.716694 -1.290000
v 0.335443 0.729868 -1.300000
v 0.315823 0.749243 -1.310000
v 0.296203 0.768618 -1.320000
v 0.276582 0.787993 -1.330000
v 0.311595 0.806941 -1.340000
v 0.357114 0.825806 -1.350000
v 0.402633 0.844671 -1.360000
v 0.507797 0.849786 -1.370000
v 0.650633 0.846217 -1.380000
v 0.793468 0.842648 -1.390000
v 0.841823 0.851513 -1.400000
v 0.740583 0.880066 -1.410000
v 0.639342 0.908618 -1.420000
v 0.555063 0.934457 -1.430000
v 0.558987 0.946184 -1.440000
v 0.562911 0.957911 -1.450000
v 0.566835 0.969638 -1.460000
v 0.560481 0.978980 -1.470000
v 0.553418 0.988158 -1.480000
v 0.546354 0.997336 -1.490000
v 0.518683 0.997829 -1.500000
v 0.482582 0.994770 -1.510000
v 0.446481 0.991710 -1.520000
v 0.412658 0.982977 -1.530000
v 0.381266 0.968191 -1.540000
v 0.349874 0.953405 -1.550000
v 0.324152 0.936645 -1.560000
v 0.314734 0.914211 -1.570000
v 0.305316 0.891776 -1.580000
v 0.293241 0.867780 -1.590000
v 0.201418 0.796908 -1.600000
v 0.109595 0.726036 -1.610000
v 0.017772 0.655164 -1.620000
v 0.194937 0.636924 -1.630000
v 0.436658 0.631316 -1.640000
v 0.678379 0.625707 -1.650000
v 0.819392 0.599671 -1.660000
v 0.887671 0.558882 -1.670000
v 0.955949 0.518092 -1.680000
v 0.957949 0.480378 -1.690000
v 0.839443 0.448257 -1.700000
v 0.720937 0.416135 -1.710000
v 0.602937 0.383750 -1.720000
v 0.488355 0.349589 -1.730000
v 0.373773 0.315428 -1.740000
v 0.259190 0.281266 -1.750000
v 0.265114 0.251250 -1.760000
v 0.283949 0.221678 -1.770000
v 0.302785 0.192105 -1.780000
v 0.363620 0.166678 -1.790000
v 0.444455 0.143224 -1.800000
v 0.525291 0.119770 -1.810000
v 0.579899 0.098849 -1.820000
v 0.602658 0.081003 -1.830000
v 0.625418 0.063158 -1.840000
v 0.660050 0.048651 -1.850000
v 0.735392 0.045592 -1.860000
v 0.810734 0.042533 -1.870000
v 0.886076 0.039474 -1.880000
v 0.526582 0.000000 -0.900000
v 0.448886 0.031102 -0.910000
v 0.371190 0.062204 -0.920000
v 0.293494 0.093306 -0.930000
v 0.336101 0.118882 -0.940000
v 0.413798 0.142845 -0.950000
v 0.491494 0.166809 -0.960000
v 0.543797 0.184901 -0.970000
v 0.575190 0.198158 -0.980000
v 0.606582 0.211414 -0.990000
v 0.647595 0.229934 -1.000000
v 0.708810 0.259507 -1.010000
v 0.770025 0.289079 -1.020000
v 0.816430 0.316826 -1.030000
v 0.724608 0.327533 -1.040000
v 0.632785 0.338240 -1.050000
v 0.540962 0.348947 -1.060000
v 0.483316 0.362763 -1.070000
v 0.430734 0.377039 -1.080000
v 0.378152 0.391316 -1.090000
v 0.351392 0.407566 -1.100000
v 0.338835 0.424901 -1.110000
v 0.326278 0.442237 -1.120000
v 0.328203 0.458289 -1.130000
v 0.350177 0.472566 -1.140000
v 0.372152 0.486842 -1.150000
v 0.402785 0.501908 -1.160000
v 0.469494 0.520263 -1.170000
v 0.536203 0.538618 -1.180000
v 0.602911 0.556974 -1.190000
v 0.615696 0.577303 -1.200000
v 0.626684 0.597697 -1.210000
v 0.637671 0.618092 -1.220000
v 0.625949 0.642648 -1.230000
v 0.606329 0.668651 -1.240000
v 0.586709 0.694655 -1.250000
v 0.545215 0.704079 -1.260000
v 0.483215 0.697960 -1.270000
v 0.421215 0.691842 -1.280000
v 0.373570 0.691201 -1.290000
v 0.361013 0.703947 -1.300000
v 0.348456 0.716694 -1.310000
v 0.335443 0.729868 -1.320000
v 0.315823 0.749243 -1.330000
v 0.296203 0.768618 -1.340000
v 0.276582 0.787993 -1.350000
v 0.311595 0.806941 -1.360000
v 0.357114 0.825806 -1.370000
v 0.402633 0.844671 -1.380000
v 0.507797 0.849786 -1.390000
v 0.650633 0.846217 -1.400000
v 0.793468 0.842648 -1.410000
v 0.841823 0.851513 -1.420000
v 0.740583 0.880066 -1.430000
v 0.639342 0.908618 -1.440000
v 0.555063 0.934457 -1.450000
v 0.558987 0.946184 -1.460000
v 0.562911 0.957911 -1.470000
v 0.566835 0.969638 -1.480000
v 0.560481 0.978980 -1.490000
v 0.553418 0.988158 -1.500000
v 0.546354 0.997336 -1.510000
v 0.518683 0.997829 -1.520000
v 0.482582 0.994770 -1.530000
v 0.446481 0.991710 -1.540000
v 0.412658 0.982977 -1.550000
v 0.381266 0.968191 -1.560000
v 0.349874 0.953405 -1.570000
v 0.324152 0.936645 -1.580000
v 0.314734 0.914211 -1.590000
v 0.305316 0.891776 -1.600000
v 0.293241 0.867780 -1.610000
v 0.201418 0.796908 -1.620000
v 0.109595 0.726036 -1.630000
v 0.017772 0.655164 -1.640000
v 0.194937 0.636924 -1.650000
v 0.436658 0.631316 -1.660000
v 0.678379 0.625707 -1.670000
v 0.819392 0.599671 -1.680000
v 0.887671 0.558882 -1.690000
v 0.955949 0.518092 -1.700000
v 0.957949 0.480378 -1.710000
v 0.839443 0.448257 -1.720000
v 0.720937 0.416135 -1.730000
v 0.602937 0.383750 -1.740000
v 0.488355 0.349589 -1.750000
v 0.373773 0.315428 -1.760000
v 0.259190 0.281266 -1.770000
v 0.265114 0.251250 -1.780000
v 0.283949 0.221678 -1.790000
v 0.302785 0.192105 -1.800000
v 0.363620 0.166678 -1.810000
v 0.444455 0.143224 -1.820000
v 0.525291 0.119770 -1.830000
v 0.579899 0.098849 -1.840000
v 0.602658 0.081003 -1.850000
v 0.625418 0.063158 -1.860000
v 0.660050 0.048651 -1.870000
v 0.735392 0.045592 -1.880000
v 0.810734 0.042533 -1.890000
v 0.886076 0.039474 -1.900000
v 0.526582 0.000000 -0.920000
v 0.448886 0.031102 -0.930000
v 0.371190 0.062204 -0.940000
v 0.293494 0.093306 -0.950000
v 0.336101 0.118882 -0.960000
v 0.413798 0.142845 -0.970000
v 0.491494 0.166809 -0.980000
v 0.543797 0.184901 -0.990000
v 0.575190 0.198158 -1.000000
v 0.606582 0.211414 -1.010000
v 0.647595 0.229934 -1.020000
v 0.708810 0.259507 -1.030000
v 0.770025 0.289079 -1.040000
v 0.816430 0.316826 -1.050000
v 0.724608 0.327533 -1.060000
v 0.632785 0.338240 -1.070000
v 0.540962 0.348947 -1.080000
v 0.483316 0.362763 -1.090000
v 0.430734 0.377039 -1.100000
v 0.378152 0.391316 -1.110000
v 0.351392 0.407566 -1.120000
v 0.338835 0.424901 -1.130000
v 0.326278 0.442237 -1.140000
v 0.328203 0.458289 -1.150000
v 0.350177 0.472566 -1.160000
v 0.372152 0.486842 -1.170000
v 0.402785 0.501908 -1.180000
v 0.469494 0.520263 -1.190000
v 0.536203 0.538618 -1.200000
v 0.602911 0.556974 -1.210000
v 0.615696 0.577303 -1.220000
v 0.626684 0.597697 -1.230000
v 0.637671 0.618092 -1.240000
v 0.625949 0.642648 -1.250000
v 0.606329 0.668651 -1.260000
v 0.586709 0.694655 -1.270000
v 0.545215 0.704079 -1.280000
v 0.483215 0.697960 -1.290000
v 0.421215 0.691842 -1.300000
v 0.373570 0.691201 -1.310000
v 0.361013 0.703947 -1.320000
v 0.348456 0.716694 -1.330000
v 0.335443 0.729868 -1.340000
v 0.315823 0.749243 -1.350000
v 0.296203 0.768618 -1.360000
v 0.276582 0.787993 -1.370000
v 0.311595 0.806941 -1.380000
v 0.357114 0.825806 -1.390000
v 0.402633 0.844671 -1.400000
v 0.507797 0.849786 -1.410000
v 0.650633 0.846217 -1.420000
v 0.793468 0.842648 -1.430000
v 0.841823 0.851513 -1.440000
v 0.740583 0.880066 -1.450000
v 0.639342 0.908618 -1.460000
v 0.555063 0.934457 -1.470000
v 0.558987 0.946184 -1.480000
v 0.562911 0.957911 -1.490000
v 0.566835 0.969638 -1.500000
v 0.560481 0.978980 -1.510000
v 0.553418 0.988158 -1.520000
v 0.546354 0.997336 -1.530000
v 0.518683 0.997829 -1.540000
v 0.482582 0.994770 -1.550000
v 0.446481 0.991710 -1.560000
v 0.412658 0.982977 -1.570000
v 0.381266 0.968191 -1.580000
v 0.349874 0.953405 -1.590000
v 0.324152 0.936645 -1.600000
v 0.314734 0.914211 -1.610000
v 0.305316 0.891776 -1.620000
v 0.293241 0.867780 -1.630000
v 0.201418 0.796908 -1.640000
v 0.109595 0.726036 -1.650000
v 0.017772 0.655164 -1.660000
v 0.194937 0.636924 -1.670000
v 0.436658 0.631316 -1.680000
v 0.678379 0.625707 -1.690000
v 0.819392 0.599671 -1.700000
v 0.887671 0.558882 -1.710000
v 0.955949 0.518092 -1.720000
v 0.957949 0.480378 -1.730000
v 0.839443 0.448257 -1.740000
v 0.720937 0.416135 -1.750000
v 0.602937 0.383750 -1.760000
v 0.488355 0.349589 -1.770000
v 0.373773 0.315428 -1.780000
v 0.259190 0.281266 -1.790000
v 0.265114 0.251250 -1.800000
v 0.283949 0.221678 -1.810000
v 0.302785 0.192105 -1.820000
v 0.363620 0.166678 -1.830000
v 0.444455 0.143224 -1.840000
v 0.525291 0.119770 -1.850000
v 0.579899 0.098849 -1.860000
v 0.602658 0.081003 -1.870000
v 0.625418 0.063158 -1.880000
v 0.660050 0.048651 -1.890000
v 0.735392 0.045592 -1.900000
v 0.810734 0.042533 -1.910000
v 0.886076 0.039474 -1.920000
v 0.526582 0.000000 -0.940000
v 0.448886 0.031102 -0.950000
v 0.371190 0.062204 -0.960000
v 0.293494 0.093306 -0.970000
v 0.336101 0.118882 -0.980000
v 0.413798 0.142845 -0.990000
v 0.491494 0.166809 -1.000000
v 0.543797 0.184901 -1.010000
v 0.575190 0.198158 -1.020000
v 0.606582 0.211414 -1.030000
v 0.647595 0.229934 -1.040000
v 0.708810 0.259507 -1.050000
v 0.770025 0.289079 -1.060000
v 0.816430 0.316826 -1.070000
v 0.724608 0.327533 -1.080000
v 0.632785 0.338240 -1.090000
v 0.540962 0.348947 -1.100000
v 0.483316 0.362763 -1.110000
v 0.430734 0.377039 -1.120000
v 0.378152 0.391316 -1.130000
v 0.351392 0.407566 -1.140000
v 0.338835 0.424901 -1.150000
v 0.326278 0.442237 -1.160000
v 0.328203 0.458289 -1.170000
v 0.350177 0.472566 -1.180000
v 0.372152 0.486842 -1.190000
v 0.402785 0.501908 -1.200000
v 0.469494 0.520263 -1.210000
v 0.536203 0.538618 -1.220000
v 0.602911 0.556974 -1.230000
v 0.615696 0.577303 -1.240000
v 0.626684 0.597697 -1.250000
v 0.637671 0.618092 -1.260000
v 0.625949 0.642648 -1.270000
v 0.606329 0.668651 -1.280000
v 0.586709 0.694655 -1.290000
v 0.545215 0.704079 -1.300000
v 0.483215 0.697960 -1.310000
v 0.421215 0.691842 -1.320000
v 0.373570 0.691201 -1.330000
v 0.361013 0.703947 -1.340000
v 0.348456 0.716694 -1.350000
v 0.335443 0.729868 -1.360000
v 0.315823 0.749243 -1.370000
v 0.296203 0.768618 -1.380000
v 0.276582 0.787993 -1.390000
v 0.311595 0.806941 -1.400000
v 0.357114 0.825806 -1.410000
v 0.402633 0.844671 -1.420000
v 0.507797 0.849786 -1.430000
v 0.650633 0.846217 -1.440000
v 0.793468 0.842648 -1.450000
v 0.841823 0.851513 -1.460000
v 0.740583 0.880066 -1.470000
v 0.639342 0.908618 -1.480000
v 0.555063 0.934457 -1.490000
v 0.558987 0.946184 -1.500000
v 0.562911 0.957911 -1.510000
v 0.566835 0.969638 -1.520000
v 0.560481 0.978980 -1.530000
v 0.553418 0.988158 -1.540000
v 0.546354 0.997336 -1.550000
v 0.518683 0.997829 -1.560000
v 0.482582 0.994770 -1.570000
v 0.446481 0.991710 -1.580000
v 0.412658 0.982977 -1.590000
v 0.381266 0.968191 -1.600000
v 0.349874 0.953405 -1.610000
v 0.324152 0.936645 -1.620000
v 0.314734 0.914211 -1.630000
v 0.305316 0.891776 -1.640000
v 0.293241 0.867780 -1.650000
v 0.201418 0.796908 -1.660000
v 0.109595 0.726036 -1.670000
v 0.017772 0.655164 -1.680000
v 0.194937 0.636924 -1.690000
v 0.436658 0.631316 -1.700000
v 0.678379 0.625707 -1.710000
v 0.819392 0.599671 -1.720000
v 0.887671 0.558882 -1.730000
v 0.955949 0.518092 -1.740000
v 0.957949 0.480378 -1.750000
v 0.839443 0.448257 -1.760000
v 0.720937 0.416135 -1.770000
v 0.602937 0.383750 -1.780000
v 0.488355 0.349589 -1.790000
v 0.373773 0.315428 -1.800000
v 0.259190 0.281266 -1.810000
v 0.265114 0.251250 -1.820000
v 0.283949 0.221678 -1.830000
v 0.302785 0.192105 -1.840000
v 0.363620 0.166678 -1.850000
v 0.444455 0.143224 -1.860000
v 0.525291 0.119770 -1.870000
v 0.579899 0.098849 -1.880000
v 0.602658 0.081003 -1.890000
v 0.625418 0.063158 -1.900000
v 0.660050 0.048651 -1.910000
v 0.735392 0.045592 -1.920000
v 0.810734 0.042533 -1.930000
v 0.886076 0.039474 -1.940000
v 0.526582 0.000000 -0.960000
v 0.448886 0.031102 -0.970000
v 0.371190 0.062204 -0.980000
v 0.293494 0.093306 -0.990000
v 0.336101 0.118882 -1.000000
v 0.413798 0.142845 -1.010000
v 0.491494 0.166809 -1.020000
v 0.543797 0.184901 -1.030000
v 0.575190 0.198158 -1.040000
v 0.606582 0.211414 -1.050000
v 0.647595 0.229934 -1.060000
v 0.708810 0.259507 -1.070000
v 0.770025 0.289079 -1.080000
v 0.816430 0.316826 -1.090000
v 0.724608 0.327533 -1.100000
v 0.632785 0.338240 -1.110000
v 0.540962 0.348947 -1.120000
v 0.483316 0.362763 -1.130000
v 0.430734 0.377039 -1.140000
v 0.378152 0.391316 -1.150000
v 0.351392 0.407566 -1.160000
v 0.338835 0.424901 -1.170000
v 0.326278 0.442237 -1.180000
v 0.328203 0.458289 -1.190000
v 0.350177 0.472566 -1.200000
v 0.372152 0.486842 -1.210000
v 0.402785 0.501908 -1.220000
v 0.469494 0.520263 -1.230000
v 0.536203 0.538618 -1.240000
v 0.602911 0.556974 -1.250000
v 0.615696 0.577303 -1.260000
v 0.626684 0.597697 -1.270000
v 0.637671 0.618092 -1.280000
v 0.625949 0.642648 -1.290000
v 0.606329 0.668651 -1.300000
v 0.586709 0.694655 -1.310000
v 0.545215 0.704079 -1.320000
v 0.483215 0.697960 -1.330000
v 0.421215 0.691842 -1.340000
v 0.373570 0.691201 -1.350000
v 0.361013 0.703947 -1.360000
v 0.348456 0.716694 -1.370000
v 0.335443 0.729868 -1.380000
v 0.315823 0.749243 -1.390000
v 0.296203 0.768618 -1.400000
v 0.276582 0.787993 -1.410000
v 0.311595 0.806941 -1.420000
v 0.357114 0.825806 -1.430000
v 0.402633 0.844671 -1.440000
v 0.507797 0.849786 -1.450000
v 0.650633 0.846217 -1.460000
v 0.793468 0.842648 -1.470000
v 0.841823 0.851513 -1.480000
v 0.740583 0.880066 -1.490000
v 0.639342 0.908618 -1.500000
v 0.555063 0.934457 -1.510000
v 0.558987 0.946184 -1.520000
v 0.562911 0.957911 -1.530000
v 0.566835 0.969638 -1.540000
v 0.560481 0.978980 -1.550000
v 0.553418 0.988158 -1.560000
v 0.546354 0.997336 -1.570000
v 0.518683 0.997829 -1.580000
v 0.482582 0.994770 -1.590000
v 0.446481 0.991710 -1.600000
v 0.412658 0.982977 -1.610000
v 0.381266 0.968191 -1.620000
v 0.349874 0.953405 -1.630000
v 0.324152 0.936645 -1.640000
v 0.314734 0.914211 -1.650000
v 0.305316 0.891776 -1.660000
v 0.293241 0.867780 -1.670000
v 0.201418 0.796908 -1.680000
v 0.109595 0.726036 -1.690000
v 0.017772 0.655164 -1.700000
v 0.194937 0.636924 -1.710000
v 0.436658 0.631316 -1.720000
v 0.678379 0.625707 -1.730000
v 0.819392 0.599671 -1.740000
v 0.887671 0.558882 -1.750000
v 0.955949 0.518092 -1.760000
v 0.957949 0.480378 -1.770000
v 0.839443 0.448257 -1.780000
v 0.720937 0.416135 -1.790000
v 0.602937 0.383750 -1.800000
v 0.488355 0.349589 -1.810000
v 0.373773 0.315428 -1.820000
v 0.259190 0.281266 -1.830000
v 0.265114 0.251250 -1.840000
v 0.283949 0.221678 -1.850000
v 0.302785 0.192105 -1.860000
v 0.363620 0.166678 -1.870000
v 0.444455 0.143224 -1.880000
v 0.525291 0.119770 -1.890000
v 0.579899 0.098849 -1.900000
v 0.602658 0.081003 -1.910000
v 0.625418 0.063158 -1.920000
v 0.660050 0.048651 -1.930000
v 0.735392 0.045592 -1.940000
v 0.810734 0.042533 -1.950000
v 0.886076 0.039474 -1.960000
v 0.526582 0.000000 -0.980000
v 0.448886 0.031102 -0.990000
v 0.371190 0.062204 -1.000000
v 0.293494 0.093306 -1.010000
v 0.336101 0.118882 -1.020000
v 0.413798 0.142845 -1.030000
v 0.491494 0.166809 -1.040000
v 0.543797 0.184901 -1.050000
v 0.575190 0.198158 -1.060000
v 0.606582 0.211414 -1.070000
v 0.647595 0.229934 -1.080000
v 0.708810 0.259507 -1.090000
v 0.770025 0.289079 -1.100000
v 0.816430 0.316826 -1.110000
v 0.724608 0.327533 -1.120000
v 0.632785 0.338240 -1.130000
v 0.540962 0.348947 -1.140000
v 0.483316 0.362763 -1.150000
v 0.430734 0.377039 -1.160000
v 0.378152 0.391316 -1.170000
v 0.351392 0.407566 -1.180000
v 0.338835 0.424901 -1.190000
v 0.326278 0.442237 -1.200000
v 0.328203 0.458289 -1.210000
v 0.350177 0.472566 -1.220000
v 0.372152 0.486842 -1.230000
v 0.402785 0.501908 -1.240000
v 0.469494 0.520263 -1.250000
v 0.536203 0.538618 -1.260000
v 0.602911 0.556974 -1.270000
v 0.615696 0.577303 -1.280000
v 0.626684 0.597697 -1.290000
v 0.637671 0.618092 -1.300000
v 0.625949 0.642648 -1.310000
v 0.606329 0.668651 -1.320000
v 0.586709 0.694655 -1.330000
v 0.545215 0.704079 -1.340000
v 0.483215 0.697960 -1.350000
v 0.421215 0.691842 -1.360000
v 0.373570 0.691201 -1.370000
v 0.361013 0.703947 -1.380000
v 0.348456 0.716694 -1.390000
v 0.335443 0.729868 -1.400000
v 0.315823 0.749243 -1.410000
v 0.296203 0.768618 -1.420000
v 0.276582 0.787993 -1.430000
v 0.311595 0.806941 -1.440000
v 0.357114 0.825806 -1.450000
v 0.402633 0.844671 -1.460000
v 0.507797 0.849786 -1.470000
v 0.650633 0.846217 -1.480000
v 0.793468 0.842648 -1.490000
v 0.841823 0.851513 -1.500000
v 0.740583 0.880066 -1.510000
v 0.639342 0.908618 -1.520000
v 0.555063 0.934457 -1.530000
v 0.558987 0.946184 -1.540000
v 0.562911 0.957911 -1.550000
v 0.566835 0.969638 -1.560000
v 0.560481 0.978980 -1.570000
v 0.553418 0.988158 -1.580000
v 0.546354 0.997336 -1.590000
v 0.518683 0.997829 -1.600000
v 0.482582 0.994770 -1.610000
v 0.446481 0.991710 -1.620000
v 0.412658 0.982977 -1.630000
v 0.381266 0.968191 -1.640000
v 0.349874 0.953405 -1.650000
v 0.324152 0.936645 -1.660000
v 0.314734 0.914211 -1.670000
v 0.305316 0.891776 -1.680000
v 0.293241 0.867780 -1.690000
v 0.201418 0.796908 -1.700000
v 0.109595 0.726036 -1.710000
v 0.017772 0.655164 -1.720000
v 0.194937 0.636924 -1.730000
v 0.436658 0.631316 -1.740000
v 0.678379 0.625707 -1.750000
v 0.819392 0.599671 -1.760000
v 0.887671 0.558882 -1.770000
v 0.955949 0.518092 -1.780000
v 0.957949 0.480378 -1.790000
v 0.839443 0.448257 -1.800000
v 0.720937 0.416135 -1.810000
v 0.602937 0.383750 -1.820000
v 0.488355 0.349589 -1.830000
v 0.373773 0.315428 -1.840000
v 0.259190 0.281266 -1.850000
v 0.265114 0.251250 -1.860000
v 0.283949 0.221678 -1.870000
v 0.302785 0.192105 -1.880000
v 0.363620 0.166678 -1.890000
v 0.444455 0.143224 -1.900000
v 0.525291 0.119770 -1.910000
v 0.579899 0.098849 -1.920000
v 0.602658 0.081003 -1.930000
v 0.625418 0.063158 -1.940000
v 0.660050 0.048651 -1.950000
v 0.735392 0.045592 -1.960000
v 0.810734 0.042533 -1.970000
v 0.886076 0.039474 -1.980000
v 0.526582 0.000000 -1.000000
v 0.448886 0.031102 -1.010000
v 0.371190 0.062204 -1.020000
v 0.293494 0.093306 -1.030000
v 0.336101 0.118882 -1.040000
v 0.413798 0.142845 -1.050000
v 0.491494 0.166809 -1.060000
v 0.543797 0.184901 -1.070000
v 0.575190 0.198158 -1.080000
v 0.606582 0.211414 -1.090000
v 0.647595 0.229934 -1.100000
v 0.708810 0.259507 -1.110000
v 0.770025 0.289079 -1.120000
v 0.816430 0.316826 -1.130000
v 0.724608 0.327533 -1.140000
v 0.632785 0.338240 -1.150000
v 0.540962 0.348947 -1.160000
v 0.483316 0.362763 -1.170000
v 0.430734 0.377039 -1.180000
v 0.378152 0.391316 -1.190000
v 0.351392 0.407566 -1.200000
v 0.338835 0.424901 -1.210000
v 0.326278 0.442237 -1.220000
v 0.328203 0.458289 -1.230000
v 0.350177 0.472566 -1.240000
v 0.372152 0.486842 -1.250000
v 0.402785 0.501908 -1.260000
v 0.469494 0.520263 -1.270000
v 0.536203 0.538618 -1.280000
v 0.602911 0.556974 -1.290000
v 0.615696 0.577303 -1.300000
v 0.626684 0.597697 -1.310000
v 0.637671 0.618092 -1.320000
v 0.625949 0.642648 -1.330000
v 0.606329 0.668651 -1.340000
v 0.586709 0.694655 -1.350000
v 0.545215 0.704079 -1.360000
v 0.483215 0.697960 -1.370000
v 0.421215 0.691842 -1.380000
v 0.373570 0.691201 -1.390000
v 0.361013 0.703947 -1.400000
v 0.348456 0.716694 -1.410000
v 0.335443 0.729868 -1.420000
v 0.315823 0.749243 -1.430000
v 0.296203 0.768618 -1.440000
v 0.276582 0.787993 -1.450000
v 0.311595 0.806941 -1.460000
v 0.357114 0.825806 -1.470000
v 0.402633 0.844671 -1.480000
v 0.507797 0.849786 -1.490000
v 0.650633 0.846217 -1.500000
v 0.793468 0.842648 -1.510000
v 0.841823 0.851513 -1.520000
v 0.740583 0.880066 -1.530000
v 0.639342 0.908618 -1.540000
v 0.555063 0.934457 -1.550000
v 0.558987 0.946184 -1.560000
v 0.562911 0.957911 -1.570000
v 0.566835 0.969638 -1.580000
v 0.560481 0.978980 -1.590000
v 0.553418 0.988158 -1.600000
v 0.546354 0.997336 -1.610000
v 0.518683 0.997829 -1.620000
v 0.482582 0.994770 -1.630000
v 0.446481 0.991710 -1.640000
v 0.412658 0.982977 -1.650000
v 0.381266 0.968191 -1.660000
v 0.349874 0.953405 -1.670000
v 0.324152 0.936645 -1.680000
v 0.314734 0.914211 -1.690000
v 0.305316 0.891776 -1.700000
v 0.293241 0.867780 -1.710000
v 0.201418 0.796908 -1.720000
v 0.109595 0.726036 -1.730000
v 0.017772 0.655164 -1.740000
v 0.194937 0.636924 -1.750000
v 0.436658 0.631316 -1.760000
v 0.678379 0.625707 -1.770000
v 0.819392 0.599671 -1.780000
v 0.887671 0.558882 -1.790000
v 0.955949 0.518092 -1.800000
v 0.957949 0.480378 -1.810000
v 0.839443 0.448257 -1.820000
v 0.720937 0.416135 -1.830000
v 0.602937 0.383750 -1.840000
v 0.488355 0.349589 -1.850000
v 0.373773 0.315428 -1.860000
v 0.259190 0.281266 -1.870000
v 0.265114 0.251250 -1.880000
v 0.283949 0.221678 -1.890000
v 0.302785 0.192105 -1.900000
v 0.363620 0.166678 -1.910000
v 0.444455 0.143224 -1.920000
v 0.525291 0.119770 -1.930000
v 0.579899 0.098849 -1.940000
v 0.602658 0.081003 -1.950000
v 0.625418 0.063158 -1.960000
v 0.660050 0.048651 -1.970000
v 0.735392 0.045592 -1.980000
v 0.810734 0.042533 -1.990000
v 0.886076 0.039474 -2.000000
vn -0.3716 -0.9284 -0.0000
vn -0.5147 0.8574 -0.0000
vn -0.2947 0.9556 -0.0000
vn -0.3269 0.9451 -0.0000
vn -0.3890 0.9212 -0.0000
vn -0.4115 0.9114 -0.0000
vn -0.4350 0.9004 -0.0000
vn -0.5132 0.8583 -0.0000
vn -0.1158 -0.9933 -0.0000
vn -0.2331 -0.9725 -0.0000
vn -0.2620 -0.9651 -0.0000
vn -0.5191 -0.8547 -0.0000
vn -0.8099 -0.5866 -0.0000
vn -0.9929 0.1190 -0.0000
vn -0.5448 0.8386 -0.0000
vn -0.4413 0.8973 -0.0000
vn -0.2653 0.9642 -0.0000
vn -0.8465 0.5324 -0.0000
vn -0.8804 0.4743 -0.0000
vn -0.9025 -0.4308 -0.0000
vn -0.7983 -0.6023 -0.0000
vn -0.2215 -0.9752 -0.0000
vn 0.0982 -0.9952 -0.0000
vn 0.0135 -0.9999 -0.0000
vn -0.7124 -0.7018 -0.0000
vn -0.7115 -0.7027 -0.0000
vn -0.7026 -0.7115 -0.0000
vn -0.4759 0.8795 -0.0000
vn -0.3829 0.9238 -0.0000
vn -0.0486 0.9988 -0.0000
vn 0.0250 0.9997 -0.0000
vn -0.1803 0.9836 -0.0000
vn -0.2714 -0.9625 -0.0000
vn -0.2931 -0.9561 -0.0000
vn -0.9483 0.3173 -0.0000
vn -0.8269 -0.5624 -0.0000
vn -0.7925 -0.6099 -0.0000
vn -0.0178 -0.9998 -0.0000
vn 0.0844 -0.9964 -0.0000
vn 0.2500 -0.9682 -0.0000
vn 0.4261 -0.9047 -0.0000
vn 0.5459 -0.8378 -0.0000
vn 0.9221 -0.3871 -0.0000
vn 0.8933 -0.4495 -0.0000
vn 0.6110 -0.7916 -0.0000
vn 0.1024 0.9947 -0.0000
vn 0.0232 0.9997 -0.0000
vn 0.1816 0.9834 -0.0000
vn 0.5129 0.8585 -0.0000
vn 0.9986 0.0530 -0.0000
vn 0.2616 -0.9652 -0.0000
vn 0.2647 -0.9643 -0.0000
vn 0.2857 -0.9583 -0.0000
vn 0.9811 0.1936 -0.0000
vn 0.8434 0.5372 -0.0000
vn 0.3856 0.9226 -0.0000
vn 0.2787 0.9604 -0.0000
vn 0.3578 0.9338 -0.0000
vn 0.6170 0.7869 -0.0000
vn 0.3863 0.9224 -0.0000
vn 0.0406 0.9992 -0.0000
vn 0.9220 -0.3871 -0.0000
vn -0.5190 -0.8547 -0.0000
s 0
f 1//1 2//1 103//1 102//1
f 2//1 3//1 104//1 103//1
f 3//1 4//1 105//1 104//1
f 4//2 5//2 106//2 105//2
f 5//3 6//3 107//3 106//3
f 6//3 7//3 108//3 107//3
f 7//4 8//4 109//4 108//4
f 8//5 9//5 110//5 109//5
f 9//5 10//5 111//5 110//5
f 10//6 11//6 112//6 111//6
f 11//7 12//7 113//7 112//7
f 12//7 13//7 114//7 113//7
f 13//8 14//8 115//8 114//8
f 14//9 15//9 116//9 115//9
f 15//9 16//9 117//9 116//9
f 16//9 17//9 118//9 117//9
f 17//10 18//10 119//10 118//10
f 18//11 19//11 120//11 119//11
f 19//11 20//11 121//11 120//11
f 20//12 21//12 122//12 121//12
f 21//13 22//13 123//13 122//13
f 22//13 23//13 124//13 123//13
f 23//14 24//14 125//14 124//14
f 24//15 25//15 126//15 125//15
f 25//15 26//15 127//15 126//15
f 26//16 27//16 128//16 127//16
f 27//17 28//17 129//17 128//17
f 28//17 29//17 130//17 129//17
f 29//17 30//17 131//17 130//17
f 30//18 31//18 132//18 131//18
f 31//19 32//19 133//19 132//19
f 32//19 33//19 134//19 133//19
f 33//20 34//20 135//20 134//20
f 34//21 35//21 136//21 135//21
f 35//21 36//21 137//21 136//21
f 36//22 37//22 138//22 137//22
f 37//23 38//23 139//23 138//23
f 38//23 39//23 140//23 139//23
f 39//24 40//24 141//24 140//24
f 40//25 41//25 142//25 141//25
f 41//25 42//25 143//25 142//25
f 42//26 43//26 144//26 143//26
f 43//27 44//27 145//27 144//27
f 44//27 45//27 146//27 145//27
f 45//27 46//27 147//27 146//27
f 46//28 47//28 148//28 147//28
f 47//29 48//29 149//29 148//29
f 48//29 49//29 150//29 149//29
f 49//30 50//30 151//30 150//30
f 50//31 51//31 152//31 151//31
f 51//31 52//31 153//31 152//31
f 52//32 53//32 154//32 153//32
f 53//33 54//33 155//33 154//33
f 54//33 55//33 156//33 155//33
f 55//34 56//34 157//34 156//34
f 56//35 57//35 158//35 157//35
f 57//35 58//35 159//35 158//35
f 58//35 59//35 160//35 159//35
f 59//36 60//36 161//36 160//36
f 60//37 61//37 162//37 161//37
f 61//37 62//37 163//37 162//37
f 62//38 63//38 164//38 163//38
f 63//39 64//39 165//39 164//39
f 64//39 65//39 166//39 165//39
f 65//40 66//40 167//40 166//40
f 66//41 67//41 168//41 167//41
f 67//41 68//41 169//41 168//41
f 68//42 69//42 170//42 169//42
f 69//43 70//43 171//43 170//43
f 70//43 71//43 172//43 171//43
f 71//44 72//44 173//44 172//44
f 72//45 73//45 174//45 173//45
f 73//45 74//45 175//45 174//45
f 74//45 75//45 176//45 175//45
f 75//46 76//46 177//46 176//46
f 76//47 77//47 178//47 177//47
f 77//47 78//47 179//47 178//47
f 78//48 79//48 180//48 179//48
f 79//49 80//49 181//49 180//49
f 80//49 81//49 182//49 181//49
f 81//50 82//50 183//50 182//50
f 82//51 83//51 184//51 183//51
f 83//51 84//51 185//51 184//51
f 84//52 85//52 186//52 185//52
f 85//53 86//53 187//53 186//53
f 86//53 87//53 188//53 187//53
f 87//53 88//53 189//53 188//53
f 88//54 89//54 190//54 189//54
f 89//55 90//55 191//55 190//55
f 90//55 91//55 192//55 191//55
f 91//56 92//56 193//56 192//56
f 92//57 93//57 194//57 193//57
f 93//57 94//57 195//57 194//57
f 94//58 95//58 196//58 195//58
f 95//59 96//59 197//59 196//59
f 96//59 97//59 198//59 197//59
f 97//60 98//60 199//60 198//60
f 98//61 99//61 200//61 199//61
f 99//61 100//61 201//61 200//61
f 100//61 101//61 202//61 201//61
f 102//1 103//1 204//1 203//1
f 103//1 104//1 205//1 204//1
f 104//1 105//1 206//1 205//1
f 105//2 106//2 207//2 206//2
f 106//3 107//3 208//3 207//3
f 107//3 108//3 209//3 208//3
f 108//4 109//4 210//4 209//4
f 109//5 110//5 211//5 210//5
f 110//5 111//5 212//5 211//5
f 111//6 112//6 213//6 212//6
f 112//7 113//7 214//7 213//7
f 113//7 114//7 215//7 214//7
f 114//8 115//8 216//8 215//8
f 115//9 116//9 217//9 216//9
f 116//9 117//9 218//9 217//9
f 117//9 118//9 219//9 218//9
f 118//10 119//10 220//10 219//10
f 119//11 120//11 221//11 220//11
f 120//11 121//11 222//11 221//11
f 121//12 122//12 223//12 222//12
f 122//13 123//13 224//13 223//13
f 123//13 124//13 225//13 224//13
f 124//14 125//14 226//14 225//14
f 125//15 126//15 227//15 226//15
f 126//15 127//15 228//15 227//15
f 127//16 128//16 229//16 228//16
f 128//17 129//17 230//17 229//17
f 129//17 130//17 231//17 230//17
f 130//17 131//17 232//17 231//17
f 131//18 132//18 233//18 232//18
f 132//19 133//19 234//19 233//19
f 133//19 134//19 235//19 234//19
f 134//20 135//20 236//20 235//20
f 135//21 136//21 237//21 236//21
f 136//21 137//21 238//21 237//21
f 137//22 138//22 239//22 238//22
f 138//23 139//23 240//23 239//23
f 139//23 140//23 241//23 240//23
f 140//24 141//24 242//24 241//24
f 141//25 142//25 243//25 242//25
f 142//25 143//25 244//25 243//25
f 143//26 144//26 245//26 244//26
f 144//27 145//27 246//27 245//27
f 145//27 146//27 247//27 246//27
f 146//27 147//27 248//27 247//27
f 147//28 148//28 249//28 248//28
f 148//29 149//29 250//29 249//29
f 149//29 150//29 251//29 250//29
f 150//30 151//30 252//30 251//30
f 151//31 152//31 253//31 252//31
f 152//31 153//31 254//31 253//31
f 153//32 154//32 255//32 254//32
f 154//33 155//33 256//33 255//33
f 155//33 156//33 257//33 256//33
f 156//34 157//34 258//34 257//34
f 157//35 158//35 259//35 258//35
f 158//35 159//35 260//35 259//35
f 159//35 160//35 261//35 260//35
f 160//36 161//36 262//36 261//36
f 161//37 162//37 263//37 262//37
f 162//37 163//37 264//37 263//37
f 163//38 164//38 265//38 264//38
f 164//39 165//39 266//39 265//39
f 165//39 166//39 267//39 266//39
f 166//40 167//40 268//40 267//40
f 167//41 168//41 269//41 268//41
f 168//41 169//41 270//41 269//41
f 169//42 170//42 271//42 270//42
f 170//43 171//43 272//43 271//43
f 171//43 172//43 273//43 272//43
f 172//44 173//44 274//44 273//44
f 173//45 174//45 275//45 274//45
f 174//45 175//45 276//45 275//45
f 175//45 176//45 277//45 276//45
f 176//46 177//46 278//46 277//46
f 177//47 178//47 279//47 278//47
f 178//47 179//47 280//47 279//47
f 179//48 180//48 281//48 280//48
f 180//49 181//49 282//49 281//49
f 181//49 182//49 283//49 282//49
f 182//50 183//50 284//50 283//50
f 183//51 184//51 285//51 284//51
f 184//51 185//51 286//51 285//51
f 185//52 186//52 287//52 286//52
f 186//53 187//53 288//53 287//53
f 187//53 188//53 289//53 288//53
f 188//53 189//53 290//53 289//53
f 189//54 190//54 291//54 290//54
f 190//55 191//55 292//55 291//55
f 191//55 192//55 293//55 292//55
f 192//56 193//56 294//56 293//56
f 193//57 194//57 295//57 294//57
f 194//57 195//57 296//57 295//57
f 195//58 196//58 297//58 296//58
f 196//59 197//59 298//59 297//59
f 197//59 198//59 299//59 298//59
f 198//60 199//60 300//60 299//60
f 199//61 200//61 301//61 300//61
f 200//61 201//61 302//61 301//61
f 201//61 202//61 303//61 302//61
f 203//1 204//1 305//1 304//1
f 204//1 205//1 306//1 305//1
f 205//1 206//1 307//1 306//1
f 206//2 207//2 308//2 307//2
f 207//3 208//3 309//3 308//3
f 208//3 209//3 310//3 309//3
f 209//4 210//4 311//4 310//4
f 210//5 211//5 312//5 311//5
f 211//5 212//5 313//5 312//5
f 212//6 213//6 314//6 313//6
f 213//7 214//7 315//7 314//7
f 214//7 215//7 316//7 315//7
f 215//8 216//8 317//8 316//8
f 216//9 217//9 318//9 317//9
f 217//9 218//9 319//9 318//9
f 218//9 219//9 320//9 319//9
f 219//10 220//10 321//10 320//10
f 220//11 221//11 322//11 321//11
f 221//11 222//11 323//11 322//11
f 222//12 223//12 324//12 323//12
f 223//13 224//13 325//13 324//13
f 224//13 225//13 326//13 325//13
f 225//14 226//14 327//14 326//14
f 226//15 227//15 328//15 327//15
f 227//15 228//15 329//15 328//15
f 228//16 229//16 330//16 329//16
f 229//17 230//17 331//17 330//17
f 230//17 231//17 332//17 331//17
f 231//17 232//17 333//17 332//17
f 232//18 233//18 334//18 333//18
f 233//19 234//19 335//19 334//19
f 234//19 235//19 336//19 335//19
f 235//20 236//20 337//20 336//20
f 236//21 237//21 338//21 337//21
f 237//21 238//21 339//21 338//21
f 238//22 239//22 340//22 339//22
f 239//23 240//23 341//23 340//23
f 240//23 241//23 342//23 341//23
f 241//24 242//24 343//24 342//24
f 242//25 243//25 344//25 343//25
f 243//25 244//25 345//25 344//25
f 244//26 245//26 346//26 345//26
f 245//27 246//27 347//27 346//27
f 246//27 247//27 348//27 347//27
f 247//27 248//27 349//27 348//27
f 248//28 249//28 350//28 349//28
f 249//29 250//29 351//29 350//29
f 250//29 251//29 352//29 351//29
f 251//30 252//30 353//30 352//30
f 252//31 253//31 354//31 353//31
f 253//31 254//31 355//31 354//31
f 254//32 255//32 356//32 355//32
f 255//33 256//33 357//33 356//33
f 256//33 257//33 358//33 357//33
f 257//34 258//34 359//34 358//34
f 258//35 259//35 360//35 359//35
f 259//35 260//35 361//35 360//35
f 260//35 261//35 362//35 361//35
f 261//36 262//36 363//36 362//36
f 262//37 263//37 364//37 363//37
f 263//37 264//37 365//37 364//37
f 264//38 265//38 366//38 365//38
f 265//39 266//39 367//39 366//39
f 266//39 267//39 368//39 367//39
f 267//40 268//40 369//40 368//40
f 268//41 269//41 370//41 369//41
f 269//41 270//41 371//41 370//41
f 270//42 271//42 372//42 371//42
f 271//43 272//43 373//43 372//43
f 272//43 273//43 374//43 373//43
f 273//44 274//44 375//44 374//44
f 274//45 275//45 376//45 375//45
f 275//45 276//45 377//45 376//45
f 276//45 277//45 378//45 377//45
f 277//46 278//46 379//46 378//46
f 278//47 279//47 380//47 379//47
f 279//47 280//47 381//47 380//47
f 280//48 281//48 382//48 381//48
f 281//49 282//49 383//49 382//49
f 282//49 283//49 384//49 383//49
f 283//50 284//50 385//50 384//50
f 284//51 285//51 386//51 385//51
f 285//51 286//51 387//51 386//51
f 286//52 287//52 388//52 387//52
f 287//53 288//53 389//53 388//53
f 288//53 289//53 390//53 389//53
f 289//53 290//53 391//53 390//53
f 290//54 291//54 392//54 391//54
f 291//55 292//55 393//55 392//55
f 292//55 293//55 394//55 393//55
f 293//56 294//56 395//56 394//56
f 294//57 295//57 396//57 395//57
f 295//57 296//57 397//57 396//57
f 296//58 297//58 398//58 397//58
f 297//59 298//59 399//59 398//59
f 298//59 299//59 400//59 399//59
f 299//60 300//60 401//60 400//60
f 300//61 301//61 402//61 401//61
f 301//61 302//61 403//61 402//61
f 302//61 303//61 404//61 403//61
f 304//1 305//1 406//1 405//1
f 305//1 306//1 407//1 406//1
f 306//1 307//1 408//1 407//1
f 307//2 308//2 409//2 408//2
f 308//3 309//3 410//3 409//3
f 309//3 310//3 411//3 410//3
f 310//4 311//4 412//4 411//4
f 311//5 312//5 413//5 412//5
f 312//5 313//5 414//5 413//5
f 313//6 314//6 415//6 414//6
f 314//7 315//7 416//7 415//7
f 315//7 316//7 417//7 416//7
f 316//8 317//8 418//8 417//8
f 317//9 318//9 419//9 418//9
f 318//9 319//9 420//9 419//9
f 319//9 320//9 421//9 420//9
f 320//10 321//10 422//10 421//10
f 321//11 322//11 423//11 422//11
f 322//11 323//11 424//11 423//11
f 323//12 324//12 425//12 424//12
f 324//13 325//13 426//13 425//13
f 325//13 326//13 427//13 426//13
f 326//14 327//14 428//14 427//14
f 327//15 328//15 429//15 428//15
f 328//15 329//15 430//15 429//15
f 329//16 330//16 431//16 430//16
f 330//17 331//17 432//17 431//17
f 331//17 332//17 433//17 432//17
f 332//17 333//17 434//17 433//17
f 333//18 334//18 435//18 434//18
f 334//19 335//19 436//19 435//19
f 335//19 336//19 437//19 436//19
f 336//20 337//20 438//20 437//20
f 337//21 338//21 439//21 438//21
f 338//21 339//21 440//21 439//21
f 339//22 340//22 441//22 440//22
f 340//23 341//23 442//23 441//23
f 341//23 342//23 443//23 442//23
f 342//24 343//24 444//24 443//24
f 343//25 344//25 445//25 444//25
f 344//25 345//25 446//25 445//25
f 345//26 346//26 447//26 446//26
f 346//27 347//27 448//27 447//27
f 347//27 348//27 449//27 448//27
f 348//27 349//27 450//27 449//27
f 349//28 350//28 451//28 450//28
f 350//29 351//29 452//29 451//29
f 351//29 352//29 453//29 452//29
f 352//30 353//30 454//30 453//30
f 353//31 354//31 455//31 454//31
f 354//31 355//31 456//31 455//31
f 355//32 356//32 457//32 456//32
f 356//33 357//33 458//33 457//33
f 357//33 358//33 459//33 458//33
f 358//34 359//34 460//34 459//34
f 359//35 360//35 461//35 460//35
f 360//35 361//35 462//35 461//35
f 361//35 362//35 463//35 462//35
f 362//36 363//36 464//36 463//36
f 363//37 364//37 465//37 464//37
f 364//37 365//37 466//37 465//37
f 365//38 366//38 467//38 466//38
f 366//39 367//39 468//39 467//39
f 367//39 368//39 469//39 468//39
f 368//40 369//40 470//40 469//40
f 369//41 370//41 471//41 470//41
f 370//41 371//41 472//41 471//41
f 371//42 372//42 473//42 472//42
f 372//43 373//43 474//43 473//43
f 373//43 374//43 475//43 474//43
f 374//44 375//44 476//44 475//44
f 375//45 376//45 477//45 476//45
f 376//45 377//45 478//45 477//45
f 377//45 378//45 479//45 478//45
f 378//46 379//46 480//46 479//46
f 379//47 380//47 481//47 480//47
f 380//47 381//47 482//47 481//47
f 381//48 382//48 483//48 482//48
f 382//49 383//49 484//49 483//49
f 383//49 384//49 485//49 484//49
f 384//50 385//50 486//50 485//50
f 385//51 386//51 487//51 486//51
f 386//51 387//51 488//51 487//51
f 387//52 388//52 489//52 488//52
f 388//53 389//53 490//53 489//53
f 389//53 390//53 491//53 490//53
f 390//53 391//53 492//53 491//53
f 391//54 392//54 493//54 492//54
f 392//55 393//55 494//55 493//55
f 393//55 394//55 495//55 494//55
f 394//56 395//56 496//56 495//56
f 395//57 396//57 497//57 496//57
f 396//57 397//57 498//57 497//57
f 397//58 398//58 499//58 498//58
f 398//59 399//59 500//59 499//59
f 399//59 400//59 501//59 500//59
f 400//60 401//60 502//60 501//60
f 401//61 402//61 503//61 502//61
f 402//61 403//61 504//61 503//61
f 403//61 404//61 505//61 504//61
f 405//1 406//1 507//1 506//1
f 406//1 407//1 508//1 507//1
f 407//1 408//1 509//1 508//1
f 408//2 409//2 510//2 509//2
f 409//3 410//3 511//3 510//3
f 410//3 411//3 512//3 511//3
f 411//4 412//4 513//4 512//4
f 412//5 413//5 514//5 513//5
f 413//5 414//5 515//5 514//5
f 414//6 415//6 516//6 515//6
f 415//7 416//7 517//7 516//7
f 416//7 417//7 518//7 517//7
f 417//8 418//8 519//8 518//8
f 418//9 419//9 520//9 519//9
f 419//9 420//9 521//9 520//9
f 420//9 421//9 522//9 521//9
f 421//10 422//10 523//10 522//10
f 422//11 423//11 524//11 523//11
f 423//11 424//11 525//11 524//11
f 424//12 425//12 526//12 525//12
f 425//13 426//13 527//13 526//13
f 426//13 427//13 528//13 527//13
f 427//14 428//14 529//14 528//14
f 428//15 429//15 530//15 529//15
f 429//15 430//15 531//15 530//15
f 430//16 431//16 532//16 531//16
f 431//17 432//17 533//17 532//17
f 432//17 433//17 534//17 533//17
f 433//17 434//17 535//17 534//17
f 434//18 435//18 536//18 535//18
f 435//19 436//19 537//19 536//19
f 436//19 437//19 538//19 537//19
f 437//20 438//20 539//20 538//20
f 438//21 439//21 540//21 539//21
f 439//21 440//21 541//21 540//21
f 440//22 441//22 542//22 541//22
f 441//23 442//23 543//23 542//23
f 442//23 443//23 544//23 543//23
f 443//24 444//24 545//24 544//24
f 444//25 445//25 546//25 545//25
f 445//25 446//25 547//25 546//25
f 446//26 447//26 548//26 547//26
f 447//27 448//27 549//27 548//27
f 448//27 449//27 550//27 549//27
f 449//27 450//27 551//27 550//27
f 450//28 451//28 552//28 551//28
f 451//29 452//29 553//29 552//29
f 452//29 453//29 554//29 553//29
f 453//30 454//30 555//30 554//30
f 454//31 455//31 556//31 555//31
f 455//31 456//31 557//31 556//31
f 456//32 457//32 558//32 557//32
f 457//33 458//33 559//33 558//33
f 458//33 459//33 560//33 559//33
f 459//34 460//34 561//34 560//34
f 460//35 461//35 562//35 561//35
f 461//35 462//35 563//35 562//35
f 462//35 463//35 564//35 563//35
f 463//36 464//36 565//36 564//36
f 464//37 465//37 566//37 565//37
f 465//37 466//37 567//37 566//37
f 466//38 467//38 568//38 567//38
f 467//39 468//39 569//39 568//39
f 468//39 469//39 570//39 569//39
f 469//40 470//40 571//40 570//40
f 470//41 471//41 572//41 571//41
f 471//41 472//41 573//41 572//41
f 472//42 473//42 574//42 573//42
f 473//43 474//43 575//43 574//43
f 474//43 475//43 576//43 575//43
f 475//44 476//44 577//44 576//44
f 476//45 477//45 578//45 577//45
f 477//45 478//45 579//45 578//45
f 478//45 479//45 580//45 579//45
f 479//46 480//46 581//46 580//46
f 480//47 481//47 582//47 581//47
f 481//47 482//47 583//47 582//47
f 482//48 483//48 584//48 583//48
f 483//49 484//49 585//49 584//49
f 484//49 485//49 586//49 585//49
f 485//50 486//50 587//50 586//50
f 486//51 487//51 588//51 587//51
f 487//51 488//51 589//51 588//51
f 488//52 489//52 590//52 589//52
f 489//53 490//53 591//53 590//53
f 490//53 491//53 592//53 591//53
f 491//53 492//53 593//53 592//53
f 492//54 493//54 594//54 593//54
f 493//55 494//55 595//55 594//55
f 494//55 495//55 596//55 595//55
f 495//56 496//56 597//56 596//56
f 496//57 497//57 598//57 597//57
f 497//57 498//57 599//57 598//57
f 498//58 499//58 600//58 599//58
f 499//59 500//59 601//59 600//59
f 500//59 501//59 602//59 601//59
f 501//60 502//60 603//60 602//60
f 502//61 503//61 604//61 603//61
f 503//61 504//61 605//61 604//61
f 504//61 505//61 606//61 605//61
f 506//1 507//1 608//1 607//1
f 507//1 508//1 609//1 608//1
f 508//1 509//1 610//1 609//1
f 509//2 510//2 611//2 610//2
f 510//3 511//3 612//3 611//3
f 511//3 512//3 613//3 612//3
f 512//4 513//4 614//4 613//4
f 513//5 514//5 615//5 614//5
f 514//5 515//5 616//5 615//5
f 515//6 516//6 617//6 616//6
f 516//7 517//7 618//7 617//7
f 517//7 518//7 619//7 618//7
f 518//8 519//8 620//8 619//8
f 519//9 520//9 621//9 620//9
f 520//9 521//9 622//9 621//9
f 521//9 522//9 623//9 622//9
f 522//10 523//10 624//10 623//10
f 523//11 524//11 625//11 624//11
f 524//11 525//11 626//11 625//11
f 525//12 526//12 627//12 626//12
f 526//13 527//13 628//13 627//13
f 527//13 528//13 629//13 628//13
f 528//14 529//14 630//14 629//14
f 529//15 530//15 631//15 630//15
f 530//15 531//15 632//15 631//15
f 531//16 532//16 633//16 632//16
f 532//17 533//17 634//17 633//17
f 533//17 534//17 635//17 634//17
f 534//17 535//17 636//17 635//17
f 535//18 536//18 637//18 636//18
f 536//19 537//19 638//19 637//19
f 537//19 538//19 639//19 638//19
f 538//20 539//20 640//20 639//20
f 539//21 540//21 641//21 640//21
f 540//21 541//21 642//21 641//21
f 541//22 542//22 643//22 642//22
f 542//23 543//23 644//23 643//23
f 543//23 544//23 645//23 644//23
f 544//24 545//24 646//24 645//24
f 545//25 546//25 647//25 646//25
f 546//25 547//25 648//25 647//25
f 547//26 548//26 649//26 648//26
f 548//27 549//27 650//27 649//27
f 549//27 550//27 651//27 650//27
f 550//27 551//27 652//27 651//27
f 551//28 552//28 653//28 652//28
f 552//29 553//29 654//29 653//29
f 553//29 554//29 655//29 654//29
f 554//30 555//30 656//30 655//30
f 555//31 556//31 657//31 656//31
f 556//31 557//31 658//31 657//31
f 557//32 558//32 659//32 658//32
f 558//33 559//33 660//33 659//33
f 559//33 560//33 661//33 660//33
f 560//34 561//34 662//34 661//34
f 561//35 562//35 663//35 662//35
f 562//35 563//35 664//35 663//35
f 563//35 564//35 665//35 664//35
f 564//36 565//36 666//36 665//36
f 565//37 566//37 667//37 666//37
f 566//37 567//37 668//37 667//37
f 567//38 568//38 669//38 668//38
f 568//39 569//39 670//39 669//39
f 569//39 570//39 671//39 670//39
f 570//40 571//40 672//40 671//40
f 571//41 572//41 673//41 672//41
f 572//41 573//41 674//41 673//41
f 573//42 574//42 675//42 674//42
f 574//43 575//43 676//43 675//43
f 575//43 576//43 677//43 676//43
f 576//44 577//44 678//44 677//44
f 577//45 578//45 679//45 678//45
f 578//45 579//45 680//45 679//45
f 579//45 580//45 681//45 680//45
f 580//46 581//46 682//46 681//46
f 581//47 582//47 683//47 682//47
f 582//47 583//47 684//47 683//47
f 583//48 584//48 685//48 684//48
f 584//49 585//49 686//49 685//49
f 585//49 586//49 687//49 686//49
f 586//50 587//50 688//50 687//50
f 587//51 588//51 689//51 688//51
f 588//51 589//51 690//51 689//51
f 589//52 590//52 691//52 690//52
f 590//53 591//53 692//53 691//53
f 591//53 592//53 693//53 692//53
f 592//53 593//53 694//53 693//53
f 593//54 594//54 695//54 694//54
f 594//55 595//55 696//55 695//55
f 595//55 596//55 697//55 696//55
f 596//56 597//56 698//56 697//56
f 597//57 598//57 699//57 698//57
f 598//57 599//57 700//57 699//57
f 599//58 600//58 701//58 700//58
f 600//59 601//59 702//59 701//59
f 601//59 602//59 703//59 702//59
f 602//60 603//60 704//60 703//60
f 603//61 604//61 705//61 704//61
f 604//61 605//61 706//61 705//61
f 605//61 606//61 707//61 706//61
f 607//1 608//1 709//1 708//1
f 608//1 609//1 710//1 709//1
f 609//1 610//1 711//1 710//1
f 610//2 611//2 712//2 711//2
f 611//3 612//3 713//3 712//3
f 612//3 613//3 714//3 713//3
f 613//4 614//4 715//4 714//4
f 614//5 615//5 716//5 715//5
f 615//5 616//5 717//5 716//5
f 616//6 617//6 718//6 717//6
f 617//7 618//7 719//7 718//7
f 618//7 619//7 720//7 719//7
f 619//8 620//8 721//8 720//8
f 620//9 621//9 722//9 721//9
f 621//9 622//9 723//9 722//9
f 622//9 623//9 724//9 723//9
f 623//10 624//10 725//10 724//10
f 624//11 625//11 726//11 725//11
f 625//11 626//11 727//11 726//11
f 626//12 627//12 728//12 727//12
f 627//13 628//13 729//13 728//13
f 628//13 629//13 730//13 729//13
f 629//14 630//14 731//14 730//14
f 630//15 631//15 732//15 731//15
f 631//15 632//15 733//15 732//15
f 632//16 633//16 734//16 733//16
f 633//17 634//17 735//17 734//17
f 634//17 635//17 736//17 735//17
f 635//17 636//17 737//17 736//17
f 636//18 637//18 738//18 737//18
f 637//19 638//19 739//19 738//19
f 638//19 639//19 740//19 739//19
f 639//20 640//20 741//20 740//20
f 640//21 641//21 742//21 741//21
f 641//21 642//21 743//21 742//21
f 642//22 643//22 744//22 743//22
f 643//23 644//23 745//23 744//23
f 644//23 645//23 746//23 745//23
f 645//24 646//24 747//24 746//24
f 646//25 647//25 748//25 747//25
f 647//25 648//25 749//25 748//25
f 648//26 649//26 750//26 749//26
f 649//27 650//27 751//27 750//27
f 650//27 651//27 752//27 751//27
f 651//27 652//27 753//27 752//27
f 652//28 653//28 754//28 753//28
f 653//29 654//29 755//29 754//29
f 654//29 655//29 756//29 755//29
f 655//30 656//30 757//30 756//30
f 656//31 657//31 758//31 757//31
f 657//31 658//31 759//31 758//31
f 658//32 659//32 760//32 759//32
f 659//33 660//33 761//33 760//33
f 660//33 661//33 762//33 761//33
f 661//34 662//34 763//34 762//34
f 662//35 663//35 764//35 763//35
f 663//35 664//35 765//35 764//35
f 664//35 665//35 766//35 765//35
f 665//36 666//36 767//36 766//36
f 666//37 667//37 768//37 767//37
f 667//37 668//37 769//37 768//37
f 668//38 669//38 770//38 769//38
f 669//39 670//39 771//39 770//39
f 670//39 671//39 772//39 771//39
f 671//40 672//40 773//40 772//40
f 672//41 673//41 774//41 773//41
f 673//41 674//41 775//41 774//41
f 674//42 675//42 776//42 775//42
f 675//43 676//43 777//43 776//43
f 676//43 677//43 778//43 777//43
f 677//44 678//44 779//44 778//44
f 678//45 679//45 780//45 779//45
f 679//45 680//45 781//45 780//45
f 680//45 681//45 782//45 781//45
f 681//46 682//46 783//46 782//46
f 682//47 683//47 784//47 783//47
f 683//47 684//47 785//47 784//47
f 684//48 685//48 786//48 785//48
f 685//49 686//49 787//49 786//49
f 686//49 687//49 788//49 787//49
f 687//50 688//50 789//50 788//50
f 688//51 689//51 790//51 789//51
f 689//51 690//51 791//51 790//51
f 690//52 691//52 792//52 791//52
f 691//53 692//53 793//53 792//53
f 692//53 693//53 794//53 793//53
f 693//53 694//53 795//53 794//53
f 694//54 695//54 796//54 795//54
f 695//55 696//55 797//55 796//55
f 696//55 697//55 798//55 797//55
f 697//56 698//56 799//56 798//56
f 698//57 699//57 800//57 799//57
f 699//57 700//57 801//57 800//57
f 700//58 701//58 802//58 801//58
f 701//59 702//59 803//59 802//59
f 702//59 703//59 804//59 803//59
f 703//60 704//60 805//60 804//60
f 704//61 705//61 806//61 805//61
f 705//61 706//61 807//61 806//61
f 706//61 707//61 808//61 807//61
f 708//1 709//1 810//1 809//1
f 709//1 710//1 811//1 810//1
f 710//1 711//1 812//1 811//1
f 711//2 712//2 813//2 812//2
f 712//3 713//3 814//3 813//3
f 713//3 714//3 815//3 814//3
f 714//4 715//4 816//4 815//4
f 715//5 716//5 817//5 816//5
f 716//5 717//5 818//5 817//5
f 717//6 718//6 819//6 818//6
f 718//7 719//7 820//7 819//7
f 719//7 720//7 821//7 820//7
f 720//8 721//8 822//8 821//8
f 721//9 722//9 823//9 822//9
f 722//9 723//9 824//9 823//9
f 723//9 724//9 825//9 824//9
f 724//10 725//10 826//10 825//10
f 725//11 726//11 827//11 826//11
f 726//11 727//11 828//11 827//11
f 727//12 728//12 829//12 828//12
f 728//13 729//13 830//13 829//13
f 729//13 730//13 831//13 830//13
f 730//14 731//14 832//14 831//14
f 731//15 732//15 833//15 832//15
f 732//15 733//15 834//15 833//15
f 733//16 734//16 835//16 834//16
f 734//17 735//17 836//17 835//17
f 735//17 736//17 837//17 836//17
f 736//17 737//17 838//17 837//17
f 737//18 738//18 839//18 838//18
f 738//19 739//19 840//19 839//19
f 739//19 740//19 841//19 840//19
f 740//20 741//20 842//20 841//20
f 741//21 742//21 843//21 842//21
f 742//21 743//21 844//21 843//21
f 743//22 744//22 845//22 844//22
f 744//23 745//23 846//23 845//23
f 745//23 746//23 847//23 846//23
f 746//24 747//24 848//24 847//24
f 747//25 748//25 849//25 848//25
f 748//25 749//25 850//25 849//25
f 749//26 750//26 851//26 850//26
f 750//27 751//27 852//27 851//27
f 751//27 752//27 853//27 852//27
f 752//27 753//27 854//27 853//27
f 753//28 754//28 855//28 854//28
f 754//29 755//29 856//29 855//29
f 755//29 756//29 857//29 856//29
f 756//30 757//30 858//30 857//30
f 757//31 758//31 859//31 858//31
f 758//31 759//31 860//31 859//31
f 759//32 760//32 861//32 860//32
f 760//33 761//33 862//33 861//33
f 761//33 762//33 863//33 862//33
f 762//34 763//34 864//34 863//34
f 763//35 764//35 865//35 864//35
f 764//35 765//35 866//35 865//35
f 765//35 766//35 867//35 866//35
f 766//36 767//36 868//36 867//36
f 767//37 768//37 869//37 868//37
f 768//37 769//37 870//37 869//37
f 769//38 770//38 871//38 870//38
f 770//39 771//39 872//39 871//39
f 771//39 772//39 873//39 872//39
f 772//40 773//40 874//40 873//40
f 773//41 774//41 875//41 874//41
f 774//41 775//41 876//41 875//41
f 775//42 776//42 877//42 876//42
f 776//43 777//43 878//43 877//43
f 777//43 778//43 879//43 878//43
f 778//44 779//44 880//44 879//44
f 779//45 780//45 881//45 880//45
f 780//45 781//45 882//45 881//45
f 781//45 782//45 883//45 882//45
f 782//46 783//46 884//46 883//46
f 783//47 784//47 885//47 884//47
f 784//47 785//47 886//47 885//47
f 785//48 786//48 887//48 886//48
f 786//49 787//49 888//49 887//49
f 787//49 788//49 889//49 888//49
f 788//50 789//50 890//50 889//50
f 789//51 790//51 891//51 890//51
f 790//51 791//51 892//51 891//51
f 791//52 792//52 893//52 892//52
f 792//53 793//53 894//53 893//53
f 793//53 794//53 895//53 894//53
f 794//53 795//53 896//53 895//53
f 795//54 796//54 897//54 896//54
f 796//55 797//55 898//55 897//55
f 797//55 798//55 899//55 898//55
f 798//56 799//56 900//56 899//56
f 799//57 800//57 901//57 900//57
f 800//57 801//57 902//57 901//57
f 801//58 802//58 903//58 902//58
f 802//59 803//59 904//59 903//59
f 803//59 804//59 905//59 904//59
f 804//60 805//60 906//60 905//60
f 805//61 806//61 907//61 906//61
f 806//61 807//61 908//61 907//61
f 807//61 808//61 909//61 908//61
f 809//1 810//1 911//1 910//1
f 810//1 811//1 912//1 911//1
f 811//1 812//1 913//1 912//1
f 812//2 813//2 914//2 913//2
f 813//3 814//3 915//3 914//3
f 814//3 815//3 916//3 915//3
f 815//4 816//4 917//4 916//4
f 816//5 817//5 918//5 917//5
f 817//5 818//5 919//5 918//5
f 818//6 819//6 920//6 919//6
f 819//7 820//7 921//7 920//7
f 820//7 821//7 922//7 921//7
f 821//8 822//8 923//8 922//8
f 822//9 823//9 924//9 923//9
f 823//9 824//9 925//9 924//9
f 824//9 825//9 926//9 925//9
f 825//10 826//10 927//10 926//10
f 826//11 827//11 928//11 927//11
f 827//11 828//11 929//11 928//11
f 828//12 829//12 930//12 929//12
f 829//13 830//13 931//13 930//13
f 830//13 831//13 932//13 931//13
f 831//14 832//14 933//14 932//14
f 832//15 833//15 934//15 933//15
f 833//15 834//15 935//15 934//15
f 834//16 835//16 936//16 935//16
f 835//17 836//17 937//17 936//17
f 836//17 837//17 938//17 937//17
f 837//17 838//17 939//17 938//17
f 838//18 839//18 940//18 939//18
f 839//19 840//19 941//19 940//19
f 840//19 841//19 942//19 941//19
f 841//20 842//20 943//20 942//20
f 842//21 843//21 944//21 943//21
f 843//21 844//21 945//21 944//21
f 844//22 845//22 946//22 945//22
f 845//23 846//23 947//23 946//23
f 846//23 847//23 948//23 947//23
f 847//24 848//24 949//24 948//24
f 848//25 849//25 950//25 949//25
f 849//25 850//25 951//25 950//25
f 850//26 851//26 952//26 951//26
f 851//27 852//27 953//27 952//27
f 852//27 853//27 954//27 953//27
f 853//27 854//27 955//27 954//27
f 854//28 855//28 956//28 955//28
f 855//29 856//29 957//29 956//29
f 856//29 857//29 958//29 957//29
f 857//30 858//30 959//30 958//30
f 858//31 859//31 960//31 959//31
f 859//31 860//31 961//31 960//31
f 860//32 861//32 962//32 961//32
f 861//33 862//33 963//33 962//33
f 862//33 863//33 964//33 963//33
f 863//34 864//34 965//34 964//34
f 864//35 865//35 966//35 965//35
f 865//35 866//35 967//35 966//35
f 866//35 867//35 968//35 967//35
f 867//36 868//36 969//36 968//36
f 868//37 869//37 970//37 969//37
f 869//37 870//37 971//37 970//37
f 870//38 871//38 972//38 971//38
f 871//39 872//39 973//39 972//39
f 872//39 873//39 974//39 973//39
f 873//40 874//40 975//40 974//40
f 874//41 875//41 976//41 975//41
f 875//41 876//41 977//41 976//41
f 876//42 877//42 978//42 977//42
f 877//43 878//43 979//43 978//43
f 878//43 879//43 980//43 979//43
f 879//44 880//44 981//44 980//44
f 880//45 881//45 982//45 981//45
f 881//45 882//45 983//45 982//45
f 882//45 883//45 984//45 983//45
f 883//46 884//46 985//46 984//46
f 884//47 885//47 986//47 985//47
f 885//47 886//47 987//47 986//47
f 886//48 887//48 988//48 987//48
f 887//49 888//49 989//49 988//49
f 888//49 889//49 990//49 989//49
f 889//50 890//50 991//50 990//50
f 890//51 891//51 992//51 991//51
f 891//51 892//51 993//51 992//51
f 892//52 893//52 994//52 993//52
f 893//53 894//53 995//53 994//53
f 894//53 895//53 996//53 995//53
f 895//53 896//53 997//53 996//53
f 896//54 897//54 998//54 997//54
f 897//55 898//55 999//55 998//55
f 898//55 899//55 1000//55 999//55
f 899//56 900//56 1001//56 1000//56
f 900//57 901//57 1002//57 1001//57
f 901//57 902//57 1003//57 1002//57
f 902//58 903//58 1004//58 1003//58
f 903//59 904//59 1005//59 1004//59
f 904//59 905//59 1006//59 1005//59
f 905//60 906//60 1007//60 1006//60
f 906//61 907//61 1008//61 1007//61
f 907//61 908//61 1009//61 1008//61
f 908//61 909//61 1010//61 1009//61
f 910//1 911//1 1012//1 1011//1
f 911//1 912//1 1013//1 1012//1
f 912//1 913//1 1014//1 1013//1
f 913//2 914//2 1015//2 1014//2
f 914//3 915//3 1016//3 1015//3
f 915//3 916//3 1017//3 1016//3
f 916//4 917//4 1018//4 1017//4
f 917//5 918//5 1019//5 1018//5
f 918//5 919//5 1020//5 1019//5
f 919//6 920//6 1021//6 1020//6
f 920//7 921//7 1022//7 1021//7
f 921//7 922//7 1023//7 1022//7
f 922//8 923//8 1024//8 1023//8
f 923//9 924//9 1025//9 1024//9
f 924//9 925//9 1026//9 1025//9
f 925//9 926//9 1027//9 1026//9
f 926//10 927//10 1028//10 1027//10
f 927//11 928//11 1029//11 1028//11
f 928//11 929//11 1030//11 1029//11
f 929//12 930//12 1031//12 1030//12
f 930//13 931//13 1032//13 1031//13
f 931//13 932//13 1033//13 1032//13
f 932//14 933//14 1034//14 1033//14
f 933//15 934//15 1035//15 1034//15
f 934//15 935//15 1036//15 1035//15
f 935//16 936//16 1037//16 1036//16
f 936//17 937//17 1038//17 1037//17
f 937//17 938//17 1039//17 1038//17
f 938//17 939//17 1040//17 1039//17
f 939//18 940//18 1041//18 1040//18
f 940//19 941//19 1042//19 1041//19
f 941//19 942//19 1043//19 1042//19
f 942//20 943//20 1044//20 1043//20
f 943//21 944//21 1045//21 1044//21
f 944//21 945//21 1046//21 1045//21
f 945//22 946//22 1047//22 1046//22
f 946//23 947//23 1048//23 1047//23
f 947//23 948//23 1049//23 1048//23
f 948//24 949//24 1050//24 1049//24
f 949//25 950//25 1051//25 1050//25
f 950//25 951//25 1052//25 1051//25
f 951//26 952//26 1053//26 1052//26
f 952//27 953//27 1054//27 1053//27
f 953//27 954//27 1055//27 1054//27
f 954//27 955//27 1056//27 1055//27
f 955//28 956//28 1057//28 1056//28
f 956//29 957//29 1058//29 1057//29
f 957//29 958//29 1059//29 1058//29
f 958//30 959//30 1060//30 1059//30
f 959//31 960//31 1061//31 1060//31
f 960//31 961//31 1062//31 1061//31
f 961//32 962//32 1063//32 1062//32
f 962//33 963//33 1064//33 1063//33
f 963//33 964//33 1065//33 1064//33
f 964//34 965//34 1066//34 1065//34
f 965//35 966//35 1067//35 1066//35
f 966//35 967//35 1068//35 1067//35
f 967//35 968//35 1069//35 1068//35
f 968//36 969//36 1070//36 1069//36
f 969//37 970//37 1071//37 1070//37
f 970//37 971//37 1072//37 1071//37
f 971//38 972//38 1073//38 1072//38
f 972//39 973//39 1074//39 1073//39
f 973//39 974//39 1075//39 1074//39
f 974//40 975//40 1076//40 1075//40
f 975//41 976//41 1077//41 1076//41
f 976//41 977//41 1078//41 1077//41
f 977//42 978//42 1079//42 1078//42
f 978//43 979//43 1080//43 1079//43
f 979//43 980//43 1081//43 1080//43
f 980//44 981//44 1082//44 1081//44
f 981//45 982//45 1083//45 1082//45
f 982//45 983//45 1084//45 1083//45
f 983//45 984//45 1085//45 1084//45
f 984//46 985//46 1086//46 1085//46
f 985//47 986//47 1087//47 1086//47
f 986//47 987//47 1088//47 1087//47
f 987//48 988//48 1089//48 1088//48
f 988//49 989//49 1090//49 1089//49
f 989//49 990//49 1091//49 1090//49
f 990//50 991//50 1092//50 1091//50
f 991//51 992//51 1093//51 1092//51
f 992//51 993//51 1094//51 1093//51
f 993//52 994//52 1095//52 1094//52
f 994//53 995//53 1096//53 1095//53
f 995//53 996//53 1097//53 1096//53
f 996//53 997//53 1098//53 1097//53
f 997//54 998//54 1099//54 1098//54
f 998//55 999//55 1100//55 1099//55
f 999//55 1000//55 1101//55 1100//55
f 1000//56 1001//56 1102//56 1101//56
f 1001//57 1002//57 1103//57 1102//57
f 1002//57 1003//57 1104//57 1103//57
f 1003//58 1004//58 1105//58 1104//58
f 1004//59 1005//59 1106//59 1105//59
f 1005//59 1006//59 1107//59 1106//59
f 1006//60 1007//60 1108//60 1107//60
f 1007//61 1008//61 1109//61 1108//61
f 1008//61 1009//61 1110//61 1109//61
f 1009//61 1010//61 1111//61 1110//61
f 1011//1 1012//1 1113//1 1112//1
f 1012//1 1013//1 1114//1 1113//1
f 1013//1 1014//1 1115//1 1114//1
f 1014//2 1015//2 1116//2 1115//2
f 1015//3 1016//3 1117//3 1116//3
f 1016//3 1017//3 1118//3 1117//3
f 1017//4 1018//4 1119//4 1118//4
f 1018//5 1019//5 1120//5 1119//5
f 1019//5 1020//5 1121//5 1120//5
f 1020//6 1021//6 1122//6 1121//6
f 1021//7 1022//7 1123//7 1122//7
f 1022//7 1023//7 1124//7 1123//7
f 1023//8 1024//8 1125//8 1124//8
f 1024//9 1025//9 1126//9 1125//9
f 1025//9 1026//9 1127//9 1126//9
f 1026//9 1027//9 1128//9 1127//9
f 1027//10 1028//10 1129//10 1128//10
f 1028//11 1029//11 1130//11 1129//11
f 1029//11 1030//11 1131//11 1130//11
f 1030//12 1031//12 1132//12 1131//12
f 1031//13 1032//13 1133//13 1132//13
f 1032//13 1033//13 1134//13 1133//13
f 1033//14 1034//14 1135//14 1134//14
f 1034//15 1035//15 1136//15 1135//15
f 1035//15 1036//15 1137//15 1136//15
f 1036//16 1037//16 1138//16 1137//16
f 1037//17 1038//17 1139//17 1138//17
f 1038//17 1039//17 1140//17 1139//17
f 1039//17 1040//17 1141//17 1140//17
f 1040//18 1041//18 1142//18 1141//18
f 1041//19 1042//19 1143//19 1142//19
f 1042//19 1043//19 1144//19 1143//19
f 1043//20 1044//20 1145//20 1144//20
f 1044//21 1045//21 1146//21 1145//21
f 1045//21 1046//21 1147//21 1146//21
f 1046//22 1047//22 1148//22 1147//22
f 1047//23 1048//23 1149//23 1148//23
f 1048//23 1049//23 1150//23 1149//23
f 1049//24 1050//24 1151//24 1150//24
f 1050//25 1051//25 1152//25 1151//25
f 1051//25 1052//25 1153//25 1152//25
f 1052//26 1053//26 1154//26 1153//26
f 1053//27 1054//27 1155//27 1154//27
f 1054//27 1055//27 1156//27 1155//27
f 1055//27 1056//27 1157//27 1156//27
f 1056//28 1057//28 1158//28 1157//28
f 1057//29 1058//29 1159//29 1158//29
f 1058//29 1059//29 1160//29 1159//29
f 1059//30 1060//30 1161//30 1160//30
f 1060//31 1061//31 1162//31 1161//31
f 1061//31 1062//31 1163//31 1162//31
f 1062//32 1063//32 1164//32 1163//32
f 1063//33 1064//33 1165//33 1164//33
f 1064//33 1065//33 1166//33 1165//33
f 1065//34 1066//34 1167//34 1166//34
f 1066//35 1067//35 1168//35 1167//35
f 1067//35 1068//35 1169//35 1168//35
f 1068//35 1069//35 1170//35 1169//35
f 1069//36 1070//36 1171//36 1170//36
f 1070//37 1071//37 1172//37 1171//37
f 1071//37 1072//37 1173//37 1172//37
f 1072//38 1073//38 1174//38 1173//38
f 1073//39 1074//39 1175//39 1174//39
f 1074//39 1075//39 1176//39 1175//39
f 1075//40 1076//40 1177//40 1176//40
f 1076//41 1077//41 1178//41 1177//41
f 1077//41 1078//41 1179//41 1178//41
f 1078//42 1079//42 1180//42 1179//42
f 1079//43 1080//43 1181//43 1180//43
f 1080//43 1081//43 1182//43 1181//43
f 1081//44 1082//44 1183//44 1182//44
f 1082//45 1083//45 1184//45 1183//45
f 1083//45 1084//45 1185//45 1184//45
f 1084//45 1085//45 1186//45 1185//45
f 1085//46 1086//46 1187//46 1186//46
f 1086//47 1087//47 1188//47 1187//47
f 1087//47 1088//47 1189//47 1188//47
f 1088//48 1089//48 1190//48 1189//48
f 1089//49 1090//49 1191//49 1190//49
f 1090//49 1091//49 1192//49 1191//49
f 1091//50 1092//50 1193//50 1192//50
f 1092//51 1093//51 1194//51 1193//51
f 1093//51 1094//51 1195//51 1194//51
f 1094//52 1095//52 1196//52 1195//52
f 1095//53 1096//53 1197//53 1196//53
f 1096//53 1097//53 1198//53 1197//53
f 1097//53 1098//53 1199//53 1198//53
f 1098//54 1099//54 1200//54 1199//54
f 1099//55 1100//55 1201//55 1200//55
f 1100//55 1101//55 1202//55 1201//55
f 1101//56 1102//56 1203//56 1202//56
f 1102//57 1103//57 1204//57 1203//57
f 1103//57 1104//57 1205//57 1204//57
f 1104//58 1105//58 1206//58 1205//58
f 1105//59 1106//59 1207//59 1206//59
f 1106//59 1107//59 1208//59 1207//59
f 1107//60 1108//60 1209//60 1208//60
f 1108//61 1109//61 1210//61 1209//61
f 1109//61 1110//61 1211//61 1210//61
f 1110//61 1111//61 1212//61 1211//61
f 1112//1 1113//1 1214//1 1213//1
f 1113//1 1114//1 1215//1 1214//1
f 1114//1 1115//1 1216//1 1215//1
f 1115//2 1116//2 1217//2 1216//2
f 1116//3 1117//3 1218//3 1217//3
f 1117//3 1118//3 1219//3 1218//3
f 1118//4 1119//4 1220//4 1219//4
f 1119//5 1120//5 1221//5 1220//5
f 1120//5 1121//5 1222//5 1221//5
f 1121//6 1122//6 1223//6 1222//6
f 1122//7 1123//7 1224//7 1223//7
f 1123//7 1124//7 1225//7 1224//7
f 1124//8 1125//8 1226//8 1225//8
f 1125//9 1126//9 1227//9 1226//9
f 1126//9 1127//9 1228//9 1227//9
f 1127//9 1128//9 1229//9 1228//9
f 1128//10 1129//10 1230//10 1229//10
f 1129//11 1130//11 1231//11 1230//11
f 1130//11 1131//11 1232//11 1231//11
f 1131//12 1132//12 1233//12 1232//12
f 1132//13 1133//13 1234//13 1233//13
f 1133//13 1134//13 1235//13 1234//13
f 1134//14 1135//14 1236//14 1235//14
f 1135//15 1136//15 1237//15 1236//15
f 1136//15 1137//15 1238//15 1237//15
f 1137//16 1138//16 1239//16 1238//16
f 1138//17 1139//17 1240//17 1239//17
f 1139//17 1140//17 1241//17 1240//17
f 1140//17 1141//17 1242//17 1241//17
f 1141//18 1142//18 1243//18 1242//18
f 1142//19 1143//19 1244//19 1243//19
f 1143//19 1144//19 1245//19 1244//19
f 1144//20 1145//20 1246//20 1245//20
f 1145//21 1146//21 1247//21 1246//21
f 1146//21 1147//21 1248//21 1247//21
f 1147//22 1148//22 1249//22 1248//22
f 1148//23 1149//23 1250//23 1249//23
f 1149//23 1150//23 1251//23 1250//23
f 1150//24 1151//24 1252//24 1251//24
f 1151//25 1152//25 1253//25 1252//25
f 1152//25 1153//25 1254//25 1253//25
f 1153//26 1154//26 1255//26 1254//26
f 1154//27 1155//27 1256//27 1255//27
f 1155//27 1156//27 1257//27 1256//27
f 1156//27 1157//27 1258//27 1257//27
f 1157//28 1158//28 1259//28 1258//28
f 1158//29 1159//29 1260//29 1259//29
f 1159//29 1160//29 1261//29 1260//29
f 1160//30 1161//30 1262//30 1261//30
f 1161//31 1162//31 1263//31 1262//31
f 1162//31 1163//31 1264//31 1263//31
f 1163//32 1164//32 1265//32 1264//32
f 1164//33 1165//33 1266//33 1265//33
f 1165//33 1166//33 1267//33 1266//33
f 1166//34 1167//34 1268//34 1267//34
f 1167//35 1168//35 1269//35 1268//35
f 1168//35 1169//35 1270//35 1269//35
f 1169//35 1170//35 1271//35 1270//35
f 1170//36 1171//36 1272//36 1271//36
f 1171//37 1172//37 1273//37 1272//37
f 1172//37 1173//37 1274//37 1273//37
f 1173//38 1174//38 1275//38 1274//38
f 1174//39 1175//39 1276//39 1275//39
f 1175//39 1176//39 1277//39 1276//39
f 1176//40 1177//40 1278//40 1277//40
f 1177//41 1178//41 1279//41 1278//41
f 1178//41 1179//41 1280//41 1279//41
f 1179//42 1180//42 1281//42 1280//42
f 1180//43 1181//43 1282//43 1281//43
f 1181//43 1182//43 1283//43 1282//43
f 1182//44 1183//44 1284//44 1283//44
f 1183//45 1184//45 1285//45 1284//45
f 1184//45 1185//45 1286//45 1285//45
f 1185//45 1186//45 1287//45 1286//45
f 1186//46 1187//46 1288//46 1287//46
f 1187//47 1188//47 1289//47 1288//47
f 1188//47 1189//47 1290//47 1289//47
f 1189//48 1190//48 1291//48 1290//48
f 1190//49 1191//49 1292//49 1291//49
f 1191//49 1192//49 1293//49 1292//49
f 1192//50 1193//50 1294//50 1293//50
f 1193//51 1194//51 1295//51 1294//51
f 1194//51 1195//51 1296//51 1295//51
f 1195//52 1196//52 1297//52 1296//52
f 1196//53 1197//53 1298//53 1297//53
f 1197//53 1198//53 1299//53 1298//53
f 1198//53 1199//53 1300//53 1299//53
f 1199//54 1200//54 1301//54 1300//54
f 1200//55 1201//55 1302//55 1301//55
f 1201//55 1202//55 1303//55 1302//55
f 1202//56 1203//56 1304//56 1303//56
f 1203//57 1204//57 1305//57 1304//57
f 1204//57 1205//57 1306//57 1305//57
f 1205//58 1206//58 1307//58 1306//58
f 1206//59 1207//59 1308//59 1307//59
f 1207//59 1208//59 1309//59 1308//59
f 1208//60 1209//60 1310//60 1309//60
f 1209//61 1210//61 1311//61 1310//61
f 1210//61 1211//61 1312//61 1311//61
f 1211//61 1212//61 1313//61 1312//61
f 1213//1 1214//1 1315//1 1314//1
f 1214//1 1215//1 1316//1 1315//1
f 1215//1 1216//1 1317//1 1316//1
f 1216//2 1217//2 1318//2 1317//2
f 1217//3 1218//3 1319//3 1318//3
f 1218//3 1219//3 1320//3 1319//3
f 1219//4 1220//4 1321//4 1320//4
f 1220//5 1221//5 1322//5 1321//5
f 1221//5 1222//5 1323//5 1322//5
f 1222//6 1223//6 1324//6 1323//6
f 1223//7 1224//7 1325//7 1324//7
f 1224//7 1225//7 1326//7 1325//7
f 1225//8 1226//8 1327//8 1326//8
f 1226//9 1227//9 1328//9 1327//9
f 1227//9 1228//9 1329//9 1328//9
f 1228//9 1229//9 1330//9 1329//9
f 1229//10 1230//10 1331//10 1330//10
f 1230//11 1231//11 1332//11 1331//11
f 1231//11 1232//11 1333//11 1332//11
f 1232//12 1233//12 1334//12 1333//12
f 1233//13 1234//13 1335//13 1334//13
f 1234//13 1235//13 1336//13 1335//13
f 1235//14 1236//14 1337//14 1336//14
f 1236//15 1237//15 1338//15 1337//15
f 1237//15 1238//15 1339//15 1338//15
f 1238//16 1239//16 1340//16 1339//16
f 1239//17 1240//17 1341//17 1340//17
f 1240//17 1241//17 1342//17 1341//17
f 1241//17 1242//17 1343//17 1342//17
f 1242//18 1243//18 1344//18 1343//18
f 1243//19 1244//19 1345//19 1344//19
f 1244//19 1245//19 1346//19 1345//19
f 1245//20 1246//20 1347//20 1346//20
f 1246//21 1247//21 1348//21 1347//21
f 1247//21 1248//21 1349//21 1348//21
f 1248//22 1249//22 1350//22 1349//22
f 1249//23 1250//23 1351//23 1350//23
f 1250//23 1251//23 1352//23 1351//23
f 1251//24 1252//24 1353//24 1352//24
f 1252//25 1253//25 1354//25 1353//25
f 1253//25 1254//25 1355//25 1354//25
f 1254//26 1255//26 1356//26 1355//26
f 1255//27 1256//27 1357//27 1356//27
f 1256//27 1257//27 1358//27 1357//27
f 1257//27 1258//27 1359//27 1358//27
f 1258//28 1259//28 1360//28 1359//28
f 1259//29 1260//29 1361//29 1360//29
f 1260//29 1261//29 1362//29 1361//29
f 1261//30 1262//30 1363//30 1362//30
f 1262//31 1263//31 1364//31 1363//31
f 1263//31 1264//31 1365//31 1364//31
f 1264//32 1265//32 1366//32 1365//32
f 1265//33 1266//33 1367//33 1366//33
f 1266//33 1267//33 1368//33 1367//33
f 1267//34 1268//34 1369//34 1368//34
f 1268//35 1269//35 1370//35 1369//35
f 1269//35 1270//35 1371//35 1370//35
f 1270//35 1271//35 1372//35 1371//35
f 1271//36 1272//36 1373//36 1372//36
f 1272//37 1273//37 1374//37 1373//37
f 1273//37 1274//37 1375//37 1374//37
f 1274//38 1275//38 1376//38 1375//38
f 1275//39 1276//39 1377//39 1376//39
f 1276//39 1277//39 1378//39 1377//39
f 1277//40 1278//40 1379//40 1378//40
f 1278//41 1279//41 1380//41 1379//41
f 1279//41 1280//41 1381//41 1380//41
f 1280//42 1281//42 1382//42 1381//42
f 1281//43 1282//43 1383//43 1382//43
f 1282//43 1283//43 1384//43 1383//43
f 1283//44 1284//44 1385//44 1384//44
f 1284//45 1285//45 1386//45 1385//45
f 1285//45 1286//45 1387//45 1386//45
f 1286//45 1287//45 1388//45 1387//45
f 1287//46 1288//46 1389//46 1388//46
f 1288//47 1289//47 1390//47 1389//47
f 1289//47 1290//47 1391//47 1390//47
f 1290//48 1291//48 1392//48 1391//48
f 1291//49 1292//49 1393//49 1392//49
f 1292//49 1293//49 1394//49 1393//49
f 1293//50 1294//50 1395//50 1394//50
f 1294//51 1295//51 1396//51 1395//51
f 1295//51 1296//51 1397//51 1396//51
f 1296//52 1297//52 1398//52 1397//52
f 1297//53 1298//53 1399//53 1398//53
f 1298//53 1299//53 1400//53 1399//53
f 1299//53 1300//53 1401//53 1400//53
f 1300//54 1301//54 1402//54 1401//54
f 1301//55 1302//55 1403//55 1402//55
f 1302//55 1303//55 1404//55 1403//55
f 1303//56 1304//56 1405//56 1404//56
f 1304//57 1305//57 1406//57 1405//57
f 1305//57 1306//57 1407//57 1406//57
f 1306//58 1307//58 1408//58 1407//58
f 1307//59 1308//59 1409//59 1408//59
f 1308//59 1309//59 1410//59 1409//59
f 1309//60 1310//60 1411//60 1410//60
f 1310//61 1311//61 1412//61 1411//61
f 1311//61 1312//61 1413//61 1412//61
f 1312//61 1313//61 1414//61 1413//61
f 1314//1 1315//1 1416//1 1415//1
f 1315//1 1316//1 1417//1 1416//1
f 1316//1 1317//1 1418//1 1417//1
f 1317//2 1318//2 1419//2 1418//2
f 1318//3 1319//3 1420//3 1419//3
f 1319//3 1320//3 1421//3 1420//3
f 1320//4 1321//4 1422//4 1421//4
f 1321//5 1322//5 1423//5 1422//5
f 1322//5 1323//5 1424//5 1423//5
f 1323//6 1324//6 1425//6 1424//6
f 1324//7 1325//7 1426//7 1425//7
f 1325//7 1326//7 1427//7 1426//7
f 1326//8 1327//8 1428//8 1427//8
f 1327//9 1328//9 1429//9 1428//9
f 1328//9 1329//9 1430//9 1429//9
f 1329//9 1330//9 1431//9 1430//9
f 1330//10 1331//10 1432//10 1431//10
f 1331//11 1332//11 1433//11 1432//11
f 1332//11 1333//11 1434//11 1433//11
f 1333//12 1334//12 1435//12 1434//12
f 1334//13 1335//13 1436//13 1435//13
f 1335//13 1336//13 1437//13 1436//13
f 1336//14 1337//14 1438//14 1437//14
f 1337//15 1338//15 1439//15 1438//15
f 1338//15 1339//15 1440//15 1439//15
f 1339//16 1340//16 1441//16 1440//16
f 1340//17 1341//17 1442//17 1441//17
f 1341//17 1342//17 1443//17 1442//17
f 1342//17 1343//17 1444//17 1443//17
f 1343//18 1344//18 1445//18 1444//18
f 1344//19 1345//19 1446//19 1445//19
f 1345//19 1346//19 1447//19 1446//19
f 1346//20 1347//20 1448//20 1447//20
f 1347//21 1348//21 1449//21 1448//21
f 1348//21 1349//21 1450//21 1449//21
f 1349//22 1350//22 1451//22 1450//22
f 1350//23 1351//23 1452//23 1451//23
f 1351//23 1352//23 1453//23 1452//23
f 1352//24 1353//24 1454//24 1453//24
f 1353//25 1354//25 1455//25 1454//25
f 1354//25 1355//25 1456//25 1455//25
f 1355//26 1356//26 1457//26 1456//26
f 1356//27 1357//27 1458//27 1457//27
f 1357//27 1358//27 1459//27 1458//27
f 1358//27 1359//27 1460//27 1459//27
f 1359//28 1360//28 1461//28 1460//28
f 1360//29 1361//29 1462//29 1461//29
f 1361//29 1362//29 1463//29 1462//29
f 1362//30 1363//30 1464//30 1463//30
f 1363//31 1364//31 1465//31 1464//31
f 1364//31 1365//31 1466//31 1465//31
f 1365//32 1366//32 1467//32 1466//32
f 1366//33 1367//33 1468//33 1467//33
f 1367//33 1368//33 1469//33 1468//33
f 1368//34 1369//34 1470//34 1469//34
f 1369//35 1370//35 1471//35 1470//35
f 1370//35 1371//35 1472//35 1471//35
f 1371//35 1372//35 1473//35 1472//35
f 1372//36 1373//36 1474//36 1473//36
f 1373//37 1374//37 1475//37 1474//37
f 1374//37 1375//37 1476//37 1475//37
f 1375//38 1376//38 1477//38 1476//38
f 1376//39 1377//39 1478//39 1477//39
f 1377//39 1378//39 1479//39 1478//39
f 1378//40 1379//40 1480//40 1479//40
f 1379//41 1380//41 1481//41 1480//41
f 1380//41 1381//41 1482//41 1481//41
f 1381//42 1382//42 1483//42 1482//42
f 1382//43 1383//43 1484//43 1483//43
f 1383//43 1384//43 1485//43 1484//43
f 1384//44 1385//44 1486//44 1485//44
f 1385//45 1386//45 1487//45 1486//45
f 1386//45 1387//45 1488//45 1487//45
f 1387//45 1388//45 1489//45 1488//45
f 1388//46 1389//46 1490//46 1489//46
f 1389//47 1390//47 1491//47 1490//47
f 1390//47 1391//47 1492//47 1491//47
f 1391//48 1392//48 1493//48 1492//48
f 1392//49 1393//49 1494//49 1493//49
f 1393//49 1394//49 1495//49 1494//49
f 1394//50 1395//50 1496//50 1495//50
f 1395//51 1396//51 1497//51 1496//51
f 1396//51 1397//51 1498//51 1497//51
f 1397//52 1398//52 1499//52 1498//52
f 1398//53 1399//53 1500//53 1499//53
f 1399//53 1400//53 1501//53 1500//53
f 1400//53 1401//53 1502//53 1501//53
f 1401//54 1402//54 1503//54 1502//54
f 1402//55 1403//55 1504//55 1503//55
f 1403//55 1404//55 1505//55 1504//55
f 1404//56 1405//56 1506//56 1505//56
f 1405//57 1406//57 1507//57 1506//57
f 1406//57 1407//57 1508//57 1507//57
f 1407//58 1408//58 1509//58 1508//58
f 1408//59 1409//59 1510//59 1509//59
f 1409//59 1410//59 1511//59 1510//59
f 1410//60 1411//60 1512//60 1511//60
f 1411//61 1412//61 1513//61 1512//61
f 1412//61 1413//61 1514//61 1513//61
f 1413//61 1414//61 1515//61 1514//61
f 1415//1 1416//1 1517//1 1516//1
f 1416//1 1417//1 1518//1 1517//1
f 1417//1 1418//1 1519//1 1518//1
f 1418//2 1419//2 1520//2 1519//2
f 1419//3 1420//3 1521//3 1520//3
f 1420//3 1421//3 1522//3 1521//3
f 1421//4 1422//4 1523//4 1522//4
f 1422//5 1423//5 1524//5 1523//5
f 1423//5 1424//5 1525//5 1524//5
f 1424//6 1425//6 1526//6 1525//6
f 1425//7 1426//7 1527//7 1526//7
f 1426//7 1427//7 1528//7 1527//7
f 1427//8 1428//8 1529//8 1528//8
f 1428//9 1429//9 1530//9 1529//9
f 1429//9 1430//9 1531//9 1530//9
f 1430//9 1431//9 1532//9 1531//9
f 1431//10 1432//10 1533//10 1532//10
f 1432//11 1433//11 1534//11 1533//11
f 1433//11 1434//11 1535//11 1534//11
f 1434//12 1435//12 1536//12 1535//12
f 1435//13 1436//13 1537//13 1536//13
f 1436//13 1437//13 1538//13 1537//13
f 1437//14 1438//14 1539//14 1538//14
f 1438//15 1439//15 1540//15 1539//15
f 1439//15 1440//15 1541//15 1540//15
f 1440//16 1441//16 1542//16 1541//16
f 1441//17 1442//17 1543//17 1542//17
f 1442//17 1443//17 1544//17 1543//17
f 1443//17 1444//17 1545//17 1544//17
f 1444//18 1445//18 1546//18 1545//18
f 1445//19 1446//19 1547//19 1546//19
f 1446//19 1447//19 1548//19 1547//19
f 1447//20 1448//20 1549//20 1548//20
f 1448//21 1449//21 1550//21 1549//21
f 1449//21 1450//21 1551//21 1550//21
f 1450//22 1451//22 1552//22 1551//22
f 1451//23 1452//23 1553//23 1552//23
f 1452//23 1453//23 1554//23 1553//23
f 1453//24 1454//24 1555//24 1554//24
f 1454//25 1455//25 1556//25 1555//25
f 1455//25 1456//25 1557//25 1556//25
f 1456//26 1457//26 1558//26 1557//26
f 1457//27 1458//27 1559//27 1558//27
f 1458//27 1459//27 1560//27 1559//27
f 1459//27 1460//27 1561//27 1560//27
f 1460//28 1461//28 1562//28 1561//28
f 1461//29 1462//29 1563//29 1562//29
f 1462//29 1463//29 1564//29 1563//29
f 1463//30 1464//30 1565//30 1564//30
f 1464//31 1465//31 1566//31 1565//31
f 1465//31 1466//31 1567//31 1566//31
f 1466//32 1467//32 1568//32 1567//32
f 1467//33 1468//33 1569//33 1568//33
f 1468//33 1469//33 1570//33 1569//33
f 1469//34 1470//34 1571//34 1570//34
f 1470//35 1471//35 1572//35 1571//35
f 1471//35 1472//35 1573//35 1572//35
f 1472//35 1473//35 1574//35 1573//35
f 1473//36 1474//36 1575//36 1574//36
f 1474//37 1475//37 1576//37 1575//37
f 1475//37 1476//37 1577//37 1576//37
f 1476//38 1477//38 1578//38 1577//38
f 1477//39 1478//39 1579//39 1578//39
f 1478//39 1479//39 1580//39 1579//39
f 1479//40 1480//40 1581//40 1580//40
f 1480//41 1481//41 1582//41 1581//41
f 1481//41 1482//41 1583//41 1582//41
f 1482//42 1483//42 1584//42 1583//42
f 1483//43 1484//43 1585//43 1584//43
f 1484//43 1485//43 1586//43 1585//43
f 1485//44 1486//44 1587//44 1586//44
f 1486//45 1487//45 1588//45 1587//45
f 1487//45 1488//45 1589//45 1588//45
f 1488//45 1489//45 1590//45 1589//45
f 1489//46 1490//46 1591//46 1590//46
f 1490//47 1491//47 1592//47 1591//47
f 1491//47 1492//47 1593//47 1592//47
f 1492//48 1493//48 1594//48 1593//48
f 1493//49 1494//49 1595//49 1594//49
f 1494//49 1495//49 1596//49 1595//49
f 1495//50 1496//50 1597//50 1596//50
f 1496//51 1497//51 1598//51 1597//51
f 1497//51 1498//51 1599//51 1598//51
f 1498//52 1499//52 1600//52 1599//52
f 1499//53 1500//53 1601//53 1600//53
f 1500//53 1501//53 1602//53 1601//53
f 1501//53 1502//53 1603//53 1602//53
f 1502//54 1503//54 1604//54 1603//54
f 1503//55 1504//55 1605//55 1604//55
f 1504//55 1505//55 1606//55 1605//55
f 1505//56 1506//56 1607//56 1606//56
f 1506//57 1507//57 1608//57 1607//57
f 1507//57 1508//57 1609//57 1608//57
f 1508//58 1509//58 1610//58 1609//58
f 1509//59 1510//59 1611//59 1610//59
f 1510//59 1511//59 1612//59 1611//59
f 1511//60 1512//60 1613//60 1612//60
f 1512//61 1513//61 1614//61 1613//61
f 1513//61 1514//61 1615//61 1614//61
f 1514//61 1515//61 1616//61 1615//61
f 1516//1 1517//1 1618//1 1617//1
f 1517//1 1518//1 1619//1 1618//1
f 1518//1 1519//1 1620//1 1619//1
f 1519//2 1520//2 1621//2 1620//2
f 1520//3 1521//3 1622//3 1621//3
f 1521//3 1522//3 1623//3 1622//3
f 1522//4 1523//4 1624//4 1623//4
f 1523//5 1524//5 1625//5 1624//5
f 1524//5 1525//5 1626//5 1625//5
f 1525//6 1526//6 1627//6 1626//6
f 1526//7 1527//7 1628//7 1627//7
f 1527//7 1528//7 1629//7 1628//7
f 1528//8 1529//8 1630//8 1629//8
f 1529//9 1530//9 1631//9 1630//9
f 1530//9 1531//9 1632//9 1631//9
f 1531//9 1532//9 1633//9 1632//9
f 1532//10 1533//10 1634//10 1633//10
f 1533//11 1534//11 1635//11 1634//11
f 1534//11 1535//11 1636//11 1635//11
f 1535//12 1536//12 1637//12 1636//12
f 1536//13 1537//13 1638//13 1637//13
f 1537//13 1538//13 1639//13 1638//13
f 1538//14 1539//14 1640//14 1639//14
f 1539//15 1540//15 1641//15 1640//15
f 1540//15 1541//15 1642//15 1641//15
f 1541//16 1542//16 1643//16 1642//16
f 1542//17 1543//17 1644//17 1643//17
f 1543//17 1544//17 1645//17 1644//17
f 1544//17 1545//17 1646//17 1645//17
f 1545//18 1546//18 1647//18 1646//18
f 1546//19 1547//19 1648//19 1647//19
f 1547//19 1548//19 1649//19 1648//19
f 1548//20 1549//20 1650//20 1649//20
f 1549//21 1550//21 1651//21 1650//21
f 1550//21 1551//21 1652//21 1651//21
f 1551//22 1552//22 1653//22 1652//22
f 1552//23 1553//23 1654//23 1653//23
f 1553//23 1554//23 1655//23 1654//23
f 1554//24 1555//24 1656//24 1655//24
f 1555//25 1556//25 1657//25 1656//25
f 1556//25 1557//25 1658//25 1657//25
f 1557//26 1558//26 1659//26 1658//26
f 1558//27 1559//27 1660//27 1659//27
f 1559//27 1560//27 1661//27 1660//27
f 1560//27 1561//27 1662//27 1661//27
f 1561//28 1562//28 1663//28 1662//28
f 1562//29 1563//29 1664//29 1663//29
f 1563//29 1564//29 1665//29 1664//29
f 1564//30 1565//30 1666//30 1665//30
f 1565//31 1566//31 1667//31 1666//31
f 1566//31 1567//31 1668//31 1667//31
f 1567//32 1568//32 1669//32 1668//32
f 1568//33 1569//33 1670//33 1669//33
f 1569//33 1570//33 1671//33 1670//33
f 1570//34 1571//34 1672//34 1671//34
f 1571//35 1572//35 1673//35 1672//35
f 1572//35 1573//35 1674//35 1673//35
f 1573//35 1574//35 1675//35 1674//35
f 1574//36 1575//36 1676//36 1675//36
f 1575//37 1576//37 1677//37 1676//37
f 1576//37 1577//37 1678//37 1677//37
f 1577//38 1578//38 1679//38 1678//38
f 1578//39 1579//39 1680//39 1679//39
f 1579//39 1580//39 1681//39 1680//39
f 1580//40 1581//40 1682//40 1681//40
f 1581//41 1582//41 1683//41 1682//41
f 1582//41 1583//41 1684//41 1683//41
f 1583//42 1584//42 1685//42 1684//42
f 1584//43 1585//43 1686//43 1685//43
f 1585//43 1586//43 1687//43 1686//43
f 1586//44 1587//44 1688//44 1687//44
f 1587//45 1588//45 1689//45 1688//45
f 1588//45 1589//45 1690//45 1689//45
f 1589//45 1590//45 1691//45 1690//45
f 1590//46 1591//46 1692//46 1691//46
f 1591//47 1592//47 1693//47 1692//47
f 1592//47 1593//47 1694//47 1693//47
f 1593//48 1594//48 1695//48 1694//48
f 1594//49 1595//49 1696//49 1695//49
f 1595//49 1596//49 1697//49 1696//49
f 1596//50 1597//50 1698//50 1697//50
f 1597//51 1598//51 1699//51 1698//51
f 1598//51 1599//51 1700//51 1699//51
f 1599//52 1600//52 1701//52 1700//52
f 1600//53 1601//53 1702//53 1701//53
f 1601//53 1602//53 1703//53 1702//53
f 1602//53 1603//53 1704//53 1703//53
f 1603//54 1604//54 1705//54 1704//54
f 1604//55 1605//55 1706//55 1705//55
f 1605//55 1606//55 1707//55 1706//55
f 1606//56 1607//56 1708//56 1707//56
f 1607//57 1608//57 1709//57 1708//57
f 1608//57 1609//57 1710//57 1709//57
f 1609//58 1610//58 1711//58 1710//58
f 1610//59 1611//59 1712//59 1711//59
f 1611//59 1612//59 1713//59 1712//59
f 1612//60 1613//60 1714//60 1713//60
f 1613//61 1614//61 1715//61 1714//61
f 1614//61 1615//61 1716//61 1715//61
f 1615//61 1616//61 1717//61 1716//61
f 1617//1 1618//1 1719//1 1718//1
f 1618//1 1619//1 1720//1 1719//1
f 1619//1 1620//1 1721//1 1720//1
f 1620//2 1621//2 1722//2 1721//2
f 1621//3 1622//3 1723//3 1722//3
f 1622//3 1623//3 1724//3 1723//3
f 1623//4 1624//4 1725//4 1724//4
f 1624//5 1625//5 1726//5 1725//5
f 1625//5 1626//5 1727//5 1726//5
f 1626//6 1627//6 1728//6 1727//6
f 1627//7 1628//7 1729//7 1728//7
f 1628//7 1629//7 1730//7 1729//7
f 1629//8 1630//8 1731//8 1730//8
f 1630//9 1631//9 1732//9 1731//9
f 1631//9 1632//9 1733//9 1732//9
f 1632//9 1633//9 1734//9 1733//9
f 1633//10 1634//10 1735//10 1734//10
f 1634//11 1635//11 1736//11 1735//11
f 1635//11 1636//11 1737//11 1736//11
f 1636//12 1637//12 1738//12 1737//12
f 1637//13 1638//13 1739//13 1738//13
f 1638//13 1639//13 1740//13 1739//13
f 1639//14 1640//14 1741//14 1740//14
f 1640//15 1641//15 1742//15 1741//15
f 1641//15 1642//15 1743//15 1742//15
f 1642//16 1643//16 1744//16 1743//16
f 1643//17 1644//17 1745//17 1744//17
f 1644//17 1645//17 1746//17 1745//17
f 1645//17 1646//17 1747//17 1746//17
f 1646//18 1647//18 1748//18 1747//18
f 1647//19 1648//19 1749//19 1748//19
f 1648//19 1649//19 1750//19 1749//19
f 1649//20 1650//20 1751//20 1750//20
f 1650//21 1651//21 1752//21 1751//21
f 1651//21 1652//21 1753//21 1752//21
f 1652//22 1653//22 1754//22 1753//22
f 1653//23 1654//23 1755//23 1754//23
f 1654//23 1655//23 1756//23 1755//23
f 1655//24 1656//24 1757//24 1756//24
f 1656//25 1657//25 1758//25 1757//25
f 1657//25 1658//25 1759//25 1758//25
f 1658//26 1659//26 1760//26 1759//26
f 1659//27 1660//27 1761//27 1760//27
f 1660//27 1661//27 1762//27 1761//27
f 1661//27 1662//27 1763//27 1762//27
f 1662//28 1663//28 1764//28 1763//28
f 1663//29 1664//29 1765//29 1764//29
f 1664//29 1665//29 1766//29 1765//29
f 1665//30 1666//30 1767//30 1766//30
f 1666//31 1667//31 1768//31 1767//31
f 1667//31 1668//31 1769//31 1768//31
f 1668//32 1669//32 1770//32 1769//32
f 1669//33 1670//33 1771//33 1770//33
f 1670//33 1671//33 1772//33 1771//33
f 1671//34 1672//34 1773//34 1772//34
f 1672//35 1673//35 1774//35 1773//35
f 1673//35 1674//35 1775//35 1774//35
f 1674//35 1675//35 1776//35 1775//35
f 1675//36 1676//36 1777//36 1776//36
f 1676//37 1677//37 1778//37 1777//37
f 1677//37 1678//37 1779//37 1778//37
f 1678//38 1679//38 1780//38 1779//38
f 1679//39 1680//39 1781//39 1780//39
f 1680//39 1681//39 1782//39 1781//39
f 1681//40 1682//40 1783//40 1782//40
f 1682//41 1683//41 1784//41 1783//41
f 1683//41 1684//41 1785//41 1784//41
f 1684//42 1685//42 1786//42 1785//42
f 1685//43 1686//43 1787//43 1786//43
f 1686//43 1687//43 1788//43 1787//43
f 1687//44 1688//44 1789//44 1788//44
f 1688//45 1689//45 1790//45 1789//45
f 1689//45 1690//45 1791//45 1790//45
f 1690//45 1691//45 1792//45 1791//45
f 1691//46 1692//46 1793//46 1792//46
f 1692//47 1693//47 1794//47 1793//47
f 1693//47 1694//47 1795//47 1794//47
f 1694//48 1695//48 1796//48 1795//48
f 1695//49 1696//49 1797//49 1796//49
f 1696//49 1697//49 1798//49 1797//49
f 1697//50 1698//50 1799//50 1798//50
f 1698//51 1699//51 1800//51 1799//51
f 1699//51 1700//51 1801//51 1800//51
f 1700//52 1701//52 1802//52 1801//52
f 1701//53 1702//53 1803//53 1802//53
f 1702//53 1703//53 1804//53 1803//53
f 1703//53 1704//53 1805//53 1804//53
f 1704//54 1705//54 1806//54 1805//54
f 1705//55 1706//55 1807//55 1806//55
f 1706//55 1707//55 1808//55 1807//55
f 1707//56 1708//56 1809//56 1808//56
f 1708//57 1709//57 1810//57 1809//57
f 1709//57 1710//57 1811//57 1810//57
f 1710//58 1711//58 1812//58 1811//58
f 1711//59 1712//59 1813//59 1812//59
f 1712//59 1713//59 1814//59 1813//59
f 1713//60 1714//60 1815//60 1814//60
f 1714//61 1715//61 1816//61 1815//61
f 1715//61 1716//61 1817//61 1816//61
f 1716//61 1717//61 1818//61 1817//61
f 1718//1 1719//1 1820//1 1819//1
f 1719//1 1720//1 1821//1 1820//1
f 1720//1 1721//1 1822//1 1821//1
f 1721//2 1722//2 1823//2 1822//2
f 1722//3 1723//3 1824//3 1823//3
f 1723//3 1724//3 1825//3 1824//3
f 1724//4 1725//4 1826//4 1825//4
f 1725//5 1726//5 1827//5 1826//5
f 1726//5 1727//5 1828//5 1827//5
f 1727//6 1728//6 1829//6 1828//6
f 1728//7 1729//7 1830//7 1829//7
f 1729//7 1730//7 1831//7 1830//7
f 1730//8 1731//8 1832//8 1831//8
f 1731//9 1732//9 1833//9 1832//9
f 1732//9 1733//9 1834//9 1833//9
f 1733//9 1734//9 1835//9 1834//9
f 1734//10 1735//10 1836//10 1835//10
f 1735//11 1736//11 1837//11 1836//11
f 1736//11 1737//11 1838//11 1837//11
f 1737//12 1738//12 1839//12 1838//12
f 1738//13 1739//13 1840//13 1839//13
f 1739//13 1740//13 1841//13 1840//13
f 1740//14 1741//14 1842//14 1841//14
f 1741//15 1742//15 1843//15 1842//15
f 1742//15 1743//15 1844//15 1843//15
f 1743//16 1744//16 1845//16 1844//16
f 1744//17 1745//17 1846//17 1845//17
f 1745//17 1746//17 1847//17 1846//17
f 1746//17 1747//17 1848//17 1847//17
f 1747//18 1748//18 1849//18 1848//18
f 1748//19 1749//19 1850//19 1849//19
f 1749//19 1750//19 1851//19 1850//19
f 1750//20 1751//20 1852//20 1851//20
f 1751//21 1752//21 1853//21 1852//21
f 1752//21 1753//21 1854//21 1853//21
f 1753//22 1754//22 1855//22 1854//22
f 1754//23 1755//23 1856//23 1855//23
f 1755//23 1756//23 1857//23 1856//23
f 1756//24 1757//24 1858//24 1857//24
f 1757//25 1758//25 1859//25 1858//25
f 1758//25 1759//25 1860//25 1859//25
f 1759//26 1760//26 1861//26 1860//26
f 1760//27 1761//27 1862//27 1861//27
f 1761//27 1762//27 1863//27 1862//27
f 1762//27 1763//27 1864//27 1863//27
f 1763//28 1764//28 1865//28 1864//28
f 1764//29 1765//29 1866//29 1865//29
f 1765//29 1766//29 1867//29 1866//29
f 1766//30 1767//30 1868//30 1867//30
f 1767//31 1768//31 1869//31 1868//31
f 1768//31 1769//31 1870//31 1869//31
f 1769//32 1770//32 1871//32 1870//32
f 1770//33 1771//33 1872//33 1871//33
f 1771//33 1772//33 1873//33 1872//33
f 1772//34 1773//34 1874//34 1873//34
f 1773//35 1774//35 1875//35 1874//35
f 1774//35 1775//35 1876//35 1875//35
f 1775//35 1776//35 1877//35 1876//35
f 1776//36 1777//36 1878//36 1877//36
f 1777//37 1778//37 1879//37 1878//37
f 1778//37 1779//37 1880//37 1879//37
f 1779//38 1780//38 1881//38 1880//38
f 1780//39 1781//39 1882//39 1881//39
f 1781//39 1782//39 1883//39 1882//39
f 1782//40 1783//40 1884//40 1883//40
f 1783//41 1784//41 1885//41 1884//41
f 1784//41 1785//41 1886//41 1885//41
f 1785//42 1786//42 1887//42 1886//42
f 1786//43 1787//43 1888//43 1887//43
f 1787//43 1788//43 1889//43 1888//43
f 1788//44 1789//44 1890//44 1889//44
f 1789//45 1790//45 1891//45 1890//45
f 1790//45 1791//45 1892//45 1891//45
f 1791//45 1792//45 1893//45 1892//45
f 1792//46 1793//46 1894//46 1893//46
f 1793//47 1794//47 1895//47 1894//47
f 1794//47 1795//47 1896//47 1895//47
f 1795//48 1796//48 1897//48 1896//48
f 1796//49 1797//49 1898//49 1897//49
f 1797//49 1798//49 1899//49 1898//49
f 1798//50 1799//50 1900//50 1899//50
f 1799//51 1800//51 1901//51 1900//51
f 1800//51 1801//51 1902//51 1901//51
f 1801//52 1802//52 1903//52 1902//52
f 1802//53 1803//53 1904//53 1903//53
f 1803//53 1804//53 1905//53 1904//53
f 1804//53 1805//53 1906//53 1905//53
f 1805//54 1806//54 1907//54 1906//54
f 1806//55 1807//55 1908//55 1907//55
f 1807//55 1808//55 1909//55 1908//55
f 1808//56 1809//56 1910//56 1909//56
f 1809//57 1810//57 1911//57 1910//57
f 1810//57 1811//57 1912//57 1911//57
f 1811//58 1812//58 1913//58 1912//58
f 1812//59 1813//59 1914//59 1913//59
f 1813//59 1814//59 1915//59 1914//59
f 1814//60 1815//60 1916//60 1915//60
f 1815//61 1816//61 1917//61 1916//61
f 1816//61 1817//61 1918//61 1917//61
f 1817//61 1818//61 1919//61 1918//61
f 1819//1 1820//1 1921//1 1920//1
f 1820//1 1821//1 1922//1 1921//1
f 1821//1 1822//1 1923//1 1922//1
f 1822//2 1823//2 1924//2 1923//2
f 1823//3 1824//3 1925//3 1924//3
f 1824//3 1825//3 1926//3 1925//3
f 1825//4 1826//4 1927//4 1926//4
f 1826//5 1827//5 1928//5 1927//5
f 1827//5 1828//5 1929//5 1928//5
f 1828//6 1829//6 1930//6 1929//6
f 1829//7 1830//7 1931//7 1930//7
f 1830//7 1831//7 1932//7 1931//7
f 1831//8 1832//8 1933//8 1932//8
f 1832//9 1833//9 1934//9 1933//9
f 1833//9 1834//9 1935//9 1934//9
f 1834//9 1835//9 1936//9 1935//9
f 1835//10 1836//10 1937//10 1936//10
f 1836//11 1837//11 1938//11 1937//11
f 1837//11 1838//11 1939//11 1938//11
f 1838//12 1839//12 1940//12 1939//12
f 1839//13 1840//13 1941//13 1940//13
f 1840//13 1841//13 1942//13 1941//13
f 1841//14 1842//14 1943//14 1942//14
f 1842//15 1843//15 1944//15 1943//15
f 1843//15 1844//15 1945//15 1944//15
f 1844//16 1845//16 1946//16 1945//16
f 1845//17 1846//17 1947//17 1946//17
f 1846//17 1847//17 1948//17 1947//17
f 1847//17 1848//17 1949//17 1948//17
f 1848//18 1849//18 1950//18 1949//18
f 1849//19 1850//19 1951//19 1950//19
f 1850//19 1851//19 1952//19 1951//19
f 1851//20 1852//20 1953//20 1952//20
f 1852//21 1853//21 1954//21 1953//21
f 1853//21 1854//21 1955//21 1954//21
f 1854//22 1855//22 1956//22 1955//22
f 1855//23 1856//23 1957//23 1956//23
f 1856//23 1857//23 1958//23 1957//23
f 1857//24 1858//24 1959//24 1958//24
f 1858//25 1859//25 1960//25 1959//25
f 1859//25 1860//25 1961//25 1960//25
f 1860//26 1861//26 1962//26 1961//26
f 1861//27 1862//27 1963//27 1962//27
f 1862//27 1863//27 1964//27 1963//27
f 1863//27 1864//27 1965//27 1964//27
f 1864//28 1865//28 1966//28 1965//28
f 1865//29 1866//29 1967//29 1966//29
f 1866//29 1867//29 1968//29 1967//29
f 1867//30 1868//30 1969//30 1968//30
f 1868//31 1869//31 1970//31 1969//31
f 1869//31 1870//31 1971//31 1970//31
f 1870//32 1871//32 1972//32 1971//32
f 1871//33 1872//33 1973//33 1972//33
f 1872//33 1873//33 1974//33 1973//33
f 1873//34 1874//34 1975//34 1974//34
f 1874//35 1875//35 1976//35 1975//35
f 1875//35 1876//35 1977//35 1976//35
f 1876//35 1877//35 1978//35 1977//35
f 1877//36 1878//36 1979//36 1978//36
f 1878//37 1879//37 1980//37 1979//37
f 1879//37 1880//37 1981//37 1980//37
f 1880//38 1881//38 1982//38 1981//38
f 1881//39 1882//39 1983//39 1982//39
f 1882//39 1883//39 1984//39 1983//39
f 1883//40 1884//40 1985//40 1984//40
f 1884//41 1885//41 1986//41 1985//41
f 1885//41 1886//41 1987//41 1986//41
f 1886//42 1887//42 1988//42 1987//42
f 1887//43 1888//43 1989//43 1988//43
f 1888//43 1889//43 1990//43 1989//43
f 1889//44 1890//44 1991//44 1990//44
f 1890//45 1891//45 1992//45 1991//45
f 1891//45 1892//45 1993//45 1992//45
f 1892//45 1893//45 1994//45 1993//45
f 1893//46 1894//46 1995//46 1994//46
f 1894//47 1895//47 1996//47 1995//47
f 1895//47 1896//47 1997//47 1996//47
f 1896//48 1897//48 1998//48 1997//48
f 1897//49 1898//49 1999//49 1998//49
f 1898//49 1899//49 2000//49 1999//49
f 1899//50 1900//50 2001//50 2000//50
f 1900//51 1901//51 2002//51 2001//51
f 1901//51 1902//51 2003//51 2002//51
f 1902//52 1903//52 2004//52 2003//52
f 1903//53 1904//53 2005//53 2004//53
f 1904//53 1905//53 2006//53 2005//53
f 1905//53 1906//53 2007//53 2006//53
f 1906//54 1907//54 2008//54 2007//54
f 1907//55 1908//55 2009//55 2008//55
f 1908//55 1909//55 2010//55 2009//55
f 1909//56 1910//56 2011//56 2010//56
f 1910//57 1911//57 2012//57 2011//57
f 1911//57 1912//57 2013//57 2012//57
f 1912//58 1913//58 2014//58 2013//58
f 1913//59 1914//59 2015//59 2014//59
f 1914//59 1915//59 2016//59 2015//59
f 1915//60 1916//60 2017//60 2016//60
f 1916//61 1917//61 2018//61 2017//61
f 1917//61 1918//61 2019//61 2018//61
f 1918//61 1919//61 2020//61 2019//61
f 1920//1 1921//1 2022//1 2021//1
f 1921//1 1922//1 2023//1 2022//1
f 1922//1 1923//1 2024//1 2023//1
f 1923//2 1924//2 2025//2 2024//2
f 1924//3 1925//3 2026//3 2025//3
f 1925//3 1926//3 2027//3 2026//3
f 1926//4 1927//4 2028//4 2027//4
f 1927//5 1928//5 2029//5 2028//5
f 1928//5 1929//5 2030//5 2029//5
f 1929//6 1930//6 2031//6 2030//6
f 1930//7 1931//7 2032//7 2031//7
f 1931//7 1932//7 2033//7 2032//7
f 1932//8 1933//8 2034//8 2033//8
f 1933//9 1934//9 2035//9 2034//9
f 1934//9 1935//9 2036//9 2035//9
f 1935//9 1936//9 2037//9 2036//9
f 1936//10 1937//10 2038//10 2037//10
f 1937//11 1938//11 2039//11 2038//11
f 1938//11 1939//11 2040//11 2039//11
f 1939//12 1940//12 2041//12 2040//12
f 1940//13 1941//13 2042//13 2041//13
f 1941//13 1942//13 2043//13 2042//13
f 1942//14 1943//14 2044//14 2043//14
f 1943//15 1944//15 2045//15 2044//15
f 1944//15 1945//15 2046//15 2045//15
f 1945//16 1946//16 2047//16 2046//16
f 1946//17 1947//17 2048//17 2047//17
f 1947//17 1948//17 2049//17 2048//17
f 1948//17 1949//17 2050//17 2049//17
f 1949//18 1950//18 2051//18 2050//18
f 1950//19 1951//19 2052//19 2051//19
f 1951//19 1952//19 2053//19 2052//19
f 1952//20 1953//20 2054//20 2053//20
f 1953//21 1954//21 2055//21 2054//21
f 1954//21 1955//21 2056//21 2055//21
f 1955//22 1956//22 2057//22 2056//22
f 1956//23 1957//23 2058//23 2057//23
f 1957//23 1958//23 2059//23 2058//23
f 1958//24 1959//24 2060//24 2059//24
f 1959//25 1960//25 2061//25 2060//25
f 1960//25 1961//25 2062//25 2061//25
f 1961//26 1962//26 2063//26 2062//26
f 1962//27 1963//27 2064//27 2063//27
f 1963//27 1964//27 2065//27 2064//27
f 1964//27 1965//27 2066//27 2065//27
f 1965//28 1966//28 2067//28 2066//28
f 1966//29 1967//29 2068//29 2067//29
f 1967//29 1968//29 2069//29 2068//29
f 1968//30 1969//30 2070//30 2069//30
f 1969//31 1970//31 2071//31 2070//31
f 1970//31 1971//31 2072//31 2071//31
f 1971//32 1972//32 2073//32 2072//32
f 1972//33 1973//33 2074//33 2073//33
f 1973//33 1974//33 2075//33 2074//33
f 1974//34 1975//34 2076//34 2075//34
f 1975//35 1976//35 2077//35 2076//35
f 1976//35 1977//35 2078//35 2077//35
f 1977//35 1978//35 2079//35 2078//35
f 1978//36 1979//36 2080//36 2079//36
f 1979//37 1980//37 2081//37 2080//37
f 1980//37 1981//37 2082//37 2081//37
f 1981//38 1982//38 2083//38 2082//38
f 1982//39 1983//39 2084//39 2083//39
f 1983//39 1984//39 2085//39 2084//39
f 1984//40 1985//40 2086//40 2085//40
f 1985//41 1986//41 2087//41 2086//41
f 1986//41 1987//41 2088//41 2087//41
f 1987//42 1988//42 2089//42 2088//42
f 1988//43 1989//43 2090//43 2089//43
f 1989//43 1990//43 2091//43 2090//43
f 1990//44 1991//44 2092//44 2091//44
f 1991//45 1992//45 2093//45 2092//45
f 1992//45 1993//45 2094//45 2093//45
f 1993//45 1994//45 2095//45 2094//45
f 1994//46 1995//46 2096//46 2095//46
f 1995//47 1996//47 2097//47 2096//47
f 1996//47 1997//47 2098//47 2097//47
f 1997//48 1998//48 2099//48 2098//48
f 1998//49 1999//49 2100//49 2099//49
f 1999//49 2000//49 2101//49 2100//49
f 2000//50 2001//50 2102//50 2101//50
f 2001//51 2002//51 2103//51 2102//51
f 2002//51 2003//51 2104//51 2103//51
f 2003//52 2004//52 2105//52 2104//52
f 2004//53 2005//53 2106//53 2105//53
f 2005//53 2006//53 2107//53 2106//53
f 2006//53 2007//53 2108//53 2107//53
f 2007//54 2008//54 2109//54 2108//54
f 2008//55 2009//55 2110//55 2109//55
f 2009//55 2010//55 2111//55 2110//55
f 2010//56 2011//56 2112//56 2111//56
f 2011//57 2012//57 2113//57 2112//57
f 2012//57 2013//57 2114//57 2113//57
f 2013//58 2014//58 2115//58 2114//58
f 2014//59 2015//59 2116//59 2115//59
f 2015//59 2016//59 2117//59 2116//59
f 2016//60 2017//60 2118//60 2117//60
f 2017//61 2018//61 2119//61 2118//61
f 2018//61 2019//61 2120//61 2119//61
f 2019//61 2020//61 2121//61 2120//61
f 2021//1 2022//1 2123//1 2122//1
f 2022//1 2023//1 2124//1 2123//1
f 2023//1 2024//1 2125//1 2124//1
f 2024//2 2025//2 2126//2 2125//2
f 2025//3 2026//3 2127//3 2126//3
f 2026//3 2027//3 2128//3 2127//3
f 2027//4 2028//4 2129//4 2128//4
f 2028//5 2029//5 2130//5 2129//5
f 2029//5 2030//5 2131//5 2130//5
f 2030//6 2031//6 2132//6 2131//6
f 2031//7 2032//7 2133//7 2132//7
f 2032//7 2033//7 2134//7 2133//7
f 2033//8 2034//8 2135//8 2134//8
f 2034//9 2035//9 2136//9 2135//9
f 2035//9 2036//9 2137//9 2136//9
f 2036//9 2037//9 2138//9 2137//9
f 2037//10 2038//10 2139//10 2138//10
f 2038//11 2039//11 2140//11 2139//11
f 2039//11 2040//11 2141//11 2140//11
f 2040//12 2041//12 2142//12 2141//12
f 2041//13 2042//13 2143//13 2142//13
f 2042//13 2043//13 2144//13 2143//13
f 2043//14 2044//14 2145//14 2144//14
f 2044//15 2045//15 2146//15 2145//15
f 2045//15 2046//15 2147//15 2146//15
f 2046//16 2047//16 2148//16 2147//16
f 2047//17 2048//17 2149//17 2148//17
f 2048//17 2049//17 2150//17 2149//17
f 2049//17 2050//17 2151//17 2150//17
f 2050//18 2051//18 2152//18 2151//18
f 2051//19 2052//19 2153//19 2152//19
f 2052//19 2053//19 2154//19 2153//19
f 2053//20 2054//20 2155//20 2154//20
f 2054//21 2055//21 2156//21 2155//21
f 2055//21 2056//21 2157//21 2156//21
f 2056//22 2057//22 2158//22 2157//22
f 2057//23 2058//23 2159//23 2158//23
f 2058//23 2059//23 2160//23 2159//23
f 2059//24 2060//24 2161//24 2160//24
f 2060//25 2061//25 2162//25 2161//25
f 2061//25 2062//25 2163//25 2162//25
f 2062//26 2063//26 2164//26 2163//26
f 2063//27 2064//27 2165//27 2164//27
f 2064//27 2065//27 2166//27 2165//27
f 2065//27 2066//27 2167//27 2166//27
f 2066//28 2067//28 2168//28 2167//28
f 2067//29 2068//29 2169//29 2168//29
f 2068//29 2069//29 2170//29 2169//29
f 2069//30 2070//30 2171//30 2170//30
f 2070//31 2071//31 2172//31 2171//31
f 2071//31 2072//31 2173//31 2172//31
f 2072//32 2073//32 2174//32 2173//32
f 2073//33 2074//33 2175//33 2174//33
f 2074//33 2075//33 2176//33 2175//33
f 2075//34 2076//34 2177//34 2176//34
f 2076//35 2077//35 2178//35 2177//35
f 2077//35 2078//35 2179//35 2178//35
f 2078//35 2079//35 2180//35 2179//35
f 2079//36 2080//36 2181//36 2180//36
f 2080//37 2081//37 2182//37 2181//37
f 2081//37 2082//37 2183//37 2182//37
f 2082//38 2083//38 2184//38 2183//38
f 2083//39 2084//39 2185//39 2184//39
f 2084//39 2085//39 2186//39 2185//39
f 2085//40 2086//40 2187//40 2186//40
f 2086//41 2087//41 2188//41 2187//41
f 2087//41 2088//41 2189//41 2188//41
f 2088//42 2089//42 2190//42 2189//42
f 2089//43 2090//43 2191//43 2190//43
f 2090//43 2091//43 2192//43 2191//43
f 2091//44 2092//44 2193//44 2192//44
f 2092//45 2093//45 2194//45 2193//45
f 2093//45 2094//45 2195//45 2194//45
f 2094//45 2095//45 2196//45 2195//45
f 2095//46 2096//46 2197//46 2196//46
f 2096//47 2097//47 2198//47 2197//47
f 2097//47 2098//47 2199//47 2198//47
f 2098//48 2099//48 2200//48 2199//48
f 2099//49 2100//49 2201//49 2200//49
f 2100//49 2101//49 2202//49 2201//49
f 2101//50 2102//50 2203//50 2202//50
f 2102//51 2103//51 2204//51 2203//51
f 2103//51 2104//51 2205//51 2204//51
f 2104//52 2105//52 2206//52 2205//52
f 2105//53 2106//53 2207//53 2206//53
f 2106//53 2107//53 2208//53 2207//53
f 2107//53 2108//53 2209//53 2208//53
f 2108//54 2109//54 2210//54 2209//54
f 2109//55 2110//55 2211//55 2210//55
f 2110//55 2111//55 2212//55 2211//55
f 2111//56 2112//56 2213//56 2212//56
f 2112//57 2113//57 2214//57 2213//57
f 2113//57 2114//57 2215//57 2214//57
f 2114//58 2115//58 2216//58 2215//58
f 2115//59 2116//59 2217//59 2216//59
f 2116//59 2117//59 2218//59 2217//59
f 2117//60 2118//60 2219//60 2218//60
f 2118//61 2119//61 2220//61 2219//61
f 2119//61 2120//61 2221//61 2220//61
f 2120//61 2121//61 2222//61 2221//61
f 2122//1 2123//1 2224//1 2223//1
f 2123//1 2124//1 2225//1 2224//1
f 2124//1 2125//1 2226//1 2225//1
f 2125//2 2126//2 2227//2 2226//2
f 2126//3 2127//3 2228//3 2227//3
f 2127//3 2128//3 2229//3 2228//3
f 2128//4 2129//4 2230//4 2229//4
f 2129//5 2130//5 2231//5 2230//5
f 2130//5 2131//5 2232//5 2231//5
f 2131//6 2132//6 2233//6 2232//6
f 2132//7 2133//7 2234//7 2233//7
f 2133//7 2134//7 2235//7 2234//7
f 2134//8 2135//8 2236//8 2235//8
f 2135//9 2136//9 2237//9 2236//9
f 2136//9 2137//9 2238//9 2237//9
f 2137//9 2138//9 2239//9 2238//9
f 2138//10 2139//10 2240//10 2239//10
f 2139//11 2140//11 2241//11 2240//11
f 2140//11 2141//11 2242//11 2241//11
f 2141//12 2142//12 2243//12 2242//12
f 2142//13 2143//13 2244//13 2243//13
f 2143//13 2144//13 2245//13 2244//13
f 2144//14 2145//14 2246//14 2245//14
f 2145//15 2146//15 2247//15 2246//15
f 2146//15 2147//15 2248//15 2247//15
f 2147//16 2148//16 2249//16 2248//16
f 2148//17 2149//17 2250//17 2249//17
f 2149//17 2150//17 2251//17 2250//17
f 2150//17 2151//17 2252//17 2251//17
f 2151//18 2152//18 2253//18 2252//18
f 2152//19 2153//19 2254//19 2253//19
f 2153//19 2154//19 2255//19 2254//19
f 2154//20 2155//20 2256//20 2255//20
f 2155//21 2156//21 2257//21 2256//21
f 2156//21 2157//21 2258//21 2257//21
f 2157//22 2158//22 2259//22 2258//22
f 2158//23 2159//23 2260//23 2259//23
f 2159//23 2160//23 2261//23 2260//23
f 2160//24 2161//24 2262//24 2261//24
f 2161//25 2162//25 2263//25 2262//25
f 2162//25 2163//25 2264//25 2263//25
f 2163//26 2164//26 2265//26 2264//26
f 2164//27 2165//27 2266//27 2265//27
f 2165//27 2166//27 2267//27 2266//27
f 2166//27 2167//27 2268//27 2267//27
f 2167//28 2168//28 2269//28 2268//28
f 2168//29 2169//29 2270//29 2269//29
f 2169//29 2170//29 2271//29 2270//29
f 2170//30 2171//30 2272//30 2271//30
f 2171//31 2172//31 2273//31 2272//31
f 2172//31 2173//31 2274//31 2273//31
f 2173//32 2174//32 2275//32 2274//32
f 2174//33 2175//33 2276//33 2275//33
f 2175//33 2176//33 2277//33 2276//33
f 2176//34 2177//34 2278//34 2277//34
f 2177//35 2178//35 2279//35 2278//35
f 2178//35 2179//35 2280//35 2279//35
f 2179//35 2180//35 2281//35 2280//35
f 2180//36 2181//36 2282//36 2281//36
f 2181//37 2182//37 2283//37 2282//37
f 2182//37 2183//37 2284//37 2283//37
f 2183//38 2184//38 2285//38 2284//38
f 2184//39 2185//39 2286//39 2285//39
f 2185//39 2186//39 2287//39 2286//39
f 2186//40 2187//40 2288//40 2287//40
f 2187//41 2188//41 2289//41 2288//41
f 2188//41 2189//41 2290//41 2289//41
f 2189//42 2190//42 2291//42 2290//42
f 2190//43 2191//43 2292//43 2291//43
f 2191//43 2192//43 2293//43 2292//43
f 2192//44 2193//44 2294//44 2293//44
f 2193//45 2194//45 2295//45 2294//45
f 2194//45 2195//45 2296//45 2295//45
f 2195//45 2196//45 2297//45 2296//45
f 2196//46 2197//46 2298//46 2297//46
f 2197//47 2198//47 2299//47 2298//47
f 2198//47 2199//47 2300//47 2299//47
f 2199//48 2200//48 2301//48 2300//48
f 2200//49 2201//49 2302//49 2301//49
f 2201//49 2202//49 2303//49 2302//49
f 2202//50 2203//50 2304//50 2303//50
f 2203//51 2204//51 2305//51 2304//51
f 2204//51 2205//51 2306//51 2305//51
f 2205//52 2206//52 2307//52 2306//52
f 2206//53 2207//53 2308//53 2307//53
f 2207//53 2208//53 2309//53 2308//53
f 2208//53 2209//53 2310//53 2309//53
f 2209//54 2210//54 2311//54 2310//54
f 2210//55 2211//55 2312//55 2311//55
f 2211//55 2212//55 2313//55 2312//55
f 2212//56 2213//56 2314//56 2313//56
f 2213//57 2214//57 2315//57 2314//57
f 2214//57 2215//57 2316//57 2315//57
f 2215//58 2216//58 2317//58 2316//58
f 2216//59 2217//59 2318//59 2317//59
f 2217//59 2218//59 2319//59 2318//59
f 2218//60 2219//60 2320//60 2319//60
f 2219//61 2220//61 2321//61 2320//61
f 2220//61 2221//61 2322//61 2321//61
f 2221//61 2222//61 2323//61 2322//61
f 2223//1 2224//1 2325//1 2324//1
f 2224//1 2225//1 2326//1 2325//1
f 2225//1 2226//1 2327//1 2326//1
f 2226//2 2227//2 2328//2 2327//2
f 2227//3 2228//3 2329//3 2328//3
f 2228//3 2229//3 2330//3 2329//3
f 2229//4 2230//4 2331//4 2330//4
f 2230//5 2231//5 2332//5 2331//5
f 2231//5 2232//5 2333//5 2332//5
f 2232//6 2233//6 2334//6 2333//6
f 2233//7 2234//7 2335//7 2334//7
f 2234//7 2235//7 2336//7 2335//7
f 2235//8 2236//8 2337//8 2336//8
f 2236//9 2237//9 2338//9 2337//9
f 2237//9 2238//9 2339//9 2338//9
f 2238//9 2239//9 2340//9 2339//9
f 2239//10 2240//10 2341//10 2340//10
f 2240//11 2241//11 2342//11 2341//11
f 2241//11 2242//11 2343//11 2342//11
f 2242//12 2243//12 2344//12 2343//12
f 2243//13 2244//13 2345//13 2344//13
f 2244//13 2245//13 2346//13 2345//13
f 2245//14 2246//14 2347//14 2346//14
f 2246//15 2247//15 2348//15 2347//15
f 2247//15 2248//15 2349//15 2348//15
f 2248//16 2249//16 2350//16 2349//16
f 2249//17 2250//17 2351//17 2350//17
f 2250//17 2251//17 2352//17 2351//17
f 2251//17 2252//17 2353//17 2352//17
f 2252//18 2253//18 2354//18 2353//18
f 2253//19 2254//19 2355//19 2354//19
f 2254//19 2255//19 2356//19 2355//19
f 2255//20 2256//20 2357//20 2356//20
f 2256//21 2257//21 2358//21 2357//21
f 2257//21 2258//21 2359//21 2358//21
f 2258//22 2259//22 2360//22 2359//22
f 2259//23 2260//23 2361//23 2360//23
f 2260//23 2261//23 2362//23 2361//23
f 2261//24 2262//24 2363//24 2362//24
f 2262//25 2263//25 2364//25 2363//25
f 2263//25 2264//25 2365//25 2364//25
f 2264//26 2265//26 2366//26 2365//26
f 2265//27 2266//27 2367//27 2366//27
f 2266//27 2267//27 2368//27 2367//27
f 2267//27 2268//27 2369//27 2368//27
f 2268//28 2269//28 2370//28 2369//28
f 2269//29 2270//29 2371//29 2370//29
f 2270//29 2271//29 2372//29 2371//29
f 2271//30 2272//30 2373//30 2372//30
f 2272//31 2273//31 2374//31 2373//31
f 2273//31 2274//31 2375//31 2374//31
f 2274//32 2275//32 2376//32 2375//32
f 2275//33 2276//33 2377//33 2376//33
f 2276//33 2277//33 2378//33 2377//33
f 2277//34 2278//34 2379//34 2378//34
f 2278//35 2279//35 2380//35 2379//35
f 2279//35 2280//35 2381//35 2380//35
f 2280//35 2281//35 2382//35 2381//35
f 2281//36 2282//36 2383//36 2382//36
f 2282//37 2283//37 2384//37 2383//37
f 2283//37 2284//37 2385//37 2384//37
f 2284//38 2285//38 2386//38 2385//38
f 2285//39 2286//39 2387//39 2386//39
f 2286//39 2287//39 2388//39 2387//39
f 2287//40 2288//40 2389//40 2388//40
f 2288//41 2289//41 2390//41 2389//41
f 2289//41 2290//41 2391//41 2390//41
f 2290//42 2291//42 2392//42 2391//42
f 2291//43 2292//43 2393//43 2392//43
f 2292//43 2293//43 2394//43 2393//43
f 2293//44 2294//44 2395//44 2394//44
f 2294//45 2295//45 2396//45 2395//45
f 2295//45 2296//45 2397//45 2396//45
f 2296//45 2297//45 2398//45 2397//45
f 2297//46 2298//46 2399//46 2398//46
f 2298//47 2299//47 2400//47 2399//47
f 2299//47 2300//47 2401//47 2400//47
f 2300//48 2301//48 2402//48 2401//48
f 2301//49 2302//49 2403//49 2402//49
f 2302//49 2303//49 2404//49 2403//49
f 2303//50 2304//50 2405//50 2404//50
f 2304//51 2305//51 2406//51 2405//51
f 2305//51 2306//51 2407//51 2406//51
f 2306//52 2307//52 2408//52 2407//52
f 2307//53 2308//53 2409//53 2408//53
f 2308//53 2309//53 2410//53 2409//53
f 2309//53 2310//53 2411//53 2410//53
f 2310//54 2311//54 2412//54 2411//54
f 2311//55 2312//55 2413//55 2412//55
f 2312//55 2313//55 2414//55 2413//55
f 2313//56 2314//56 2415//56 2414//56
f 2314//57 2315//57 2416//57 2415//57
f 2315//57 2316//57 2417//57 2416//57
f 2316//58 2317//58 2418//58 2417//58
f 2317//59 2318//59 2419//59 2418//59
f 2318//59 2319//59 2420//59 2419//59
f 2319//60 2320//60 2421//60 2420//60
f 2320//61 2321//61 2422//61 2421//61
f 2321//61 2322//61 2423//61 2422//61
f 2322//61 2323//61 2424//61 2423//61
f 2324//1 2325//1 2426//1 2425//1
f 2325//1 2326//1 2427//1 2426//1
f 2326//1 2327//1 2428//1 2427//1
f 2327//2 2328//2 2429//2 2428//2
f 2328//3 2329//3 2430//3 2429//3
f 2329//3 2330//3 2431//3 2430//3
f 2330//4 2331//4 2432//4 2431//4
f 2331//5 2332//5 2433//5 2432//5
f 2332//5 2333//5 2434//5 2433//5
f 2333//6 2334//6 2435//6 2434//6
f 2334//7 2335//7 2436//7 2435//7
f 2335//7 2336//7 2437//7 2436//7
f 2336//8 2337//8 2438//8 2437//8
f 2337//9 2338//9 2439//9 2438//9
f 2338//9 2339//9 2440//9 2439//9
f 2339//9 2340//9 2441//9 2440//9
f 2340//10 2341//10 2442//10 2441//10
f 2341//11 2342//11 2443//11 2442//11
f 2342//11 2343//11 2444//11 2443//11
f 2343//12 2344//12 2445//12 2444//12
f 2344//13 2345//13 2446//13 2445//13
f 2345//13 2346//13 2447//13 2446//13
f 2346//14 2347//14 2448//14 2447//14
f 2347//15 2348//15 2449//15 2448//15
f 2348//15 2349//15 2450//15 2449//15
f 2349//16 2350//16 2451//16 2450//16
f 2350//17 2351//17 2452//17 2451//17
f 2351//17 2352//17 2453//17 2452//17
f 2352//17 2353//17 2454//17 2453//17
f 2353//18 2354//18 2455//18 2454//18
f 2354//19 2355//19 2456//19 2455//19
f 2355//19 2356//19 2457//19 2456//19
f 2356//20 2357//20 2458//20 2457//20
f 2357//21 2358//21 2459//21 2458//21
f 2358//21 2359//21 2460//21 2459//21
f 2359//22 2360//22 2461//22 2460//22
f 2360//23 2361//23 2462//23 2461//23
f 2361//23 2362//23 2463//23 2462//23
f 2362//24 2363//24 2464//24 2463//24
f 2363//25 2364//25 2465//25 2464//25
f 2364//25 2365//25 2466//25 2465//25
f 2365//26 2366//26 2467//26 2466//26
f 2366//27 2367//27 2468//27 2467//27
f 2367//27 2368//27 2469//27 2468//27
f 2368//27 2369//27 2470//27 2469//27
f 2369//28 2370//28 2471//28 2470//28
f 2370//29 2371//29 2472//29 2471//29
f 2371//29 2372//29 2473//29 2472//29
f 2372//30 2373//30 2474//30 2473//30
f 2373//31 2374//31 2475//31 2474//31
f 2374//31 2375//31 2476//31 2475//31
f 2375//32 2376//32 2477//32 2476//32
f 2376//33 2377//33 2478//33 2477//33
f 2377//33 2378//33 2479//33 2478//33
f 2378//34 2379//34 2480//34 2479//34
f 2379//35 2380//35 2481//35 2480//35
f 2380//35 2381//35 2482//35 2481//35
f 2381//35 2382//35 2483//35 2482//35
f 2382//36 2383//36 2484//36 2483//36
f 2383//37 2384//37 2485//37 2484//37
f 2384//37 2385//37 2486//37 2485//37
f 2385//38 2386//38 2487//38 2486//38
f 2386//39 2387//39 2488//39 2487//39
f 2387//39 2388//39 2489//39 2488//39
f 2388//40 2389//40 2490//40 2489//40
f 2389//41 2390//41 2491//41 2490//41
f 2390//41 2391//41 2492//41 2491//41
f 2391//42 2392//42 2493//42 2492//42
f 2392//43 2393//43 2494//43 2493//43
f 2393//43 2394//43 2495//43 2494//43
f 2394//44 2395//44 2496//44 2495//44
f 2395//45 2396//45 2497//45 2496//45
f 2396//45 2397//45 2498//45 2497//45
f 2397//45 2398//45 2499//45 2498//45
f 2398//46 2399//46 2500//46 2499//46
f 2399//47 2400//47 2501//47 2500//47
f 2400//47 2401//47 2502//47 2501//47
f 2401//48 2402//48 2503//48 2502//48
f 2402//49 2403//49 2504//49 2503//49
f 2403//49 2404//49 2505//49 2504//49
f 2404//50 2405//50 2506//50 2505//50
f 2405//51 2406//51 2507//51 2506//51
f 2406//51 2407//51 2508//51 2507//51
f 2407//52 2408//52 2509//52 2508//52
f 2408//53 2409//53 2510//53 2509//53
f 2409//53 2410//53 2511//53 2510//53
f 2410//53 2411//53 2512//53 2511//53
f 2411//54 2412//54 2513//54 2512//54
f 2412//55 2413//55 2514//55 2513//55
f 2413//55 2414//55 2515//55 2514//55
f 2414//56 2415//56 2516//56 2515//56
f 2415//57 2416//57 2517//57 2516//57
f 2416//57 2417//57 2518//57 2517//57
f 2417//58 2418//58 2519//58 2518//58
f 2418//59 2419//59 2520//59 2519//59
f 2419//59 2420//59 2521//59 2520//59
f 2420//60 2421//60 2522//60 2521//60
f 2421//61 2422//61 2523//61 2522//61
f 2422//61 2423//61 2524//61 2523//61
f 2423//61 2424//61 2525//61 2524//61
f 2425//1 2426//1 2527//1 2526//1
f 2426//1 2427//1 2528//1 2527//1
f 2427//1 2428//1 2529//1 2528//1
f 2428//2 2429//2 2530//2 2529//2
f 2429//3 2430//3 2531//3 2530//3
f 2430//3 2431//3 2532//3 2531//3
f 2431//4 2432//4 2533//4 2532//4
f 2432//5 2433//5 2534//5 2533//5
f 2433//5 2434//5 2535//5 2534//5
f 2434//6 2435//6 2536//6 2535//6
f 2435//7 2436//7 2537//7 2536//7
f 2436//7 2437//7 2538//7 2537//7
f 2437//8 2438//8 2539//8 2538//8
f 2438//9 2439//9 2540//9 2539//9
f 2439//9 2440//9 2541//9 2540//9
f 2440//9 2441//9 2542//9 2541//9
f 2441//10 2442//10 2543//10 2542//10
f 2442//11 2443//11 2544//11 2543//11
f 2443//11 2444//11 2545//11 2544//11
f 2444//12 2445//12 2546//12 2545//12
f 2445//13 2446//13 2547//13 2546//13
f 2446//13 2447//13 2548//13 2547//13
f 2447//14 2448//14 2549//14 2548//14
f 2448//15 2449//15 2550//15 2549//15
f 2449//15 2450//15 2551//15 2550//15
f 2450//16 2451//16 2552//16 2551//16
f 2451//17 2452//17 2553//17 2552//17
f 2452//17 2453//17 2554//17 2553//17
f 2453//17 2454//17 2555//17 2554//17
f 2454//18 2455//18 2556//18 2555//18
f 2455//19 2456//19 2557//19 2556//19
f 2456//19 2457//19 2558//19 2557//19
f 2457//20 2458//20 2559//20 2558//20
f 2458//21 2459//21 2560//21 2559//21
f 2459//21 2460//21 2561//21 2560//21
f 2460//22 2461//22 2562//22 2561//22
f 2461//23 2462//23 2563//23 2562//23
f 2462//23 2463//23 2564//23 2563//23
f 2463//24 2464//24 2565//24 2564//24
f 2464//25 2465//25 2566//25 2565//25
f 2465//25 2466//25 2567//25 2566//25
f 2466//26 2467//26 2568//26 2567//26
f 2467//27 2468//27 2569//27 2568//27
f 2468//27 2469//27 2570//27 2569//27
f 2469//27 2470//27 2571//27 2570//27
f 2470//28 2471//28 2572//28 2571//28
f 2471//29 2472//29 2573//29 2572//29
f 2472//29 2473//29 2574//29 2573//29
f 2473//30 2474//30 2575//30 2574//30
f 2474//31 2475//31 2576//31 2575//31
f 2475//31 2476//31 2577//31 2576//31
f 2476//32 2477//32 2578//32 2577//32
f 2477//33 2478//33 2579//33 2578//33
f 2478//33 2479//33 2580//33 2579//33
f 2479//34 2480//34 2581//34 2580//34
f 2480//35 2481//35 2582//35 2581//35
f 2481//35 2482//35 2583//35 2582//35
f 2482//35 2483//35 2584//35 2583//35
f 2483//36 2484//36 2585//36 2584//36
f 2484//37 2485//37 2586//37 2585//37
f 2485//37 2486//37 2587//37 2586//37
f 2486//38 2487//38 2588//38 2587//38
f 2487//39 2488//39 2589//39 2588//39
f 2488//39 2489//39 2590//39 2589//39
f 2489//40 2490//40 2591//40 2590//40
f 2490//41 2491//41 2592//41 2591//41
f 2491//41 2492//41 2593//41 2592//41
f 2492//42 2493//42 2594//42 2593//42
f 2493//43 2494//43 2595//43 2594//43
f 2494//43 2495//43 2596//43 2595//43
f 2495//44 2496//44 2597//44 2596//44
f 2496//45 2497//45 2598//45 2597//45
f 2497//45 2498//45 2599//45 2598//45
f 2498//45 2499//45 2600//45 2599//45
f 2499//46 2500//46 2601//46 2600//46
f 2500//47 2501//47 2602//47 2601//47
f 2501//47 2502//47 2603//47 2602//47
f 2502//48 2503//48 2604//48 2603//48
f 2503//49 2504//49 2605//49 2604//49
f 2504//49 2505//49 2606//49 2605//49
f 2505//50 2506//50 2607//50 2606//50
f 2506//51 2507//51 2608//51 2607//51
f 2507//51 2508//51 2609//51 2608//51
f 2508//52 2509//52 2610//52 2609//52
f 2509//53 2510//53 2611//53 2610//53
f 2510//53 2511//53 2612//53 2611//53
f 2511//53 2512//53 2613//53 2612//53
f 2512//54 2513//54 2614//54 2613//54
f 2513//55 2514//55 2615//55 2614//55
f 2514//55 2515//55 2616//55 2615//55
f 2515//56 2516//56 2617//56 2616//56
f 2516//57 2517//57 2618//57 2617//57
f 2517//57 2518//57 2619//57 2618//57
f 2518//58 2519//58 2620//58 2619//58
f 2519//59 2520//59 2621//59 2620//59
f 2520//59 2521//59 2622//59 2621//59
f 2521//60 2522//60 2623//60 2622//60
f 2522//61 2523//61 2624//61 2623//61
f 2523//61 2524//61 2625//61 2624//61
f 2524//61 2525//61 2626//61 2625//61
f 2526//1 2527//1 2628//1 2627//1
f 2527//1 2528//1 2629//1 2628//1
f 2528//1 2529//1 2630//1 2629//1
f 2529//2 2530//2 2631//2 2630//2
f 2530//3 2531//3 2632//3 2631//3
f 2531//3 2532//3 2633//3 2632//3
f 2532//4 2533//4 2634//4 2633//4
f 2533//5 2534//5 2635//5 2634//5
f 2534//5 2535//5 2636//5 2635//5
f 2535//6 2536//6 2637//6 2636//6
f 2536//7 2537//7 2638//7 2637//7
f 2537//7 2538//7 2639//7 2638//7
f 2538//8 2539//8 2640//8 2639//8
f 2539//9 2540//9 2641//9 2640//9
f 2540//9 2541//9 2642//9 2641//9
f 2541//9 2542//9 2643//9 2642//9
f 2542//10 2543//10 2644//10 2643//10
f 2543//11 2544//11 2645//11 2644//11
f 2544//11 2545//11 2646//11 2645//11
f 2545//12 2546//12 2647//12 2646//12
f 2546//13 2547//13 2648//13 2647//13
f 2547//13 2548//13 2649//13 2648//13
f 2548//14 2549//14 2650//14 2649//14
f 2549//15 2550//15 2651//15 2650//15
f 2550//15 2551//15 2652//15 2651//15
f 2551//16 2552//16 2653//16 2652//16
f 2552//17 2553//17 2654//17 2653//17
f 2553//17 2554//17 2655//17 2654//17
f 2554//17 2555//17 2656//17 2655//17
f 2555//18 2556//18 2657//18 2656//18
f 2556//19 2557//19 2658//19 2657//19
f 2557//19 2558//19 2659//19 2658//19
f 2558//20 2559//20 2660//20 2659//20
f 2559//21 2560//21 2661//21 2660//21
f 2560//21 2561//21 2662//21 2661//21
f 2561//22 2562//22 2663//22 2662//22
f 2562//23 2563//23 2664//23 2663//23
f 2563//23 2564//23 2665//23 2664//23
f 2564//24 2565//24 2666//24 2665//24
f 2565//25 2566//25 2667//25 2666//25
f 2566//25 2567//25 2668//25 2667//25
f 2567//26 2568//26 2669//26 2668//26
f 2568//27 2569//27 2670//27 2669//27
f 2569//27 2570//27 2671//27 2670//27
f 2570//27 2571//27 2672//27 2671//27
f 2571//28 2572//28 2673//28 2672//28
f 2572//29 2573//29 2674//29 2673//29
f 2573//29 2574//29 2675//29 2674//29
f 2574//30 2575//30 2676//30 2675//30
f 2575//31 2576//31 2677//31 2676//31
f 2576//31 2577//31 2678//31 2677//31
f 2577//32 2578//32 2679//32 2678//32
f 2578//33 2579//33 2680//33 2679//33
f 2579//33 2580//33 2681//33 2680//33
f 2580//34 2581//34 2682//34 2681//34
f 2581//35 2582//35 2683//35 2682//35
f 2582//35 2583//35 2684//35 2683//35
f 2583//35 2584//35 2685//35 2684//35
f 2584//36 2585//36 2686//36 2685//36
f 2585//37 2586//37 2687//37 2686//37
f 2586//37 2587//37 2688//37 2687//37
f 2587//38 2588//38 2689//38 2688//38
f 2588//39 2589//39 2690//39 2689//39
f 2589//39 2590//39 2691//39 2690//39
f 2590//40 2591//40 2692//40 2691//40
f 2591//41 2592//41 2693//41 2692//41
f 2592//41 2593//41 2694//41 2693//41
f 2593//42 2594//42 2695//42 2694//42
f 2594//43 2595//43 2696//43 2695//43
f 2595//43 2596//43 2697//43 2696//43
f 2596//44 2597//44 2698//44 2697//44
f 2597//45 2598//45 2699//45 2698//45
f 2598//45 2599//45 2700//45 2699//45
f 2599//45 2600//45 2701//45 2700//45
f 2600//46 2601//46 2702//46 2701//46
f 2601//47 2602//47 2703//47 2702//47
f 2602//47 2603//47 2704//47 2703//47
f 2603//48 2604//48 2705//48 2704//48
f 2604//49 2605//49 2706//49 2705//49
f 2605//49 2606//49 2707//49 2706//49
f 2606//50 2607//50 2708//50 2707//50
f 2607//51 2608//51 2709//51 2708//51
f 2608//51 2609//51 2710//51 2709//51
f 2609//52 2610//52 2711//52 2710//52
f 2610//53 2611//53 2712//53 2711//53
f 2611//53 2612//53 2713//53 2712//53
f 2612//53 2613//53 2714//53 2713//53
f 2613//54 2614//54 2715//54 2714//54
f 2614//55 2615//55 2716//55 2715//55
f 2615//55 2616//55 2717//55 2716//55
f 2616//56 2617//56 2718//56 2717//56
f 2617//57 2618//57 2719//57 2718//57
f 2618//57 2619//57 2720//57 2719//57
f 2619//58 2620//58 2721//58 2720//58
f 2620//59 2621//59 2722//59 2721//59
f 2621//59 2622//59 2723//59 2722//59
f 2622//60 2623//60 2724//60 2723//60
f 2623//61 2624//61 2725//61 2724//61
f 2624//61 2625//61 2726//61 2725//61
f 2625//61 2626//61 2727//61 2726//61
f 2627//1 2628//1 2729//1 2728//1
f 2628//1 2629//1 2730//1 2729//1
f 2629//1 2630//1 2731//1 2730//1
f 2630//2 2631//2 2732//2 2731//2
f 2631//3 2632//3 2733//3 2732//3
f 2632//3 2633//3 2734//3 2733//3
f 2633//4 2634//4 2735//4 2734//4
f 2634//5 2635//5 2736//5 2735//5
f 2635//5 2636//5 2737//5 2736//5
f 2636//6 2637//6 2738//6 2737//6
f 2637//7 2638//7 2739//7 2738//7
f 2638//7 2639//7 2740//7 2739//7
f 2639//8 2640//8 2741//8 2740//8
f 2640//9 2641//9 2742//9 2741//9
f 2641//9 2642//9 2743//9 2742//9
f 2642//9 2643//9 2744//9 2743//9
f 2643//10 2644//10 2745//10 2744//10
f 2644//11 2645//11 2746//11 2745//11
f 2645//11 2646//11 2747//11 2746//11
f 2646//12 2647//12 2748//12 2747//12
f 2647//13 2648//13 2749//13 2748//13
f 2648//13 2649//13 2750//13 2749//13
f 2649//14 2650//14 2751//14 2750//14
f 2650//15 2651//15 2752//15 2751//15
f 2651//15 2652//15 2753//15 2752//15
f 2652//16 2653//16 2754//16 2753//16
f 2653//17 2654//17 2755//17 2754//17
f 2654//17 2655//17 2756//17 2755//17
f 2655//17 2656//17 2757//17 2756//17
f 2656//18 2657//18 2758//18 2757//18
f 2657//19 2658//19 2759//19 2758//19
f 2658//19 2659//19 2760//19 2759//19
f 2659//20 2660//20 2761//20 2760//20
f 2660//21 2661//21 2762//21 2761//21
f 2661//21 2662//21 2763//21 2762//21
f 2662//22 2663//22 2764//22 2763//22
f 2663//23 2664//23 2765//23 2764//23
f 2664//23 2665//23 2766//23 2765//23
f 2665//24 2666//24 2767//24 2766//24
f 2666//25 2667//25 2768//25 2767//25
f 2667//25 2668//25 2769//25 2768//25
f 2668//26 2669//26 2770//26 2769//26
f 2669//27 2670//27 2771//27 2770//27
f 2670//27 2671//27 2772//27 2771//27
f 2671//27 2672//27 2773//27 2772//27
f 2672//28 2673//28 2774//28 2773//28
f 2673//29 2674//29 2775//29 2774//29
f 2674//29 2675//29 2776//29 2775//29
f 2675//30 2676//30 2777//30 2776//30
f 2676//31 2677//31 2778//31 2777//31
f 2677//31 2678//31 2779//31 2778//31
f 2678//32 2679//32 2780//32 2779//32
f 2679//33 2680//33 2781//33 2780//33
f 2680//33 2681//33 2782//33 2781//33
f 2681//34 2682//34 2783//34 2782//34
f 2682//35 2683//35 2784//35 2783//35
f 2683//35 2684//35 2785//35 2784//35
f 2684//35 2685//35 2786//35 2785//35
f 2685//36 2686//36 2787//36 2786//36
f 2686//37 2687//37 2788//37 2787//37
f 2687//37 2688//37 2789//37 2788//37
f 2688//38 2689//38 2790//38 2789//38
f 2689//39 2690//39 2791//39 2790//39
f 2690//39 2691//39 2792//39 2791//39
f 2691//40 2692//40 2793//40 2792//40
f 2692//41 2693//41 2794//41 2793//41
f 2693//41 2694//41 2795//41 2794//41
f 2694//42 2695//42 2796//42 2795//42
f 2695//43 2696//43 2797//43 2796//43
f 2696//43 2697//43 2798//43 2797//43
f 2697//44 2698//44 2799//44 2798//44
f 2698//45 2699//45 2800//45 2799//45
f 2699//45 2700//45 2801//45 2800//45
f 2700//45 2701//45 2802//45 2801//45
f 2701//46 2702//46 2803//46 2802//46
f 2702//47 2703//47 2804//47 2803//47
f 2703//47 2704//47 2805//47 2804//47
f 2704//48 2705//48 2806//48 2805//48
f 2705//49 2706//49 2807//49 2806//49
f 2706//49 2707//49 2808//49 2807//49
f 2707//50 2708//50 2809//50 2808//50
f 2708//51 2709//51 2810//51 2809//51
f 2709//51 2710//51 2811//51 2810//51
f 2710//52 2711//52 2812//52 2811//52
f 2711//53 2712//53 2813//53 2812//53
f 2712//53 2713//53 2814//53 2813//53
f 2713//53 2714//53 2815//53 2814//53
f 2714//54 2715//54 2816//54 2815//54
f 2715//55 2716//55 2817//55 2816//55
f 2716//55 2717//55 2818//55 2817//55
f 2717//56 2718//56 2819//56 2818//56
f 2718//57 2719//57 2820//57 2819//57
f 2719//57 2720//57 2821//57 2820//57
f 2720//58 2721//58 2822//58 2821//58
f 2721//59 2722//59 2823//59 2822//59
f 2722//59 2723//59 2824//59 2823//59
f 2723//60 2724//60 2825//60 2824//60
f 2724//61 2725//61 2826//61 2825//61
f 2725//61 2726//61 2827//61 2826//61
f 2726//61 2727//61 2828//61 2827//61
f 2728//1 2729//1 2830//1 2829//1
f 2729//1 2730//1 2831//1 2830//1
f 2730//1 2731//1 2832//1 2831//1
f 2731//2 2732//2 2833//2 2832//2
f 2732//3 2733//3 2834//3 2833//3
f 2733//3 2734//3 2835//3 2834//3
f 2734//4 2735//4 2836//4 2835//4
f 2735//5 2736//5 2837//5 2836//5
f 2736//5 2737//5 2838//5 2837//5
f 2737//6 2738//6 2839//6 2838//6
f 2738//7 2739//7 2840//7 2839//7
f 2739//7 2740//7 2841//7 2840//7
f 2740//8 2741//8 2842//8 2841//8
f 2741//9 2742//9 2843//9 2842//9
f 2742//9 2743//9 2844//9 2843//9
f 2743//9 2744//9 2845//9 2844//9
f 2744//10 2745//10 2846//10 2845//10
f 2745//11 2746//11 2847//11 2846//11
f 2746//11 2747//11 2848//11 2847//11
f 2747//12 2748//12 2849//12 2848//12
f 2748//13 2749//13 2850//13 2849//13
f 2749//13 2750//13 2851//13 2850//13
f 2750//14 2751//14 2852//14 2851//14
f 2751//15 2752//15 2853//15 2852//15
f 2752//15 2753//15 2854//15 2853//15
f 2753//16 2754//16 2855//16 2854//16
f 2754//17 2755//17 2856//17 2855//17
f 2755//17 2756//17 2857//17 2856//17
f 2756//17 2757//17 2858//17 2857//17
f 2757//18 2758//18 2859//18 2858//18
f 2758//19 2759//19 2860//19 2859//19
f 2759//19 2760//19 2861//19 2860//19
f 2760//20 2761//20 2862//20 2861//20
f 2761//21 2762//21 2863//21 2862//21
f 2762//21 2763//21 2864//21 2863//21
f 2763//22 2764//22 2865//22 2864//22
f 2764//23 2765//23 2866//23 2865//23
f 2765//23 2766//23 2867//23 2866//23
f 2766//24 2767//24 2868//24 2867//24
f 2767//25 2768//25 2869//25 2868//25
f 2768//25 2769//25 2870//25 2869//25
f 2769//26 2770//26 2871//26 2870//26
f 2770//27 2771//27 2872//27 2871//27
f 2771//27 2772//27 2873//27 2872//27
f 2772//27 2773//27 2874//27 2873//27
f 2773//28 2774//28 2875//28 2874//28
f 2774//29 2775//29 2876//29 2875//29
f 2775//29 2776//29 2877//29 2876//29
f 2776//30 2777//30 2878//30 2877//30
f 2777//31 2778//31 2879//31 2878//31
f 2778//31 2779//31 2880//31 2879//31
f 2779//32 2780//32 2881//32 2880//32
f 2780//33 2781//33 2882//33 2881//33
f 2781//33 2782//33 2883//33 2882//33
f 2782//34 2783//34 2884//34 2883//34
f 2783//35 2784//35 2885//35 2884//35
f 2784//35 2785//35 2886//35 2885//35
f 2785//35 2786//35 2887//35 2886//35
f 2786//36 2787//36 2888//36 2887//36
f 2787//37 2788//37 2889//37 2888//37
f 2788//37 2789//37 2890//37 2889//37
f 2789//38 2790//38 2891//38 2890//38
f 2790//39 2791//39 2892//39 2891//39
f 2791//39 2792//39 2893//39 2892//39
f 2792//40 2793//40 2894//40 2893//40
f 2793//41 2794//41 2895//41 2894//41
f 2794//41 2795//41 2896//41 2895//41
f 2795//42 2796//42 2897//42 2896//42
f 2796//43 2797//43 2898//43 2897//43
f 2797//43 2798//43 2899//43 2898//43
f 2798//44 2799//44 2900//44 2899//44
f 2799//45 2800//45 2901//45 2900//45
f 2800//45 2801//45 2902//45 2901//45
f 2801//45 2802//45 2903//45 2902//45
f 2802//46 2803//46 2904//46 2903//46
f 2803//47 2804//47 2905//47 2904//47
f 2804//47 2805//47 2906//47 2905//47
f 2805//48 2806//48 2907//48 2906//48
f 2806//49 2807//49 2908//49 2907//49
f 2807//49 2808//49 2909//49 2908//49
f 2808//50 2809//50 2910//50 2909//50
f 2809//51 2810//51 2911//51 2910//51
f 2810//51 2811//51 2912//51 2911//51
f 2811//52 2812//52 2913//52 2912//52
f 2812//53 2813//53 2914//53 2913//53
f 2813//53 2814//53 2915//53 2914//53
f 2814//53 2815//53 2916//53 2915//53
f 2815//54 2816//54 2917//54 2916//54
f 2816//55 2817//55 2918//55 2917//55
f 2817//55 2818//55 2919//55 2918//55
f 2818//56 2819//56 2920//56 2919//56
f 2819//57 2820//57 2921//57 2920//57
f 2820//57 2821//57 2922//57 2921//57
f 2821//58 2822//58 2923//58 2922//58
f 2822//59 2823//59 2924//59 2923//59
f 2823//59 2824//59 2925//59 2924//59
f 2824//60 2825//60 2926//60 2925//60
f 2825//61 2826//61 2927//61 2926//61
f 2826//61 2827//61 2928//61 2927//61
f 2827//61 2828//61 2929//61 2928//61
f 2829//1 2830//1 2931//1 2930//1
f 2830//1 2831//1 2932//1 2931//1
f 2831//1 2832//1 2933//1 2932//1
f 2832//2 2833//2 2934//2 2933//2
f 2833//3 2834//3 2935//3 2934//3
f 2834//3 2835//3 2936//3 2935//3
f 2835//4 2836//4 2937//4 2936//4
f 2836//5 2837//5 2938//5 2937//5
f 2837//5 2838//5 2939//5 2938//5
f 2838//6 2839//6 2940//6 2939//6
f 2839//7 2840//7 2941//7 2940//7
f 2840//7 2841//7 2942//7 2941//7
f 2841//8 2842//8 2943//8 2942//8
f 2842//9 2843//9 2944//9 2943//9
f 2843//9 2844//9 2945//9 2944//9
f 2844//9 2845//9 2946//9 2945//9
f 2845//10 2846//10 2947//10 2946//10
f 2846//11 2847//11 2948//11 2947//11
f 2847//11 2848//11 2949//11 2948//11
f 2848//12 2849//12 2950//12 2949//12
f 2849//13 2850//13 2951//13 2950//13
f 2850//13 2851//13 2952//13 2951//13
f 2851//14 2852//14 2953//14 2952//14
f 2852//15 2853//15 2954//15 2953//15
f 2853//15 2854//15 2955//15 2954//15
f 2854//16 2855//16 2956//16 2955//16
f 2855//17 2856//17 2957//17 2956//17
f 2856//17 2857//17 2958//17 2957//17
f 2857//17 2858//17 2959//17 2958//17
f 2858//18 2859//18 2960//18 2959//18
f 2859//19 2860//19 2961//19 2960//19
f 2860//19 2861//19 2962//19 2961//19
f 2861//20 2862//20 2963//20 2962//20
f 2862//21 2863//21 2964//21 2963//21
f 2863//21 2864//21 2965//21 2964//21
f 2864//22 2865//22 2966//22 2965//22
f 2865//23 2866//23 2967//23 2966//23
f 2866//23 2867//23 2968//23 2967//23
f 2867//24 2868//24 2969//24 2968//24
f 2868//25 2869//25 2970//25 2969//25
f 2869//25 2870//25 2971//25 2970//25
f 2870//26 2871//26 2972//26 2971//26
f 2871//27 2872//27 2973//27 2972//27
f 2872//27 2873//27 2974//27 2973//27
f 2873//27 2874//27 2975//27 2974//27
f 2874//28 2875//28 2976//28 2975//28
f 2875//29 2876//29 2977//29 2976//29
f 2876//29 2877//29 2978//29 2977//29
f 2877//30 2878//30 2979//30 2978//30
f 2878//31 2879//31 2980//31 2979//31
f 2879//31 2880//31 2981//31 2980//31
f 2880//32 2881//32 2982//32 2981//32
f 2881//33 2882//33 2983//33 2982//33
f 2882//33 2883//33 2984//33 2983//33
f 2883//34 2884//34 2985//34 2984//34
f 2884//35 2885//35 2986//35 2985//35
f 2885//35 2886//35 2987//35 2986//35
f 2886//35 2887//35 2988//35 2987//35
f 2887//36 2888//36 2989//36 2988//36
f 2888//37 2889//37 2990//37 2989//37
f 2889//37 2890//37 2991//37 2990//37
f 2890//38 2891//38 2992//38 2991//38
f 2891//39 2892//39 2993//39 2992//39
f 2892//39 2893//39 2994//39 2993//39
f 2893//40 2894//40 2995//40 2994//40
f 2894//41 2895//41 2996//41 2995//41
f 2895//41 2896//41 2997//41 2996//41
f 2896//42 2897//42 2998//42 2997//42
f 2897//43 2898//43 2999//43 2998//43
f 2898//43 2899//43 3000//43 2999//43
f 2899//44 2900//44 3001//44 3000//44
f 2900//45 2901//45 3002//45 3001//45
f 2901//45 2902//45 3003//45 3002//45
f 2902//45 2903//45 3004//45 3003//45
f 2903//46 2904//46 3005//46 3004//46
f 2904//47 2905//47 3006//47 3005//47
f 2905//47 2906//47 3007//47 3006//47
f 2906//48 2907//48 3008//48 3007//48
f 2907//49 2908//49 3009//49 3008//49
f 2908//49 2909//49 3010//49 3009//49
f 2909//50 2910//50 3011//50 3010//50
f 2910//51 2911//51 3012//51 3011//51
f 2911//51 2912//51 3013//51 3012//51
f 2912//52 2913//52 3014//52 3013//52
f 2913//53 2914//53 3015//53 3014//53
f 2914//53 2915//53 3016//53 3015//53
f 2915//53 2916//53 3017//53 3016//53
f 2916//54 2917//54 3018//54 3017//54
f 2917//55 2918//55 3019//55 3018//55
f 2918//55 2919//55 3020//55 3019//55
f 2919//56 2920//56 3021//56 3020//56
f 2920//57 2921//57 3022//57 3021//57
f 2921//57 2922//57 3023//57 3022//57
f 2922//58 2923//58 3024//58 3023//58
f 2923//59 2924//59 3025//59 3024//59
f 2924//59 2925//59 3026//59 3025//59
f 2925//60 2926//60 3027//60 3026//60
f 2926//61 2927//61 3028//61 3027//61
f 2927//61 2928//61 3029//61 3028//61
f 2928//61 2929//61 3030//61 3029//61
f 2930//1 2931//1 3032//1 3031//1
f 2931//1 2932//1 3033//1 3032//1
f 2932//1 2933//1 3034//1 3033//1
f 2933//2 2934//2 3035//2 3034//2
f 2934//3 2935//3 3036//3 3035//3
f 2935//3 2936//3 3037//3 3036//3
f 2936//4 2937//4 3038//4 3037//4
f 2937//5 2938//5 3039//5 3038//5
f 2938//5 2939//5 3040//5 3039//5
f 2939//6 2940//6 3041//6 3040//6
f 2940//7 2941//7 3042//7 3041//7
f 2941//7 2942//7 3043//7 3042//7
f 2942//8 2943//8 3044//8 3043//8
f 2943//9 2944//9 3045//9 3044//9
f 2944//9 2945//9 3046//9 3045//9
f 2945//9 2946//9 3047//9 3046//9
f 2946//10 2947//10 3048//10 3047//10
f 2947//11 2948//11 3049//11 3048//11
f 2948//11 2949//11 3050//11 3049//11
f 2949//12 2950//12 3051//12 3050//12
f 2950//13 2951//13 3052//13 3051//13
f 2951//13 2952//13 3053//13 3052//13
f 2952//14 2953//14 3054//14 3053//14
f 2953//15 2954//15 3055//15 3054//15
f 2954//15 2955//15 3056//15 3055//15
f 2955//16 2956//16 3057//16 3056//16
f 2956//17 2957//17 3058//17 3057//17
f 2957//17 2958//17 3059//17 3058//17
f 2958//17 2959//17 3060//17 3059//17
f 2959//18 2960//18 3061//18 3060//18
f 2960//19 2961//19 3062//19 3061//19
f 2961//19 2962//19 3063//19 3062//19
f 2962//20 2963//20 3064//20 3063//20
f 2963//21 2964//21 3065//21 3064//21
f 2964//21 2965//21 3066//21 3065//21
f 2965//22 2966//22 3067//22 3066//22
f 2966//23 2967//23 3068//23 3067//23
f 2967//23 2968//23 3069//23 3068//23
f 2968//24 2969//24 3070//24 3069//24
f 2969//25 2970//25 3071//25 3070//25
f 2970//25 2971//25 3072//25 3071//25
f 2971//26 2972//26 3073//26 3072//26
f 2972//27 2973//27 3074//27 3073//27
f 2973//27 2974//27 3075//27 3074//27
f 2974//27 2975//27 3076//27 3075//27
f 2975//28 2976//28 3077//28 3076//28
f 2976//29 2977//29 3078//29 3077//29
f 2977//29 2978//29 3079//29 3078//29
f 2978//30 2979//30 3080//30 3079//30
f 2979//31 2980//31 3081//31 3080//31
f 2980//31 2981//31 3082//31 3081//31
f 2981//32 2982//32 3083//32 3082//32
f 2982//33 2983//33 3084//33 3083//33
f 2983//33 2984//33 3085//33 3084//33
f 2984//34 2985//34 3086//34 3085//34
f 2985//35 2986//35 3087//35 3086//35
f 2986//35 2987//35 3088//35 3087//35
f 2987//35 2988//35 3089//35 3088//35
f 2988//36 2989//36 3090//36 3089//36
f 2989//37 2990//37 3091//37 3090//37
f 2990//37 2991//37 3092//37 3091//37
f 2991//38 2992//38 3093//38 3092//38
f 2992//39 2993//39 3094//39 3093//39
f 2993//39 2994//39 3095//39 3094//39
f 2994//40 2995//40 3096//40 3095//40
f 2995//41 2996//41 3097//41 3096//41
f 2996//41 2997//41 3098//41 3097//41
f 2997//42 2998//42 3099//42 3098//42
f 2998//43 2999//43 3100//43 3099//43
f 2999//43 3000//43 3101//43 3100//43
f 3000//44 3001//44 3102//44 3101//44
f 3001//45 3002//45 3103//45 3102//45
f 3002//45 3003//45 3104//45 3103//45
f 3003//45 3004//45 3105//45 3104//45
f 3004//46 3005//46 3106//46 3105//46
f 3005//47 3006//47 3107//47 3106//47
f 3006//47 3007//47 3108//47 3107//47
f 3007//48 3008//48 3109//48 3108//48
f 3008//49 3009//49 3110//49 3109//49
f 3009//49 3010//49 3111//49 3110//49
f 3010//50 3011//50 3112//50 3111//50
f 3011//51 3012//51 3113//51 3112//51
f 3012//51 3013//51 3114//51 3113//51
f 3013//52 3014//52 3115//52 3114//52
f 3014//53 3015//53 3116//53 3115//53
f 3015//53 3016//53 3117//53 3116//53
f 3016//53 3017//53 3118//53 3117//53
f 3017//54 3018//54 3119//54 3118//54
f 3018//55 3019//55 3120//55 3119//55
f 3019//55 3020//55 3121//55 3120//55
f 3020//56 3021//56 3122//56 3121//56
f 3021//57 3022//57 3123//57 3122//57
f 3022//57 3023//57 3124//57 3123//57
f 3023//58 3024//58 3125//58 3124//58
f 3024//59 3025//59 3126//59 3125//59
f 3025//59 3026//59 3127//59 3126//59
f 3026//60 3027//60 3128//60 3127//60
f 3027//61 3028//61 3129//61 3128//61
f 3028//61 3029//61 3130//61 3129//61
f 3029//61 3030//61 3131//61 3130//61
f 3031//1 3032//1 3133//1 3132//1
f 3032//1 3033//1 3134//1 3133//1
f 3033//1 3034//1 3135//1 3134//1
f 3034//2 3035//2 3136//2 3135//2
f 3035//3 3036//3 3137//3 3136//3
f 3036//3 3037//3 3138//3 3137//3
f 3037//4 3038//4 3139//4 3138//4
f 3038//5 3039//5 3140//5 3139//5
f 3039//5 3040//5 3141//5 3140//5
f 3040//6 3041//6 3142//6 3141//6
f 3041//7 3042//7 3143//7 3142//7
f 3042//7 3043//7 3144//7 3143//7
f 3043//8 3044//8 3145//8 3144//8
f 3044//9 3045//9 3146//9 3145//9
f 3045//9 3046//9 3147//9 3146//9
f 3046//9 3047//9 3148//9 3147//9
f 3047//10 3048//10 3149//10 3148//10
f 3048//11 3049//11 3150//11 3149//11
f 3049//11 3050//11 3151//11 3150//11
f 3050//12 3051//12 3152//12 3151//12
f 3051//13 3052//13 3153//13 3152//13
f 3052//13 3053//13 3154//13 3153//13
f 3053//14 3054//14 3155//14 3154//14
f 3054//15 3055//15 3156//15 3155//15
f 3055//15 3056//15 3157//15 3156//15
f 3056//16 3057//16 3158//16 3157//16
f 3057//17 3058//17 3159//17 3158//17
f 3058//17 3059//17 3160//17 3159//17
f 3059//17 3060//17 3161//17 3160//17
f 3060//18 3061//18 3162//18 3161//18
f 3061//19 3062//19 3163//19 3162//19
f 3062//19 3063//19 3164//19 3163//19
f 3063//20 3064//20 3165//20 3164//20
f 3064//21 3065//21 3166//21 3165//21
f 3065//21 3066//21 3167//21 3166//21
f 3066//22 3067//22 3168//22 3167//22
f 3067//23 3068//23 3169//23 3168//23
f 3068//23 3069//23 3170//23 3169//23
f 3069//24 3070//24 3171//24 3170//24
f 3070//25 3071//25 3172//25 3171//25
f 3071//25 3072//25 3173//25 3172//25
f 3072//26 3073//26 3174//26 3173//26
f 3073//27 3074//27 3175//27 3174//27
f 3074//27 3075//27 3176//27 3175//27
f 3075//27 3076//27 3177//27 3176//27
f 3076//28 3077//28 3178//28 3177//28
f 3077//29 3078//29 3179//29 3178//29
f 3078//29 3079//29 3180//29 3179//29
f 3079//30 3080//30 3181//30 3180//30
f 3080//31 3081//31 3182//31 3181//31
f 3081//31 3082//31 3183//31 3182//31
f 3082//32 3083//32 3184//32 3183//32
f 3083//33 3084//33 3185//33 3184//33
f 3084//33 3085//33 3186//33 3185//33
f 3085//34 3086//34 3187//34 3186//34
f 3086//35 3087//35 3188//35 3187//35
f 3087//35 3088//35 3189//35 3188//35
f 3088//35 3089//35 3190//35 3189//35
f 3089//36 3090//36 3191//36 3190//36
f 3090//37 3091//37 3192//37 3191//37
f 3091//37 3092//37 3193//37 3192//37
f 3092//38 3093//38 3194//38 3193//38
f 3093//39 3094//39 3195//39 3194//39
f 3094//39 3095//39 3196//39 3195//39
f 3095//40 3096//40 3197//40 3196//40
f 3096//41 3097//41 3198//41 3197//41
f 3097//41 3098//41 3199//41 3198//41
f 3098//42 3099//42 3200//42 3199//42
f 3099//43 3100//43 3201//43 3200//43
f 3100//43 3101//43 3202//43 3201//43
f 3101//44 3102//44 3203//44 3202//44
f 3102//45 3103//45 3204//45 3203//45
f 3103//45 3104//45 3205//45 3204//45
f 3104//45 3105//45 3206//45 3205//45
f 3105//46 3106//46 3207//46 3206//46
f 3106//47 3107//47 3208//47 3207//47
f 3107//47 3108//47 3209//47 3208//47
f 3108//48 3109//48 3210//48 3209//48
f 3109//49 3110//49 3211//49 3210//49
f 3110//49 3111//49 3212//49 3211//49
f 3111//50 3112//50 3213//50 3212//50
f 3112//51 3113//51 3214//51 3213//51
f 3113//51 3114//51 3215//51 3214//51
f 3114//52 3115//52 3216//52 3215//52
f 3115//53 3116//53 3217//53 3216//53
f 3116//53 3117//53 3218//53 3217//53
f 3117//53 3118//53 3219//53 3218//53
f 3118//54 3119//54 3220//54 3219//54
f 3119//55 3120//55 3221//55 3220//55
f 3120//55 3121//55 3222//55 3221//55
f 3121//56 3122//56 3223//56 3222//56
f 3122//57 3123//57 3224//57 3223//57
f 3123//57 3124//57 3225//57 3224//57
f 3124//58 3125//58 3226//58 3225//58
f 3125//59 3126//59 3227//59 3226//59
f 3126//59 3127//59 3228//59 3227//59
f 3127//60 3128//60 3229//60 3228//60
f 3128//61 3129//61 3230//61 3229//61
f 3129//61 3130//61 3231//61 3230//61
f 3130//61 3131//61 3232//61 3231//61
f 3132//1 3133//1 3234//1 3233//1
f 3133//1 3134//1 3235//1 3234//1
f 3134//1 3135//1 3236//1 3235//1
f 3135//2 3136//2 3237//2 3236//2
f 3136//3 3137//3 3238//3 3237//3
f 3137//3 3138//3 3239//3 3238//3
f 3138//4 3139//4 3240//4 3239//4
f 3139//5 3140//5 3241//5 3240//5
f 3140//5 3141//5 3242//5 3241//5
f 3141//6 3142//6 3243//6 3242//6
f 3142//7 3143//7 3244//7 3243//7
f 3143//7 3144//7 3245//7 3244//7
f 3144//8 3145//8 3246//8 3245//8
f 3145//9 3146//9 3247//9 3246//9
f 3146//9 3147//9 3248//9 3247//9
f 3147//9 3148//9 3249//9 3248//9
f 3148//10 3149//10 3250//10 3249//10
f 3149//11 3150//11 3251//11 3250//11
f 3150//11 3151//11 3252//11 3251//11
f 3151//12 3152//12 3253//12 3252//12
f 3152//13 3153//13 3254//13 3253//13
f 3153//13 3154//13 3255//13 3254//13
f 3154//14 3155//14 3256//14 3255//14
f 3155//15 3156//15 3257//15 3256//15
f 3156//15 3157//15 3258//15 3257//15
f 3157//16 3158//16 3259//16 3258//16
f 3158//17 3159//17 3260//17 3259//17
f 3159//17 3160//17 3261//17 3260//17
f 3160//17 3161//17 3262//17 3261//17
f 3161//18 3162//18 3263//18 3262//18
f 3162//19 3163//19 3264//19 3263//19
f 3163//19 3164//19 3265//19 3264//19
f 3164//20 3165//20 3266//20 3265//20
f 3165//21 3166//21 3267//21 3266//21
f 3166//21 3167//21 3268//21 3267//21
f 3167//22 3168//22 3269//22 3268//22
f 3168//23 3169//23 3270//23 3269//23
f 3169//23 3170//23 3271//23 3270//23
f 3170//24 3171//24 3272//24 3271//24
f 3171//25 3172//25 3273//25 3272//25
f 3172//25 3173//25 3274//25 3273//25
f 3173//26 3174//26 3275//26 3274//26
f 3174//27 3175//27 3276//27 3275//27
f 3175//27 3176//27 3277//27 3276//27
f 3176//27 3177//27 3278//27 3277//27
f 3177//28 3178//28 3279//28 3278//28
f 3178//29 3179//29 3280//29 3279//29
f 3179//29 3180//29 3281//29 3280//29
f 3180//30 3181//30 3282//30 3281//30
f 3181//31 3182//31 3283//31 3282//31
f 3182//31 3183//31 3284//31 3283//31
f 3183//32 3184//32 3285//32 3284//32
f 3184//33 3185//33 3286//33 3285//33
f 3185//33 3186//33 3287//33 3286//33
f 3186//34 3187//34 3288//34 3287//34
f 3187//35 3188//35 3289//35 3288//35
f 3188//35 3189//35 3290//35 3289//35
f 3189//35 3190//35 3291//35 3290//35
f 3190//36 3191//36 3292//36 3291//36
f 3191//37 3192//37 3293//37 3292//37
f 3192//37 3193//37 3294//37 3293//37
f 3193//38 3194//38 3295//38 3294//38
f 3194//39 3195//39 3296//39 3295//39
f 3195//39 3196//39 3297//39 3296//39
f 3196//40 3197//40 3298//40 3297//40
f 3197//41 3198//41 3299//41 3298//41
f 3198//41 3199//41 3300//41 3299//41
f 3199//42 3200//42 3301//42 3300//42
f 3200//43 3201//43 3302//43 3301//43
f 3201//43 3202//43 3303//43 3302//43
f 3202//44 3203//44 3304//44 3303//44
f 3203//45 3204//45 3305//45 3304//45
f 3204//45 3205//45 3306//45 3305//45
f 3205//45 3206//45 3307//45 3306//45
f 3206//46 3207//46 3308//46 3307//46
f 3207//47 3208//47 3309//47 3308//47
f 3208//47 3209//47 3310//47 3309//47
f 3209//48 3210//48 3311//48 3310//48
f 3210//49 3211//49 3312//49 3311//49
f 3211//49 3212//49 3313//49 3312//49
f 3212//50 3213//50 3314//50 3313//50
f 3213//51 3214//51 3315//51 3314//51
f 3214//51 3215//51 3316//51 3315//51
f 3215//52 3216//52 3317//52 3316//52
f 3216//53 3217//53 3318//53 3317//53
f 3217//53 3218//53 3319//53 3318//53
f 3218//53 3219//53 3320//53 3319//53
f 3219//54 3220//54 3321//54 3320//54
f 3220//55 3221//55 3322//55 3321//55
f 3221//55 3222//55 3323//55 3322//55
f 3222//56 3223//56 3324//56 3323//56
f 3223//57 3224//57 3325//57 3324//57
f 3224//57 3225//57 3326//57 3325//57
f 3225//58 3226//58 3327//58 3326//58
f 3226//59 3227//59 3328//59 3327//59
f 3227//59 3228//59 3329//59 3328//59
f 3228//60 3229//60 3330//60 3329//60
f 3229//61 3230//61 3331//61 3330//61
f 3230//61 3231//61 3332//61 3331//61
f 3231//61 3232//61 3333//61 3332//61
f 3233//1 3234//1 3335//1 3334//1
f 3234//1 3235//1 3336//1 3335//1
f 3235//1 3236//1 3337//1 3336//1
f 3236//2 3237//2 3338//2 3337//2
f 3237//3 3238//3 3339//3 3338//3
f 3238//3 3239//3 3340//3 3339//3
f 3239//4 3240//4 3341//4 3340//4
f 3240//5 3241//5 3342//5 3341//5
f 3241//5 3242//5 3343//5 3342//5
f 3242//6 3243//6 3344//6 3343//6
f 3243//7 3244//7 3345//7 3344//7
f 3244//7 3245//7 3346//7 3345//7
f 3245//8 3246//8 3347//8 3346//8
f 3246//9 3247//9 3348//9 3347//9
f 3247//9 3248//9 3349//9 3348//9
f 3248//9 3249//9 3350//9 3349//9
f 3249//10 3250//10 3351//10 3350//10
f 3250//11 3251//11 3352//11 3351//11
f 3251//11 3252//11 3353//11 3352//11
f 3252//12 3253//12 3354//12 3353//12
f 3253//13 3254//13 3355//13 3354//13
f 3254//13 3255//13 3356//13 3355//13
f 3255//14 3256//14 3357//14 3356//14
f 3256//15 3257//15 3358//15 3357//15
f 3257//15 3258//15 3359//15 3358//15
f 3258//16 3259//16 3360//16 3359//16
f 3259//17 3260//17 3361//17 3360//17
f 3260//17 3261//17 3362//17 3361//17
f 3261//17 3262//17 3363//17 3362//17
f 3262//18 3263//18 3364//18 3363//18
f 3263//19 3264//19 3365//19 3364//19
f 3264//19 3265//19 3366//19 3365//19
f 3265//20 3266//20 3367//20 3366//20
f 3266//21 3267//21 3368//21 3367//21
f 3267//21 3268//21 3369//21 3368//21
f 3268//22 3269//22 3370//22 3369//22
f 3269//23 3270//23 3371//23 3370//23
f 3270//23 3271//23 3372//23 3371//23
f 3271//24 3272//24 3373//24 3372//24
f 3272//25 3273//25 3374//25 3373//25
f 3273//25 3274//25 3375//25 3374//25
f 3274//26 3275//26 3376//26 3375//26
f 3275//27 3276//27 3377//27 3376//27
f 3276//27 3277//27 3378//27 3377//27
f 3277//27 3278//27 3379//27 3378//27
f 3278//28 3279//28 3380//28 3379//28
f 3279//29 3280//29 3381//29 3380//29
f 3280//29 3281//29 3382//29 3381//29
f 3281//30 3282//30 3383//30 3382//30
f 3282//31 3283//31 3384//31 3383//31
f 3283//31 3284//31 3385//31 3384//31
f 3284//32 3285//32 3386//32 3385//32
f 3285//33 3286//33 3387//33 3386//33
f 3286//33 3287//33 3388//33 3387//33
f 3287//34 3288//34 3389//34 3388//34
f 3288//35 3289//35 3390//35 3389//35
f 3289//35 3290//35 3391//35 3390//35
f 3290//35 3291//35 3392//35 3391//35
f 3291//36 3292//36 3393//36 3392//36
f 3292//37 3293//37 3394//37 3393//37
f 3293//37 3294//37 3395//37 3394//37
f 3294//38 3295//38 3396//38 3395//38
f 3295//39 3296//39 3397//39 3396//39
f 3296//39 3297//39 3398//39 3397//39
f 3297//40 3298//40 3399//40 3398//40
f 3298//41 3299//41 3400//41 3399//41
f 3299//41 3300//41 3401//41 3400//41
f 3300//42 3301//42 3402//42 3401//42
f 3301//43 3302//43 3403//43 3402//43
f 3302//43 3303//43 3404//43 3403//43
f 3303//44 3304//44 3405//44 3404//44
f 3304//45 3305//45 3406//45 3405//45
f 3305//45 3306//45 3407//45 3406//45
f 3306//45 3307//45 3408//45 3407//45
f 3307//46 3308//46 3409//46 3408//46
f 3308//47 3309//47 3410//47 3409//47
f 3309//47 3310//47 3411//47 3410//47
f 3310//48 3311//48 3412//48 3411//48
f 3311//49 3312//49 3413//49 3412//49
f 3312//49 3313//49 3414//49 3413//49
f 3313//50 3314//50 3415//50 3414//50
f 3314//51 3315//51 3416//51 3415//51
f 3315//51 3316//51 3417//51 3416//51
f 3316//52 3317//52 3418//52 3417//52
f 3317//53 3318//53 3419//53 3418//53
f 3318//53 3319//53 3420//53 3419//53
f 3319//53 3320//53 3421//53 3420//53
f 3320//54 3321//54 3422//54 3421//54
f 3321//55 3322//55 3423//55 3422//55
f 3322//55 3323//55 3424//55 3423//55
f 3323//56 3324//56 3425//56 3424//56
f 3324//57 3325//57 3426//57 3425//57
f 3325//57 3326//57 3427//57 3426//57
f 3326//58 3327//58 3428//58 3427//58
f 3327//59 3328//59 3429//59 3428//59
f 3328//59 3329//59 3430//59 3429//59
f 3329//60 3330//60 3431//60 3430//60
f 3330//61 3331//61 3432//61 3431//61
f 3331//61 3332//61 3433//61 3432//61
f 3332//61 3333//61 3434//61 3433//61
f 3334//1 3335//1 3436//1 3435//1
f 3335//1 3336//1 3437//1 3436//1
f 3336//1 3337//1 3438//1 3437//1
f 3337//2 3338//2 3439//2 3438//2
f 3338//3 3339//3 3440//3 3439//3
f 3339//3 3340//3 3441//3 3440//3
f 3340//4 3341//4 3442//4 3441//4
f 3341//5 3342//5 3443//5 3442//5
f 3342//5 3343//5 3444//5 3443//5
f 3343//6 3344//6 3445//6 3444//6
f 3344//7 3345//7 3446//7 3445//7
f 3345//7 3346//7 3447//7 3446//7
f 3346//8 3347//8 3448//8 3447//8
f 3347//9 3348//9 3449//9 3448//9
f 3348//9 3349//9 3450//9 3449//9
f 3349//9 3350//9 3451//9 3450//9
f 3350//10 3351//10 3452//10 3451//10
f 3351//11 3352//11 3453//11 3452//11
f 3352//11 3353//11 3454//11 3453//11
f 3353//12 3354//12 3455//12 3454//12
f 3354//13 3355//13 3456//13 3455//13
f 3355//13 3356//13 3457//13 3456//13
f 3356//14 3357//14 3458//14 3457//14
f 3357//15 3358//15 3459//15 3458//15
f 3358//15 3359//15 3460//15 3459//15
f 3359//16 3360//16 3461//16 3460//16
f 3360//17 3361//17 3462//17 3461//17
f 3361//17 3362//17 3463//17 3462//17
f 3362//17 3363//17 3464//17 3463//17
f 3363//18 3364//18 3465//18 3464//18
f 3364//19 3365//19 3466//19 3465//19
f 3365//19 3366//19 3467//19 3466//19
f 3366//20 3367//20 3468//20 3467//20
f 3367//21 3368//21 3469//21 3468//21
f 3368//21 3369//21 3470//21 3469//21
f 3369//22 3370//22 3471//22 3470//22
f 3370//23 3371//23 3472//23 3471//23
f 3371//23 3372//23 3473//23 3472//23
f 3372//24 3373//24 3474//24 3473//24
f 3373//25 3374//25 3475//25 3474//25
f 3374//25 3375//25 3476//25 3475//25
f 3375//26 3376//26 3477//26 3476//26
f 3376//27 3377//27 3478//27 3477//27
f 3377//27 3378//27 3479//27 3478//27
f 3378//27 3379//27 3480//27 3479//27
f 3379//28 3380//28 3481//28 3480//28
f 3380//29 3381//29 3482//29 3481//29
f 3381//29 3382//29 3483//29 3482//29
f 3382//30 3383//30 3484//30 3483//30
f 3383//31 3384//31 3485//31 3484//31
f 3384//31 3385//31 3486//31 3485//31
f 3385//32 3386//32 3487//32 3486//32
f 3386//33 3387//33 3488//33 3487//33
f 3387//33 3388//33 3489//33 3488//33
f 3388//34 3389//34 3490//34 3489//34
f 3389//35 3390//35 3491//35 3490//35
f 3390//35 3391//35 3492//35 3491//35
f 3391//35 3392//35 3493//35 3492//35
f 3392//36 3393//36 3494//36 3493//36
f 3393//37 3394//37 3495//37 3494//37
f 3394//37 3395//37 3496//37 3495//37
f 3395//38 3396//38 3497//38 3496//38
f 3396//39 3397//39 3498//39 3497//39
f 3397//39 3398//39 3499//39 3498//39
f 3398//40 3399//40 3500//40 3499//40
f 3399//41 3400//41 3501//41 3500//41
f 3400//41 3401//41 3502//41 3501//41
f 3401//42 3402//42 3503//42 3502//42
f 3402//43 3403//43 3504//43 3503//43
f 3403//43 3404//43 3505//43 3504//43
f 3404//44 3405//44 3506//44 3505//44
f 3405//45 3406//45 3507//45 3506//45
f 3406//45 3407//45 3508//45 3507//45
f 3407//45 3408//45 3509//45 3508//45
f 3408//46 3409//46 3510//46 3509//46
f 3409//47 3410//47 3511//47 3510//47
f 3410//47 3411//47 3512//47 3511//47
f 3411//48 3412//48 3513//48 3512//48
f 3412//49 3413//49 3514//49 3513//49
f 3413//49 3414//49 3515//49 3514//49
f 3414//50 3415//50 3516//50 3515//50
f 3415//51 3416//51 3517//51 3516//51
f 3416//51 3417//51 3518//51 3517//51
f 3417//52 3418//52 3519//52 3518//52
f 3418//53 3419//53 3520//53 3519//53
f 3419//53 3420//53 3521//53 3520//53
f 3420//53 3421//53 3522//53 3521//53
f 3421//54 3422//54 3523//54 3522//54
f 3422//55 3423//55 3524//55 3523//55
f 3423//55 3424//55 3525//55 3524//55
f 3424//56 3425//56 3526//56 3525//56
f 3425//57 3426//57 3527//57 3526//57
f 3426//57 3427//57 3528//57 3527//57
f 3427//58 3428//58 3529//58 3528//58
f 3428//59 3429//59 3530//59 3529//59
f 3429//59 3430//59 3531//59 3530//59
f 3430//60 3431//60 3532//60 3531//60
f 3431//61 3432//61 3533//61 3532//61
f 3432//61 3433//61 3534//61 3533//61
f 3433//61 3434//61 3535//61 3534//61
f 3435//1 3436//1 3537//1 3536//1
f 3436//1 3437//1 3538//1 3537//1
f 3437//1 3438//1 3539//1 3538//1
f 3438//2 3439//2 3540//2 3539//2
f 3439//3 3440//3 3541//3 3540//3
f 3440//3 3441//3 3542//3 3541//3
f 3441//4 3442//4 3543//4 3542//4
f 3442//5 3443//5 3544//5 3543//5
f 3443//5 3444//5 3545//5 3544//5
f 3444//6 3445//6 3546//6 3545//6
f 3445//7 3446//7 3547//7 3546//7
f 3446//7 3447//7 3548//7 3547//7
f 3447//8 3448//8 3549//8 3548//8
f 3448//9 3449//9 3550//9 3549//9
f 3449//9 3450//9 3551//9 3550//9
f 3450//9 3451//9 3552//9 3551//9
f 3451//10 3452//10 3553//10 3552//10
f 3452//11 3453//11 3554//11 3553//11
f 3453//11 3454//11 3555//11 3554//11
f 3454//12 3455//12 3556//12 3555//12
f 3455//13 3456//13 3557//13 3556//13
f 3456//13 3457//13 3558//13 3557//13
f 3457//14 3458//14 3559//14 3558//14
f 3458//15 3459//15 3560//15 3559//15
f 3459//15 3460//15 3561//15 3560//15
f 3460//16 3461//16 3562//16 3561//16
f 3461//17 3462//17 3563//17 3562//17
f 3462//17 3463//17 3564//17 3563//17
f 3463//17 3464//17 3565//17 3564//17
f 3464//18 3465//18 3566//18 3565//18
f 3465//19 3466//19 3567//19 3566//19
f 3466//19 3467//19 3568//19 3567//19
f 3467//20 3468//20 3569//20 3568//20
f 3468//21 3469//21 3570//21 3569//21
f 3469//21 3470//21 3571//21 3570//21
f 3470//22 3471//22 3572//22 3571//22
f 3471//23 3472//23 3573//23 3572//23
f 3472//23 3473//23 3574//23 3573//23
f 3473//24 3474//24 3575//24 3574//24
f 3474//25 3475//25 3576//25 3575//25
f 3475//25 3476//25 3577//25 3576//25
f 3476//26 3477//26 3578//26 3577//26
f 3477//27 3478//27 3579//27 3578//27
f 3478//27 3479//27 3580//27 3579//27
f 3479//27 3480//27 3581//27 3580//27
f 3480//28 3481//28 3582//28 3581//28
f 3481//29 3482//29 3583//29 3582//29
f 3482//29 3483//29 3584//29 3583//29
f 3483//30 3484//30 3585//30 3584//30
f 3484//31 3485//31 3586//31 3585//31
f 3485//31 3486//31 3587//31 3586//31
f 3486//32 3487//32 3588//32 3587//32
f 3487//33 3488//33 3589//33 3588//33
f 3488//33 3489//33 3590//33 3589//33
f 3489//34 3490//34 3591//34 3590//34
f 3490//35 3491//35 3592//35 3591//35
f 3491//35 3492//35 3593//35 3592//35
f 3492//35 3493//35 3594//35 3593//35
f 3493//36 3494//36 3595//36 3594//36
f 3494//37 3495//37 3596//37 3595//37
f 3495//37 3496//37 3597//37 3596//37
f 3496//38 3497//38 3598//38 3597//38
f 3497//39 3498//39 3599//39 3598//39
f 3498//39 3499//39 3600//39 3599//39
f 3499//40 3500//40 3601//40 3600//40
f 3500//41 3501//41 3602//41 3601//41
f 3501//41 3502//41 3603//41 3602//41
f 3502//42 3503//42 3604//42 3603//42
f 3503//43 3504//43 3605//43 3604//43
f 3504//43 3505//43 3606//43 3605//43
f 3505//44 3506//44 3607//44 3606//44
f 3506//45 3507//45 3608//45 3607//45
f 3507//45 3508//45 3609//45 3608//45
f 3508//45 3509//45 3610//45 3609//45
f 3509//46 3510//46 3611//46 3610//46
f 3510//47 3511//47 3612//47 3611//47
f 3511//47 3512//47 3613//47 3612//47
f 3512//48 3513//48 3614//48 3613//48
f 3513//49 3514//49 3615//49 3614//49
f 3514//49 3515//49 3616//49 3615//49
f 3515//50 3516//50 3617//50 3616//50
f 3516//51 3517//51 3618//51 3617//51
f 3517//51 3518//51 3619//51 3618//51
f 3518//52 3519//52 3620//52 3619//52
f 3519//53 3520//53 3621//53 3620//53
f 3520//53 3521//53 3622//53 3621//53
f 3521//53 3522//53 3623//53 3622//53
f 3522//54 3523//54 3624//54 3623//54
f 3523//55 3524//55 3625//55 3624//55
f 3524//55 3525//55 3626//55 3625//55
f 3525//56 3526//56 3627//56 3626//56
f 3526//57 3527//57 3628//57 3627//57
f 3527//57 3528//57 3629//57 3628//57
f 3528//58 3529//58 3630//58 3629//58
f 3529//59 3530//59 3631//59 3630//59
f 3530//59 3531//59 3632//59 3631//59
f 3531//60 3532//60 3633//60 3632//60
f 3532//61 3533//61 3634//61 3633//61
f 3533//61 3534//61 3635//61 3634//61
f 3534//61 3535//61 3636//61 3635//61
f 3536//1 3537//1 3638//1 3637//1
f 3537//1 3538//1 3639//1 3638//1
f 3538//1 3539//1 3640//1 3639//1
f 3539//2 3540//2 3641//2 3640//2
f 3540//3 3541//3 3642//3 3641//3
f 3541//3 3542//3 3643//3 3642//3
f 3542//4 3543//4 3644//4 3643//4
f 3543//5 3544//5 3645//5 3644//5
f 3544//5 3545//5 3646//5 3645//5
f 3545//6 3546//6 3647//6 3646//6
f 3546//7 3547//7 3648//7 3647//7
f 3547//7 3548//7 3649//7 3648//7
f 3548//8 3549//8 3650//8 3649//8
f 3549//9 3550//9 3651//9 3650//9
f 3550//9 3551//9 3652//9 3651//9
f 3551//9 3552//9 3653//9 3652//9
f 3552//10 3553//10 3654//10 3653//10
f 3553//11 3554//11 3655//11 3654//11
f 3554//11 3555//11 3656//11 3655//11
f 3555//12 3556//12 3657//12 3656//12
f 3556//13 3557//13 3658//13 3657//13
f 3557//13 3558//13 3659//13 3658//13
f 3558//14 3559//14 3660//14 3659//14
f 3559//15 3560//15 3661//15 3660//15
f 3560//15 3561//15 3662//15 3661//15
f 3561//16 3562//16 3663//16 3662//16
f 3562//17 3563//17 3664//17 3663//17
f 3563//17 3564//17 3665//17 3664//17
f 3564//17 3565//17 3666//17 3665//17
f 3565//18 3566//18 3667//18 3666//18
f 3566//19 3567//19 3668//19 3667//19
f 3567//19 3568//19 3669//19 3668//19
f 3568//20 3569//20 3670//20 3669//20
f 3569//21 3570//21 3671//21 3670//21
f 3570//21 3571//21 3672//21 3671//21
f 3571//22 3572//22 3673//22 3672//22
f 3572//23 3573//23 3674//23 3673//23
f 3573//23 3574//23 3675//23 3674//23
f 3574//24 3575//24 3676//24 3675//24
f 3575//25 3576//25 3677//25 3676//25
f 3576//25 3577//25 3678//25 3677//25
f 3577//26 3578//26 3679//26 3678//26
f 3578//27 3579//27 3680//27 3679//27
f 3579//27 3580//27 3681//27 3680//27
f 3580//27 3581//27 3682//27 3681//27
f 3581//28 3582//28 3683//28 3682//28
f 3582//29 3583//29 3684//29 3683//29
f 3583//29 3584//29 3685//29 3684//29
f 3584//30 3585//30 3686//30 3685//30
f 3585//31 3586//31 3687//31 3686//31
f 3586//31 3587//31 3688//31 3687//31
f 3587//32 3588//32 3689//32 3688//32
f 3588//33 3589//33 3690//33 3689//33
f 3589//33 3590//33 3691//33 3690//33
f 3590//34 3591//34 3692//34 3691//34
f 3591//35 3592//35 3693//35 3692//35
f 3592//35 3593//35 3694//35 3693//35
f 3593//35 3594//35 3695//35 3694//35
f 3594//36 3595//36 3696//36 3695//36
f 3595//37 3596//37 3697//37 3696//37
f 3596//37 3597//37 3698//37 3697//37
f 3597//38 3598//38 3699//38 3698//38
f 3598//39 3599//39 3700//39 3699//39
f 3599//39 3600//39 3701//39 3700//39
f 3600//40 3601//40 3702//40 3701//40
f 3601//41 3602//41 3703//41 3702//41
f 3602//41 3603//41 3704//41 3703//41
f 3603//42 3604//42 3705//42 3704//42
f 3604//43 3605//43 3706//43 3705//43
f 3605//43 3606//43 3707//43 3706//43
f 3606//44 3607//44 3708//44 3707//44
f 3607//45 3608//45 3709//45 3708//45
f 3608//45 3609//45 3710//45 3709//45
f 3609//45 3610//45 3711//45 3710//45
f 3610//46 3611//46 3712//46 3711//46
f 3611//47 3612//47 3713//47 3712//47
f 3612//47 3613//47 3714//47 3713//47
f 3613//48 3614//48 3715//48 3714//48
f 3614//49 3615//49 3716//49 3715//49
f 3615//49 3616//49 3717//49 3716//49
f 3616//50 3617//50 3718//50 3717//50
f 3617//51 3618//51 3719//51 3718//51
f 3618//51 3619//51 3720//51 3719//51
f 3619//52 3620//52 3721//52 3720//52
f 3620//53 3621//53 3722//53 3721//53
f 3621//53 3622//53 3723//53 3722//53
f 3622//53 3623//53 3724//53 3723//53
f 3623//54 3624//54 3725//54 3724//54
f 3624//55 3625//55 3726//55 3725//55
f 3625//55 3626//55 3727//55 3726//55
f 3626//56 3627//56 3728//56 3727//56
f 3627//57 3628//57 3729//57 3728//57
f 3628//57 3629//57 3730//57 3729//57
f 3629//58 3630//58 3731//58 3730//58
f 3630//59 3631//59 3732//59 3731//59
f 3631//59 3632//59 3733//59 3732//59
f 3632//60 3633//60 3734//60 3733//60
f 3633//61 3634//61 3735//61 3734//61
f 3634//61 3635//61 3736//61 3735//61
f 3635//61 3636//61 3737//61 3736//61
f 3637//1 3638//1 3739//1 3738//1
f 3638//1 3639//1 3740//1 3739//1
f 3639//1 3640//1 3741//1 3740//1
f 3640//2 3641//2 3742//2 3741//2
f 3641//3 3642//3 3743//3 3742//3
f 3642//3 3643//3 3744//3 3743//3
f 3643//4 3644//4 3745//4 3744//4
f 3644//5 3645//5 3746//5 3745//5
f 3645//5 3646//5 3747//5 3746//5
f 3646//6 3647//6 3748//6 3747//6
f 3647//7 3648//7 3749//7 3748//7
f 3648//7 3649//7 3750//7 3749//7
f 3649//8 3650//8 3751//8 3750//8
f 3650//9 3651//9 3752//9 3751//9
f 3651//9 3652//9 3753//9 3752//9
f 3652//9 3653//9 3754//9 3753//9
f 3653//10 3654//10 3755//10 3754//10
f 3654//11 3655//11 3756//11 3755//11
f 3655//11 3656//11 3757//11 3756//11
f 3656//12 3657//12 3758//12 3757//12
f 3657//13 3658//13 3759//13 3758//13
f 3658//13 3659//13 3760//13 3759//13
f 3659//14 3660//14 3761//14 3760//14
f 3660//15 3661//15 3762//15 3761//15
f 3661//15 3662//15 3763//15 3762//15
f 3662//16 3663//16 3764//16 3763//16
f 3663//17 3664//17 3765//17 3764//17
f 3664//17 3665//17 3766//17 3765//17
f 3665//17 3666//17 3767//17 3766//17
f 3666//18 3667//18 3768//18 3767//18
f 3667//19 3668//19 3769//19 3768//19
f 3668//19 3669//19 3770//19 3769//19
f 3669//20 3670//20 3771//20 3770//20
f 3670//21 3671//21 3772//21 3771//21
f 3671//21 3672//21 3773//21 3772//21
f 3672//22 3673//22 3774//22 3773//22
f 3673//23 3674//23 3775//23 3774//23
f 3674//23 3675//23 3776//23 3775//23
f 3675//24 3676//24 3777//24 3776//24
f 3676//25 3677//25 3778//25 3777//25
f 3677//25 3678//25 3779//25 3778//25
f 3678//26 3679//26 3780//26 3779//26
f 3679//27 3680//27 3781//27 3780//27
f 3680//27 3681//27 3782//27 3781//27
f 3681//27 3682//27 3783//27 3782//27
f 3682//28 3683//28 3784//28 3783//28
f 3683//29 3684//29 3785//29 3784//29
f 3684//29 3685//29 3786//29 3785//29
f 3685//30 3686//30 3787//30 3786//30
f 3686//31 3687//31 3788//31 3787//31
f 3687//31 3688//31 3789//31 3788//31
f 3688//32 3689//32 3790//32 3789//32
f 3689//33 3690//33 3791//33 3790//33
f 3690//33 3691//33 3792//33 3791//33
f 3691//34 3692//34 3793//34 3792//34
f 3692//35 3693//35 3794//35 3793//35
f 3693//35 3694//35 3795//35 3794//35
f 3694//35 3695//35 3796//35 3795//35
f 3695//36 3696//36 3797//36 3796//36
f 3696//37 3697//37 3798//37 3797//37
f 3697//37 3698//37 3799//37 3798//37
f 3698//38 3699//38 3800//38 3799//38
f 3699//39 3700//39 3801//39 3800//39
f 3700//39 3701//39 3802//39 3801//39
f 3701//40 3702//40 3803//40 3802//40
f 3702//41 3703//41 3804//41 3803//41
f 3703//41 3704//41 3805//41 3804//41
f 3704//42 3705//42 3806//42 3805//42
f 3705//43 3706//43 3807//43 3806//43
f 3706//43 3707//43 3808//43 3807//43
f 3707//44 3708//44 3809//44 3808//44
f 3708//45 3709//45 3810//45 3809//45
f 3709//45 3710//45 3811//45 3810//45
f 3710//45 3711//45 3812//45 3811//45
f 3711//46 3712//46 3813//46 3812//46
f 3712//47 3713//47 3814//47 3813//47
f 3713//47 3714//47 3815//47 3814//47
f 3714//48 3715//48 3816//48 3815//48
f 3715//49 3716//49 3817//49 3816//49
f 3716//49 3717//49 3818//49 3817//49
f 3717//50 3718//50 3819//50 3818//50
f 3718//51 3719//51 3820//51 3819//51
f 3719//51 3720//51 3821//51 3820//51
f 3720//52 3721//52 3822//52 3821//52
f 3721//53 3722//53 3823//53 3822//53
f 3722//53 3723//53 3824//53 3823//53
f 3723//53 3724//53 3825//53 3824//53
f 3724//54 3725//54 3826//54 3825//54
f 3725//55 3726//55 3827//55 3826//55
f 3726//55 3727//55 3828//55 3827//55
f 3727//56 3728//56 3829//56 3828//56
f 3728//57 3729//57 3830//57 3829//57
f 3729//57 3730//57 3831//57 3830//57
f 3730//58 3731//58 3832//58 3831//58
f 3731//59 3732//59 3833//59 3832//59
f 3732//59 3733//59 3834//59 3833//59
f 3733//60 3734//60 3835//60 3834//60
f 3734//61 3735//61 3836//61 3835//61
f 3735//61 3736//61 3837//61 3836//61
f 3736//61 3737//61 3838//61 3837//61
f 3738//1 3739//1 3840//1 3839//1
f 3739//1 3740//1 3841//1 3840//1
f 3740//1 3741//1 3842//1 3841//1
f 3741//2 3742//2 3843//2 3842//2
f 3742//3 3743//3 3844//3 3843//3
f 3743//3 3744//3 3845//3 3844//3
f 3744//4 3745//4 3846//4 3845//4
f 3745//5 3746//5 3847//5 3846//5
f 3746//5 3747//5 3848//5 3847//5
f 3747//6 3748//6 3849//6 3848//6
f 3748//7 3749//7 3850//7 3849//7
f 3749//7 3750//7 3851//7 3850//7
f 3750//8 3751//8 3852//8 3851//8
f 3751//9 3752//9 3853//9 3852//9
f 3752//9 3753//9 3854//9 3853//9
f 3753//9 3754//9 3855//9 3854//9
f 3754//10 3755//10 3856//10 3855//10
f 3755//11 3756//11 3857//11 3856//11
f 3756//11 3757//11 3858//11 3857//11
f 3757//12 3758//12 3859//12 3858//12
f 3758//13 3759//13 3860//13 3859//13
f 3759//13 3760//13 3861//13 3860//13
f 3760//14 3761//14 3862//14 3861//14
f 3761//15 3762//15 3863//15 3862//15
f 3762//15 3763//15 3864//15 3863//15
f 3763//16 3764//16 3865//16 3864//16
f 3764//17 3765//17 3866//17 3865//17
f 3765//17 3766//17 3867//17 3866//17
f 3766//17 3767//17 3868//17 3867//17
f 3767//18 3768//18 3869//18 3868//18
f 3768//19 3769//19 3870//19 3869//19
f 3769//19 3770//19 3871//19 3870//19
f 3770//20 3771//20 3872//20 3871//20
f 3771//21 3772//21 3873//21 3872//21
f 3772//21 3773//21 3874//21 3873//21
f 3773//22 3774//22 3875//22 3874//22
f 3774//23 3775//23 3876//23 3875//23
f 3775//23 3776//23 3877//23 3876//23
f 3776//24 3777//24 3878//24 3877//24
f 3777//25 3778//25 3879//25 3878//25
f 3778//25 3779//25 3880//25 3879//25
f 3779//26 3780//26 3881//26 3880//26
f 3780//27 3781//27 3882//27 3881//27
f 3781//27 3782//27 3883//27 3882//27
f 3782//27 3783//27 3884//27 3883//27
f 3783//28 3784//28 3885//28 3884//28
f 3784//29 3785//29 3886//29 3885//29
f 3785//29 3786//29 3887//29 3886//29
f 3786//30 3787//30 3888//30 3887//30
f 3787//31 3788//31 3889//31 3888//31
f 3788//31 3789//31 3890//31 3889//31
f 3789//32 3790//32 3891//32 3890//32
f 3790//33 3791//33 3892//33 3891//33
f 3791//33 3792//33 3893//33 3892//33
f 3792//34 3793//34 3894//34 3893//34
f 3793//35 3794//35 3895//35 3894//35
f 3794//35 3795//35 3896//35 3895//35
f 3795//35 3796//35 3897//35 3896//35
f 3796//36 3797//36 3898//36 3897//36
f 3797//37 3798//37 3899//37 3898//37
f 3798//37 3799//37 3900//37 3899//37
f 3799//38 3800//38 3901//38 3900//38
f 3800//39 3801//39 3902//39 3901//39
f 3801//39 3802//39 3903//39 3902//39
f 3802//40 3803//40 3904//40 3903//40
f 3803//41 3804//41 3905//41 3904//41
f 3804//41 3805//41 3906//41 3905//41
f 3805//42 3806//42 3907//42 3906//42
f 3806//43 3807//43 3908//43 3907//43
f 3807//43 3808//43 3909//43 3908//43
f 3808//44 3809//44 3910//44 3909//44
f 3809//45 3810//45 3911//45 3910//45
f 3810//45 3811//45 3912//45 3911//45
f 3811//45 3812//45 3913//45 3912//45
f 3812//46 3813//46 3914//46 3913//46
f 3813//47 3814//47 3915//47 3914//47
f 3814//47 3815//47 3916//47 3915//47
f 3815//48 3816//48 3917//48 3916//48
f 3816//49 3817//49 3918//49 3917//49
f 3817//49 3818//49 3919//49 3918//49
f 3818//50 3819//50 3920//50 3919//50
f 3819//51 3820//51 3921//51 3920//51
f 3820//51 3821//51 3922//51 3921//51
f 3821//52 3822//52 3923//52 3922//52
f 3822//53 3823//53 3924//53 3923//53
f 3823//53 3824//53 3925//53 3924//53
f 3824//53 3825//53 3926//53 3925//53
f 3825//54 3826//54 3927//54 3926//54
f 3826//55 3827//55 3928//55 3927//55
f 3827//55 3828//55 3929//55 3928//55
f 3828//56 3829//56 3930//56 3929//56
f 3829//57 3830//57 3931//57 3930//57
f 3830//57 3831//57 3932//57 3931//57
f 3831//58 3832//58 3933//58 3932//58
f 3832//59 3833//59 3934//59 3933//59
f 3833//59 3834//59 3935//59 3934//59
f 3834//60 3835//60 3936//60 3935//60
f 3835//61 3836//61 3937//61 3936//61
f 3836//61 3837//61 3938//61 3937//61
f 3837//61 3838//61 3939//61 3938//61
f 3839//1 3840//1 3941//1 3940//1
f 3840//1 3841//1 3942//1 3941//1
f 3841//1 3842//1 3943//1 3942//1
f 3842//2 3843//2 3944//2 3943//2
f 3843//3 3844//3 3945//3 3944//3
f 3844//3 3845//3 3946//3 3945//3
f 3845//4 3846//4 3947//4 3946//4
f 3846//5 3847//5 3948//5 3947//5
f 3847//5 3848//5 3949//5 3948//5
f 3848//6 3849//6 3950//6 3949//6
f 3849//7 3850//7 3951//7 3950//7
f 3850//7 3851//7 3952//7 3951//7
f 3851//8 3852//8 3953//8 3952//8
f 3852//9 3853//9 3954//9 3953//9
f 3853//9 3854//9 3955//9 3954//9
f 3854//9 3855//9 3956//9 3955//9
f 3855//10 3856//10 3957//10 3956//10
f 3856//11 3857//11 3958//11 3957//11
f 3857//11 3858//11 3959//11 3958//11
f 3858//12 3859//12 3960//12 3959//12
f 3859//13 3860//13 3961//13 3960//13
f 3860//13 3861//13 3962//13 3961//13
f 3861//14 3862//14 3963//14 3962//14
f 3862//15 3863//15 3964//15 3963//15
f 3863//15 3864//15 3965//15 3964//15
f 3864//16 3865//16 3966//16 3965//16
f 3865//17 3866//17 3967//17 3966//17
f 3866//17 3867//17 3968//17 3967//17
f 3867//17 3868//17 3969//17 3968//17
f 3868//18 3869//18 3970//18 3969//18
f 3869//19 3870//19 3971//19 3970//19
f 3870//19 3871//19 3972//19 3971//19
f 3871//20 3872//20 3973//20 3972//20
f 3872//21 3873//21 3974//21 3973//21
f 3873//21 3874//21 3975//21 3974//21
f 3874//22 3875//22 3976//22 3975//22
f 3875//23 3876//23 3977//23 3976//23
f 3876//23 3877//23 3978//23 3977//23
f 3877//24 3878//24 3979//24 3978//24
f 3878//25 3879//25 3980//25 3979//25
f 3879//25 3880//25 3981//25 3980//25
f 3880//26 3881//26 3982//26 3981//26
f 3881//27 3882//27 3983//27 3982//27
f 3882//27 3883//27 3984//27 3983//27
f 3883//27 3884//27 3985//27 3984//27
f 3884//28 3885//28 3986//28 3985//28
f 3885//29 3886//29 3987//29 3986//29
f 3886//29 3887//29 3988//29 3987//29
f 3887//30 3888//30 3989//30 3988//30
f 3888//31 3889//31 3990//31 3989//31
f 3889//31 3890//31 3991//31 3990//31
f 3890//32 3891//32 3992//32 3991//32
f 3891//33 3892//33 3993//33 3992//33
f 3892//33 3893//33 3994//33 3993//33
f 3893//34 3894//34 3995//34 3994//34
f 3894//35 3895//35 3996//35 3995//35
f 3895//35 3896//35 3997//35 3996//35
f 3896//35 3897//35 3998//35 3997//35
f 3897//36 3898//36 3999//36 3998//36
f 3898//37 3899//37 4000//37 3999//37
f 3899//37 3900//37 4001//37 4000//37
f 3900//38 3901//38 4002//38 4001//38
f 3901//39 3902//39 4003//39 4002//39
f 3902//39 3903//39 4004//39 4003//39
f 3903//40 3904//40 4005//40 4004//40
f 3904//41 3905//41 4006//41 4005//41
f 3905//41 3906//41 4007//41 4006//41
f 3906//42 3907//42 4008//42 4007//42
f 3907//43 3908//43 4009//43 4008//43
f 3908//43 3909//43 4010//43 4009//43
f 3909//44 3910//44 4011//44 4010//44
f 3910//45 3911//45 4012//45 4011//45
f 3911//45 3912//45 4013//45 4012//45
f 3912//45 3913//45 4014//45 4013//45
f 3913//46 3914//46 4015//46 4014//46
f 3914//47 3915//47 4016//47 4015//47
f 3915//47 3916//47 4017//47 4016//47
f 3916//48 3917//48 4018//48 4017//48
f 3917//49 3918//49 4019//49 4018//49
f 3918//49 3919//49 4020//49 4019//49
f 3919//50 3920//50 4021//50 4020//50
f 3920//51 3921//51 4022//51 4021//51
f 3921//51 3922//51 4023//51 4022//51
f 3922//52 3923//52 4024//52 4023//52
f 3923//53 3924//53 4025//53 4024//53
f 3924//53 3925//53 4026//53 4025//53
f 3925//53 3926//53 4027//53 4026//53
f 3926//54 3927//54 4028//54 4027//54
f 3927//55 3928//55 4029//55 4028//55
f 3928//55 3929//55 4030//55 4029//55
f 3929//56 3930//56 4031//56 4030//56
f 3930//57 3931//57 4032//57 4031//57
f 3931//57 3932//57 4033//57 4032//57
f 3932//58 3933//58 4034//58 4033//58
f 3933//59 3934//59 4035//59 4034//59
f 3934//59 3935//59 4036//59 4035//59
f 3935//60 3936//60 4037//60 4036//60
f 3936//61 3937//61 4038//61 4037//61
f 3937//61 3938//61 4039//61 4038//61
f 3938//61 3939//61 4040//61 4039//61
f 3940//1 3941//1 4042//1 4041//1
f 3941//1 3942//1 4043//1 4042//1
f 3942//1 3943//1 4044//1 4043//1
f 3943//2 3944//2 4045//2 4044//2
f 3944//3 3945//3 4046//3 4045//3
f 3945//3 3946//3 4047//3 4046//3
f 3946//4 3947//4 4048//4 4047//4
f 3947//5 3948//5 4049//5 4048//5
f 3948//5 3949//5 4050//5 4049//5
f 3949//6 3950//6 4051//6 4050//6
f 3950//7 3951//7 4052//7 4051//7
f 3951//7 3952//7 4053//7 4052//7
f 3952//8 3953//8 4054//8 4053//8
f 3953//9 3954//9 4055//9 4054//9
f 3954//9 3955//9 4056//9 4055//9
f 3955//9 3956//9 4057//9 4056//9
f 3956//10 3957//10 4058//10 4057//10
f 3957//11 3958//11 4059//11 4058//11
f 3958//11 3959//11 4060//11 4059//11
f 3959//12 3960//12 4061//12 4060//12
f 3960//13 3961//13 4062//13 4061//13
f 3961//13 3962//13 4063//13 4062//13
f 3962//14 3963//14 4064//14 4063//14
f 3963//15 3964//15 4065//15 4064//15
f 3964//15 3965//15 4066//15 4065//15
f 3965//16 3966//16 4067//16 4066//16
f 3966//17 3967//17 4068//17 4067//17
f 3967//17 3968//17 4069//17 4068//17
f 3968//17 3969//17 4070//17 4069//17
f 3969//18 3970//18 4071//18 4070//18
f 3970//19 3971//19 4072//19 4071//19
f 3971//19 3972//19 4073//19 4072//19
f 3972//20 3973//20 4074//20 4073//20
f 3973//21 3974//21 4075//21 4074//21
f 3974//21 3975//21 4076//21 4075//21
f 3975//22 3976//22 4077//22 4076//22
f 3976//23 3977//23 4078//23 4077//23
f 3977//23 3978//23 4079//23 4078//23
f 3978//24 3979//24 4080//24 4079//24
f 3979//25 3980//25 4081//25 4080//25
f 3980//25 3981//25 4082//25 4081//25
f 3981//26 3982//26 4083//26 4082//26
f 3982//27 3983//27 4084//27 4083//27
f 3983//27 3984//27 4085//27 4084//27
f 3984//27 3985//27 4086//27 4085//27
f 3985//28 3986//28 4087//28 4086//28
f 3986//29 3987//29 4088//29 4087//29
f 3987//29 3988//29 4089//29 4088//29
f 3988//30 3989//30 4090//30 4089//30
f 3989//31 3990//31 4091//31 4090//31
f 3990//31 3991//31 4092//31 4091//31
f 3991//32 3992//32 4093//32 4092//32
f 3992//33 3993//33 4094//33 4093//33
f 3993//33 3994//33 4095//33 4094//33
f 3994//34 3995//34 4096//34 4095//34
f 3995//35 3996//35 4097//35 4096//35
f 3996//35 3997//35 4098//35 4097//35
f 3997//35 3998//35 4099//35 4098//35
f 3998//36 3999//36 4100//36 4099//36
f 3999//37 4000//37 4101//37 4100//37
f 4000//37 4001//37 4102//37 4101//37
f 4001//38 4002//38 4103//38 4102//38
f 4002//39 4003//39 4104//39 4103//39
f 4003//39 4004//39 4105//39 4104//39
f 4004//40 4005//40 4106//40 4105//40
f 4005//41 4006//41 4107//41 4106//41
f 4006//41 4007//41 4108//41 4107//41
f 4007//42 4008//42 4109//42 4108//42
f 4008//43 4009//43 4110//43 4109//43
f 4009//43 4010//43 4111//43 4110//43
f 4010//44 4011//44 4112//44 4111//44
f 4011//45 4012//45 4113//45 4112//45
f 4012//45 4013//45 4114//45 4113//45
f 4013//45 4014//45 4115//45 4114//45
f 4014//46 4015//46 4116//46 4115//46
f 4015//47 4016//47 4117//47 4116//47
f 4016//47 4017//47 4118//47 4117//47
f 4017//48 4018//48 4119//48 4118//48
f 4018//49 4019//49 4120//49 4119//49
f 4019//49 4020//49 4121//49 4120//49
f 4020//50 4021//50 4122//50 4121//50
f 4021//51 4022//51 4123//51 4122//51
f 4022//51 4023//51 4124//51 4123//51
f 4023//52 4024//52 4125//52 4124//52
f 4024//53 4025//53 4126//53 4125//53
f 4025//53 4026//53 4127//53 4126//53
f 4026//53 4027//53 4128//53 4127//53
f 4027//54 4028//54 4129//54 4128//54
f 4028//55 4029//55 4130//55 4129//55
f 4029//55 4030//55 4131//55 4130//55
f 4030//56 4031//56 4132//56 4131//56
f 4031//57 4032//57 4133//57 4132//57
f 4032//57 4033//57 4134//57 4133//57
f 4033//58 4034//58 4135//58 4134//58
f 4034//59 4035//59 4136//59 4135//59
f 4035//59 4036//59 4137//59 4136//59
f 4036//60 4037//60 4138//60 4137//60
f 4037//61 4038//61 4139//61 4138//61
f 4038//61 4039//61 4140//61 4139//61
f 4039//61 4040//61 4141//61 4140//61
f 4041//1 4042//1 4143//1 4142//1
f 4042//1 4043//1 4144//1 4143//1
f 4043//1 4044//1 4145//1 4144//1
f 4044//2 4045//2 4146//2 4145//2
f 4045//3 4046//3 4147//3 4146//3
f 4046//3 4047//3 4148//3 4147//3
f 4047//4 4048//4 4149//4 4148//4
f 4048//5 4049//5 4150//5 4149//5
f 4049//5 4050//5 4151//5 4150//5
f 4050//6 4051//6 4152//6 4151//6
f 4051//7 4052//7 4153//7 4152//7
f 4052//7 4053//7 4154//7 4153//7
f 4053//8 4054//8 4155//8 4154//8
f 4054//9 4055//9 4156//9 4155//9
f 4055//9 4056//9 4157//9 4156//9
f 4056//9 4057//9 4158//9 4157//9
f 4057//10 4058//10 4159//10 4158//10
f 4058//11 4059//11 4160//11 4159//11
f 4059//11 4060//11 4161//11 4160//11
f 4060//12 4061//12 4162//12 4161//12
f 4061//13 4062//13 4163//13 4162//13
f 4062//13 4063//13 4164//13 4163//13
f 4063//14 4064//14 4165//14 4164//14
f 4064//15 4065//15 4166//15 4165//15
f 4065//15 4066//15 4167//15 4166//15
f 4066//16 4067//16 4168//16 4167//16
f 4067//17 4068//17 4169//17 4168//17
f 4068//17 4069//17 4170//17 4169//17
f 4069//17 4070//17 4171//17 4170//17
f 4070//18 4071//18 4172//18 4171//18
f 4071//19 4072//19 4173//19 4172//19
f 4072//19 4073//19 4174//19 4173//19
f 4073//20 4074//20 4175//20 4174//20
f 4074//21 4075//21 4176//21 4175//21
f 4075//21 4076//21 4177//21 4176//21
f 4076//22 4077//22 4178//22 4177//22
f 4077//23 4078//23 4179//23 4178//23
f 4078//23 4079//23 4180//23 4179//23
f 4079//24 4080//24 4181//24 4180//24
f 4080//25 4081//25 4182//25 4181//25
f 4081//25 4082//25 4183//25 4182//25
f 4082//26 4083//26 4184//26 4183//26
f 4083//27 4084//27 4185//27 4184//27
f 4084//27 4085//27 4186//27 4185//27
f 4085//27 4086//27 4187//27 4186//27
f 4086//28 4087//28 4188//28 4187//28
f 4087//29 4088//29 4189//29 4188//29
f 4088//29 4089//29 4190//29 4189//29
f 4089//30 4090//30 4191//30 4190//30
f 4090//31 4091//31 4192//31 4191//31
f 4091//31 4092//31 4193//31 4192//31
f 4092//32 4093//32 4194//32 4193//32
f 4093//33 4094//33 4195//33 4194//33
f 4094//33 4095//33 4196//33 4195//33
f 4095//34 4096//34 4197//34 4196//34
f 4096//35 4097//35 4198//35 4197//35
f 4097//35 4098//35 4199//35 4198//35
f 4098//35 4099//35 4200//35 4199//35
f 4099//36 4100//36 4201//36 4200//36
f 4100//37 4101//37 4202//37 4201//37
f 4101//37 4102//37 4203//37 4202//37
f 4102//38 4103//38 4204//38 4203//38
f 4103//39 4104//39 4205//39 4204//39
f 4104//39 4105//39 4206//39 4205//39
f 4105//40 4106//40 4207//40 4206//40
f 4106//41 4107//41 4208//41 4207//41
f 4107//41 4108//41 4209//41 4208//41
f 4108//42 4109//42 4210//42 4209//42
f 4109//43 4110//43 4211//43 4210//43
f 4110//43 4111//43 4212//43 4211//43
f 4111//44 4112//44 4213//44 4212//44
f 4112//45 4113//45 4214//45 4213//45
f 4113//45 4114//45 4215//45 4214//45
f 4114//45 4115//45 4216//45 4215//45
f 4115//46 4116//46 4217//46 4216//46
f 4116//47 4117//47 4218//47 4217//47
f 4117//47 4118//47 4219//47 4218//47
f 4118//48 4119//48 4220//48 4219//48
f 4119//49 4120//49 4221//49 4220//49
f 4120//49 4121//49 4222//49 4221//49
f 4121//50 4122//50 4223//50 4222//50
f 4122//51 4123//51 4224//51 4223//51
f 4123//51 4124//51 4225//51 4224//51
f 4124//52 4125//52 4226//52 4225//52
f 4125//53 4126//53 4227//53 4226//53
f 4126//53 4127//53 4228//53 4227//53
f 4127//53 4128//53 4229//53 4228//53
f 4128//54 4129//54 4230//54 4229//54
f 4129//55 4130//55 4231//55 4230//55
f 4130//55 4131//55 4232//55 4231//55
f 4131//56 4132//56 4233//56 4232//56
f 4132//57 4133//57 4234//57 4233//57
f 4133//57 4134//57 4235//57 4234//57
f 4134//58 4135//58 4236//58 4235//58
f 4135//59 4136//59 4237//59 4236//59
f 4136//59 4137//59 4238//59 4237//59
f 4137//60 4138//60 4239//60 4238//60
f 4138//61 4139//61 4240//61 4239//61
f 4139//61 4140//61 4241//61 4240//61
f 4140//61 4141//61 4242//61 4241//61
f 4142//1 4143//1 4244//1 4243//1
f 4143//1 4144//1 4245//1 4244//1
f 4144//1 4145//1 4246//1 4245//1
f 4145//2 4146//2 4247//2 4246//2
f 4146//3 4147//3 4248//3 4247//3
f 4147//3 4148//3 4249//3 4248//3
f 4148//4 4149//4 4250//4 4249//4
f 4149//5 4150//5 4251//5 4250//5
f 4150//5 4151//5 4252//5 4251//5
f 4151//6 4152//6 4253//6 4252//6
f 4152//7 4153//7 4254//7 4253//7
f 4153//7 4154//7 4255//7 4254//7
f 4154//8 4155//8 4256//8 4255//8
f 4155//9 4156//9 4257//9 4256//9
f 4156//9 4157//9 4258//9 4257//9
f 4157//9 4158//9 4259//9 4258//9
f 4158//10 4159//10 4260//10 4259//10
f 4159//11 4160//11 4261//11 4260//11
f 4160//11 4161//11 4262//11 4261//11
f 4161//12 4162//12 4263//12 4262//12
f 4162//13 4163//13 4264//13 4263//13
f 4163//13 4164//13 4265//13 4264//13
f 4164//14 4165//14 4266//14 4265//14
f 4165//15 4166//15 4267//15 4266//15
f 4166//15 4167//15 4268//15 4267//15
f 4167//16 4168//16 4269//16 4268//16
f 4168//17 4169//17 4270//17 4269//17
f 4169//17 4170//17 4271//17 4270//17
f 4170//17 4171//17 4272//17 4271//17
f 4171//18 4172//18 4273//18 4272//18
f 4172//19 4173//19 4274//19 4273//19
f 4173//19 4174//19 4275//19 4274//19
f 4174//20 4175//20 4276//20 4275//20
f 4175//21 4176//21 4277//21 4276//21
f 4176//21 4177//21 4278//21 4277//21
f 4177//22 4178//22 4279//22 4278//22
f 4178//23 4179//23 4280//23 4279//23
f 4179//23 4180//23 4281//23 4280//23
f 4180//24 4181//24 4282//24 4281//24
f 4181//25 4182//25 4283//25 4282//25
f 4182//25 4183//25 4284//25 4283//25
f 4183//26 4184//26 4285//26 4284//26
f 4184//27 4185//27 4286//27 4285//27
f 4185//27 4186//27 4287//27 4286//27
f 4186//27 4187//27 4288//27 4287//27
f 4187//28 4188//28 4289//28 4288//28
f 4188//29 4189//29 4290//29 4289//29
f 4189//29 4190//29 4291//29 4290//29
f 4190//30 4191//30 4292//30 4291//30
f 4191//31 4192//31 4293//31 4292//31
f 4192//31 4193//31 4294//31 4293//31
f 4193//32 4194//32 4295//32 4294//32
f 4194//33 4195//33 4296//33 4295//33
f 4195//33 4196//33 4297//33 4296//33
f 4196//34 4197//34 4298//34 4297//34
f 4197//35 4198//35 4299//35 4298//35
f 4198//35 4199//35 4300//35 4299//35
f 4199//35 4200//35 4301//35 4300//35
f 4200//36 4201//36 4302//36 4301//36
f 4201//37 4202//37 4303//37 4302//37
f 4202//37 4203//37 4304//37 4303//37
f 4203//38 4204//38 4305//38 4304//38
f 4204//39 4205//39 4306//39 4305//39
f 4205//39 4206//39 4307//39 4306//39
f 4206//40 4207//40 4308//40 4307//40
f 4207//41 4208//41 4309//41 4308//41
f 4208//41 4209//41 4310//41 4309//41
f 4209//42 4210//42 4311//42 4310//42
f 4210//43 4211//43 4312//43 4311//43
f 4211//43 4212//43 4313//43 4312//43
f 4212//44 4213//44 4314//44 4313//44
f 4213//45 4214//45 4315//45 4314//45
f 4214//45 4215//45 4316//45 4315//45
f 4215//45 4216//45 4317//45 4316//45
f 4216//46 4217//46 4318//46 4317//46
f 4217//47 4218//47 4319//47 4318//47
f 4218//47 4219//47 4320//47 4319//47
f 4219//48 4220//48 4321//48 4320//48
f 4220//49 4221//49 4322//49 4321//49
f 4221//49 4222//49 4323//49 4322//49
f 4222//50 4223//50 4324//50 4323//50
f 4223//51 4224//51 4325//51 4324//51
f 4224//51 4225//51 4326//51 4325//51
f 4225//52 4226//52 4327//52 4326//52
f 4226//53 4227//53 4328//53 4327//53
f 4227//53 4228//53 4329//53 4328//53
f 4228//53 4229//53 4330//53 4329//53
f 4229//54 4230//54 4331//54 4330//54
f 4230//55 4231//55 4332//55 4331//55
f 4231//55 4232//55 4333//55 4332//55
f 4232//56 4233//56 4334//56 4333//56
f 4233//57 4234//57 4335//57 4334//57
f 4234//57 4235//57 4336//57 4335//57
f 4235//58 4236//58 4337//58 4336//58
f 4236//59 4237//59 4338//59 4337//59
f 4237//59 4238//59 4339//59 4338//59
f 4238//60 4239//60 4340//60 4339//60
f 4239//61 4240//61 4341//61 4340//61
f 4240//61 4241//61 4342//61 4341//61
f 4241//61 4242//61 4343//61 4342//61
f 4243//1 4244//1 4345//1 4344//1
f 4244//1 4245//1 4346//1 4345//1
f 4245//1 4246//1 4347//1 4346//1
f 4246//2 4247//2 4348//2 4347//2
f 4247//3 4248//3 4349//3 4348//3
f 4248//3 4249//3 4350//3 4349//3
f 4249//4 4250//4 4351//4 4350//4
f 4250//5 4251//5 4352//5 4351//5
f 4251//5 4252//5 4353//5 4352//5
f 4252//6 4253//6 4354//6 4353//6
f 4253//7 4254//7 4355//7 4354//7
f 4254//7 4255//7 4356//7 4355//7
f 4255//8 4256//8 4357//8 4356//8
f 4256//9 4257//9 4358//9 4357//9
f 4257//9 4258//9 4359//9 4358//9
f 4258//9 4259//9 4360//9 4359//9
f 4259//10 4260//10 4361//10 4360//10
f 4260//11 4261//11 4362//11 4361//11
f 4261//11 4262//11 4363//11 4362//11
f 4262//12 4263//12 4364//12 4363//12
f 4263//13 4264//13 4365//13 4364//13
f 4264//13 4265//13 4366//13 4365//13
f 4265//14 4266//14 4367//14 4366//14
f 4266//15 4267//15 4368//15 4367//15
f 4267//15 4268//15 4369//15 4368//15
f 4268//16 4269//16 4370//16 4369//16
f 4269//17 4270//17 4371//17 4370//17
f 4270//17 4271//17 4372//17 4371//17
f 4271//17 4272//17 4373//17 4372//17
f 4272//18 4273//18 4374//18 4373//18
f 4273//19 4274//19 4375//19 4374//19
f 4274//19 4275//19 4376//19 4375//19
f 4275//20 4276//20 4377//20 4376//20
f 4276//21 4277//21 4378//21 4377//21
f 4277//21 4278//21 4379//21 4378//21
f 4278//22 4279//22 4380//22 4379//22
f 4279//23 4280//23 4381//23 4380//23
f 4280//23 4281//23 4382//23 4381//23
f 4281//24 4282//24 4383//24 4382//24
f 4282//25 4283//25 4384//25 4383//25
f 4283//25 4284//25 4385//25 4384//25
f 4284//26 4285//26 4386//26 4385//26
f 4285//27 4286//27 4387//27 4386//27
f 4286//27 4287//27 4388//27 4387//27
f 4287//27 4288//27 4389//27 4388//27
f 4288//28 4289//28 4390//28 4389//28
f 4289//29 4290//29 4391//29 4390//29
f 4290//29 4291//29 4392//29 4391//29
f 4291//30 4292//30 4393//30 4392//30
f 4292//31 4293//31 4394//31 4393//31
f 4293//31 4294//31 4395//31 4394//31
f 4294//32 4295//32 4396//32 4395//32
f 4295//33 4296//33 4397//33 4396//33
f 4296//33 4297//33 4398//33 4397//33
f 4297//34 4298//34 4399//34 4398//34
f 4298//35 4299//35 4400//35 4399//35
f 4299//35 4300//35 4401//35 4400//35
f 4300//35 4301//35 4402//35 4401//35
f 4301//36 4302//36 4403//36 4402//36
f 4302//37 4303//37 4404//37 4403//37
f 4303//37 4304//37 4405//37 4404//37
f 4304//38 4305//38 4406//38 4405//38
f 4305//39 4306//39 4407//39 4406//39
f 4306//39 4307//39 4408//39 4407//39
f 4307//40 4308//40 4409//40 4408//40
f 4308//41 4309//41 4410//41 4409//41
f 4309//41 4310//41 4411//41 4410//41
f 4310//42 4311//42 4412//42 4411//42
f 4311//43 4312//43 4413//43 4412//43
f 4312//43 4313//43 4414//43 4413//43
f 4313//44 4314//44 4415//44 4414//44
f 4314//45 4315//45 4416//45 4415//45
f 4315//45 4316//45 4417//45 4416//45
f 4316//45 4317//45 4418//45 4417//45
f 4317//46 4318//46 4419//46 4418//46
f 4318//47 4319//47 4420//47 4419//47
f 4319//47 4320//47 4421//47 4420//47
f 4320//48 4321//48 4422//48 4421//48
f 4321//49 4322//49 4423//49 4422//49
f 4322//49 4323//49 4424//49 4423//49
f 4323//50 4324//50 4425//50 4424//50
f 4324//51 4325//51 4426//51 4425//51
f 4325//51 4326//51 4427//51 4426//51
f 4326//52 4327//52 4428//52 4427//52
f 4327//53 4328//53 4429//53 4428//53
f 4328//53 4329//53 4430//53 4429//53
f 4329//53 4330//53 4431//53 4430//53
f 4330//54 4331//54 4432//54 4431//54
f 4331//55 4332//55 4433//55 4432//55
f 4332//55 4333//55 4434//55 4433//55
f 4333//56 4334//56 4435//56 4434//56
f 4334//57 4335//57 4436//57 4435//57
f 4335//57 4336//57 4437//57 4436//57
f 4336//58 4337//58 4438//58 4437//58
f 4337//59 4338//59 4439//59 4438//59
f 4338//59 4339//59 4440//59 4439//59
f 4339//60 4340//60 4441//60 4440//60
f 4340//61 4341//61 4442//61 4441//61
f 4341//61 4342//61 4443//61 4442//61
f 4342//61 4343//61 4444//61 4443//61
f 4344//1 4345//1 4446//1 4445//1
f 4345//1 4346//1 4447//1 4446//1
f 4346//1 4347//1 4448//1 4447//1
f 4347//2 4348//2 4449//2 4448//2
f 4348//3 4349//3 4450//3 4449//3
f 4349//3 4350//3 4451//3 4450//3
f 4350//4 4351//4 4452//4 4451//4
f 4351//5 4352//5 4453//5 4452//5
f 4352//5 4353//5 4454//5 4453//5
f 4353//6 4354//6 4455//6 4454//6
f 4354//7 4355//7 4456//7 4455//7
f 4355//7 4356//7 4457//7 4456//7
f 4356//8 4357//8 4458//8 4457//8
f 4357//9 4358//9 4459//9 4458//9
f 4358//9 4359//9 4460//9 4459//9
f 4359//9 4360//9 4461//9 4460//9
f 4360//10 4361//10 4462//10 4461//10
f 4361//11 4362//11 4463//11 4462//11
f 4362//11 4363//11 4464//11 4463//11
f 4363//12 4364//12 4465//12 4464//12
f 4364//13 4365//13 4466//13 4465//13
f 4365//13 4366//13 4467//13 4466//13
f 4366//14 4367//14 4468//14 4467//14
f 4367//15 4368//15 4469//15 4468//15
f 4368//15 4369//15 4470//15 4469//15
f 4369//16 4370//16 4471//16 4470//16
f 4370//17 4371//17 4472//17 4471//17
f 4371//17 4372//17 4473//17 4472//17
f 4372//17 4373//17 4474//17 4473//17
f 4373//18 4374//18 4475//18 4474//18
f 4374//19 4375//19 4476//19 4475//19
f 4375//19 4376//19 4477//19 4476//19
f 4376//20 4377//20 4478//20 4477//20
f 4377//21 4378//21 4479//21 4478//21
f 4378//21 4379//21 4480//21 4479//21
f 4379//22 4380//22 4481//22 4480//22
f 4380//23 4381//23 4482//23 4481//23
f 4381//23 4382//23 4483//23 4482//23
f 4382//24 4383//24 4484//24 4483//24
f 4383//25 4384//25 4485//25 4484//25
f 4384//25 4385//25 4486//25 4485//25
f 4385//26 4386//26 4487//26 4486//26
f 4386//27 4387//27 4488//27 4487//27
f 4387//27 4388//27 4489//27 4488//27
f 4388//27 4389//27 4490//27 4489//27
f 4389//28 4390//28 4491//28 4490//28
f 4390//29 4391//29 4492//29 4491//29
f 4391//29 4392//29 4493//29 4492//29
f 4392//30 4393//30 4494//30 4493//30
f 4393//31 4394//31 4495//31 4494//31
f 4394//31 4395//31 4496//31 4495//31
f 4395//32 4396//32 4497//32 4496//32
f 4396//33 4397//33 4498//33 4497//33
f 4397//33 4398//33 4499//33 4498//33
f 4398//34 4399//34 4500//34 4499//34
f 4399//35 4400//35 4501//35 4500//35
f 4400//35 4401//35 4502//35 4501//35
f 4401//35 4402//35 4503//35 4502//35
f 4402//36 4403//36 4504//36 4503//36
f 4403//37 4404//37 4505//37 4504//37
f 4404//37 4405//37 4506//37 4505//37
f 4405//38 4406//38 4507//38 4506//38
f 4406//39 4407//39 4508//39 4507//39
f 4407//39 4408//39 4509//39 4508//39
f 4408//40 4409//40 4510//40 4509//40
f 4409//41 4410//41 4511//41 4510//41
f 4410//41 4411//41 4512//41 4511//41
f 4411//42 4412//42 4513//42 4512//42
f 4412//43 4413//43 4514//43 4513//43
f 4413//43 4414//43 4515//43 4514//43
f 4414//44 4415//44 4516//44 4515//44
f 4415//45 4416//45 4517//45 4516//45
f 4416//45 4417//45 4518//45 4517//45
f 4417//45 4418//45 4519//45 4518//45
f 4418//46 4419//46 4520//46 4519//46
f 4419//47 4420//47 4521//47 4520//47
f 4420//47 4421//47 4522//47 4521//47
f 4421//48 4422//48 4523//48 4522//48
f 4422//49 4423//49 4524//49 4523//49
f 4423//49 4424//49 4525//49 4524//49
f 4424//50 4425//50 4526//50 4525//50
f 4425//51 4426//51 4527//51 4526//51
f 4426//51 4427//51 4528//51 4527//51
f 4427//52 4428//52 4529//52 4528//52
f 4428//53 4429//53 4530//53 4529//53
f 4429//53 4430//53 4531//53 4530//53
f 4430//53 4431//53 4532//53 4531//53
f 4431//54 4432//54 4533//54 4532//54
f 4432//55 4433//55 4534//55 4533//55
f 4433//55 4434//55 4535//55 4534//55
f 4434//56 4435//56 4536//56 4535//56
f 4435//57 4436//57 4537//57 4536//57
f 4436//57 4437//57 4538//57 4537//57
f 4437//58 4438//58 4539//58 4538//58
f 4438//59 4439//59 4540//59 4539//59
f 4439//59 4440//59 4541//59 4540//59
f 4440//60 4441//60 4542//60 4541//60
f 4441//61 4442//61 4543//61 4542//61
f 4442//61 4443//61 4544//61 4543//61
f 4443//61 4444//61 4545//61 4544//61
f 4445//1 4446//1 4547//1 4546//1
f 4446//1 4447//1 4548//1 4547//1
f 4447//1 4448//1 4549//1 4548//1
f 4448//2 4449//2 4550//2 4549//2
f 4449//3 4450//3 4551//3 4550//3
f 4450//3 4451//3 4552//3 4551//3
f 4451//4 4452//4 4553//4 4552//4
f 4452//5 4453//5 4554//5 4553//5
f 4453//5 4454//5 4555//5 4554//5
f 4454//6 4455//6 4556//6 4555//6
f 4455//7 4456//7 4557//7 4556//7
f 4456//7 4457//7 4558//7 4557//7
f 4457//8 4458//8 4559//8 4558//8
f 4458//9 4459//9 4560//9 4559//9
f 4459//9 4460//9 4561//9 4560//9
f 4460//9 4461//9 4562//9 4561//9
f 4461//10 4462//10 4563//10 4562//10
f 4462//11 4463//11 4564//11 4563//11
f 4463//11 4464//11 4565//11 4564//11
f 4464//12 4465//12 4566//12 4565//12
f 4465//13 4466//13 4567//13 4566//13
f 4466//13 4467//13 4568//13 4567//13
f 4467//14 4468//14 4569//14 4568//14
f 4468//15 4469//15 4570//15 4569//15
f 4469//15 4470//15 4571//15 4570//15
f 4470//16 4471//16 4572//16 4571//16
f 4471//17 4472//17 4573//17 4572//17
f 4472//17 4473//17 4574//17 4573//17
f 4473//17 4474//17 4575//17 4574//17
f 4474//18 4475//18 4576//18 4575//18
f 4475//19 4476//19 4577//19 4576//19
f 4476//19 4477//19 4578//19 4577//19
f 4477//20 4478//20 4579//20 4578//20
f 4478//21 4479//21 4580//21 4579//21
f 4479//21 4480//21 4581//21 4580//21
f 4480//22 4481//22 4582//22 4581//22
f 4481//23 4482//23 4583//23 4582//23
f 4482//23 4483//23 4584//23 4583//23
f 4483//24 4484//24 4585//24 4584//24
f 4484//25 4485//25 4586//25 4585//25
f 4485//25 4486//25 4587//25 4586//25
f 4486//26 4487//26 4588//26 4587//26
f 4487//27 4488//27 4589//27 4588//27
f 4488//27 4489//27 4590//27 4589//27
f 4489//27 4490//27 4591//27 4590//27
f 4490//28 4491//28 4592//28 4591//28
f 4491//29 4492//29 4593//29 4592//29
f 4492//29 4493//29 4594//29 4593//29
f 4493//30 4494//30 4595//30 4594//30
f 4494//31 4495//31 4596//31 4595//31
f 4495//31 4496//31 4597//31 4596//31
f 4496//32 4497//32 4598//32 4597//32
f 4497//33 4498//33 4599//33 4598//33
f 4498//33 4499//33 4600//33 4599//33
f 4499//34 4500//34 4601//34 4600//34
f 4500//35 4501//35 4602//35 4601//35
f 4501//35 4502//35 4603//35 4602//35
f 4502//35 4503//35 4604//35 4603//35
f 4503//36 4504//36 4605//36 4604//36
f 4504//37 4505//37 4606//37 4605//37
f 4505//37 4506//37 4607//37 4606//37
f 4506//38 4507//38 4608//38 4607//38
f 4507//39 4508//39 4609//39 4608//39
f 4508//39 4509//39 4610//39 4609//39
f 4509//40 4510//40 4611//40 4610//40
f 4510//41 4511//41 4612//41 4611//41
f 4511//41 4512//41 4613//41 4612//41
f 4512//42 4513//42 4614//42 4613//42
f 4513//43 4514//43 4615//43 4614//43
f 4514//43 4515//43 4616//43 4615//43
f 4515//44 4516//44 4617//44 4616//44
f 4516//45 4517//45 4618//45 4617//45
f 4517//45 4518//45 4619//45 4618//45
f 4518//45 4519//45 4620//45 4619//45
f 4519//46 4520//46 4621//46 4620//46
f 4520//47 4521//47 4622//47 4621//47
f 4521//47 4522//47 4623//47 4622//47
f 4522//48 4523//48 4624//48 4623//48
f 4523//49 4524//49 4625//49 4624//49
f 4524//49 4525//49 4626//49 4625//49
f 4525//50 4526//50 4627//50 4626//50
f 4526//51 4527//51 4628//51 4627//51
f 4527//51 4528//51 4629//51 4628//51
f 4528//52 4529//52 4630//52 4629//52
f 4529//53 4530//53 4631//53 4630//53
f 4530//53 4531//53 4632//53 4631//53
f 4531//53 4532//53 4633//53 4632//53
f 4532//54 4533//54 4634//54 4633//54
f 4533//55 4534//55 4635//55 4634//55
f 4534//55 4535//55 4636//55 4635//55
f 4535//56 4536//56 4637//56 4636//56
f 4536//57 4537//57 4638//57 4637//57
f 4537//57 4538//57 4639//57 4638//57
f 4538//58 4539//58 4640//58 4639//58
f 4539//59 4540//59 4641//59 4640//59
f 4540//59 4541//59 4642//59 4641//59
f 4541//60 4542//60 4643//60 4642//60
f 4542//61 4543//61 4644//61 4643//61
f 4543//61 4544//61 4645//61 4644//61
f 4544//61 4545//61 4646//61 4645//61
f 4546//1 4547//1 4648//1 4647//1
f 4547//1 4548//1 4649//1 4648//1
f 4548//1 4549//1 4650//1 4649//1
f 4549//2 4550//2 4651//2 4650//2
f 4550//3 4551//3 4652//3 4651//3
f 4551//3 4552//3 4653//3 4652//3
f 4552//4 4553//4 4654//4 4653//4
f 4553//5 4554//5 4655//5 4654//5
f 4554//5 4555//5 4656//5 4655//5
f 4555//6 4556//6 4657//6 4656//6
f 4556//7 4557//7 4658//7 4657//7
f 4557//7 4558//7 4659//7 4658//7
f 4558//8 4559//8 4660//8 4659//8
f 4559//9 4560//9 4661//9 4660//9
f 4560//9 4561//9 4662//9 4661//9
f 4561//9 4562//9 4663//9 4662//9
f 4562//10 4563//10 4664//10 4663//10
f 4563//11 4564//11 4665//11 4664//11
f 4564//11 4565//11 4666//11 4665//11
f 4565//12 4566//12 4667//12 4666//12
f 4566//13 4567//13 4668//13 4667//13
f 4567//13 4568//13 4669//13 4668//13
f 4568//14 4569//14 4670//14 4669//14
f 4569//15 4570//15 4671//15 4670//15
f 4570//15 4571//15 4672//15 4671//15
f 4571//16 4572//16 4673//16 4672//16
f 4572//17 4573//17 4674//17 4673//17
f 4573//17 4574//17 4675//17 4674//17
f 4574//17 4575//17 4676//17 4675//17
f 4575//18 4576//18 4677//18 4676//18
f 4576//19 4577//19 4678//19 4677//19
f 4577//19 4578//19 4679//19 4678//19
f 4578//20 4579//20 4680//20 4679//20
f 4579//21 4580//21 4681//21 4680//21
f 4580//21 4581//21 4682//21 4681//21
f 4581//22 4582//22 4683//22 4682//22
f 4582//23 4583//23 4684//23 4683//23
f 4583//23 4584//23 4685//23 4684//23
f 4584//24 4585//24 4686//24 4685//24
f 4585//25 4586//25 4687//25 4686//25
f 4586//25 4587//25 4688//25 4687//25
f 4587//26 4588//26 4689//26 4688//26
f 4588//27 4589//27 4690//27 4689//27
f 4589//27 4590//27 4691//27 4690//27
f 4590//27 4591//27 4692//27 4691//27
f 4591//28 4592//28 4693//28 4692//28
f 4592//29 4593//29 4694//29 4693//29
f 4593//29 4594//29 4695//29 4694//29
f 4594//30 4595//30 4696//30 4695//30
f 4595//31 4596//31 4697//31 4696//31
f 4596//31 4597//31 4698//31 4697//31
f 4597//32 4598//32 4699//32 4698//32
f 4598//33 4599//33 4700//33 4699//33
f 4599//33 4600//33 4701//33 4700//33
f 4600//34 4601//34 4702//34 4701//34
f 4601//35 4602//35 4703//35 4702//35
f 4602//35 4603//35 4704//35 4703//35
f 4603//35 4604//35 4705//35 4704//35
f 4604//36 4605//36 4706//36 4705//36
f 4605//37 4606//37 4707//37 4706//37
f 4606//37 4607//37 4708//37 4707//37
f 4607//38 4608//38 4709//38 4708//38
f 4608//39 4609//39 4710//39 4709//39
f 4609//39 4610//39 4711//39 4710//39
f 4610//40 4611//40 4712//40 4711//40
f 4611//41 4612//41 4713//41 4712//41
f 4612//41 4613//41 4714//41 4713//41
f 4613//42 4614//42 4715//42 4714//42
f 4614//43 4615//43 4716//43 4715//43
f 4615//43 4616//43 4717//43 4716//43
f 4616//44 4617//44 4718//44 4717//44
f 4617//45 4618//45 4719//45 4718//45
f 4618//45 4619//45 4720//45 4719//45
f 4619//45 4620//45 4721//45 4720//45
f 4620//46 4621//46 4722//46 4721//46
f 4621//47 4622//47 4723//47 4722//47
f 4622//47 4623//47 4724//47 4723//47
f 4623//48 4624//48 4725//48 4724//48
f 4624//49 4625//49 4726//49 4725//49
f 4625//49 4626//49 4727//49 4726//49
f 4626//50 4627//50 4728//50 4727//50
f 4627//51 4628//51 4729//51 4728//51
f 4628//51 4629//51 4730//51 4729//51
f 4629//52 4630//52 4731//52 4730//52
f 4630//53 4631//53 4732//53 4731//53
f 4631//53 4632//53 4733//53 4732//53
f 4632//53 4633//53 4734//53 4733//53
f 4633//54 4634//54 4735//54 4734//54
f 4634//55 4635//55 4736//55 4735//55
f 4635//55 4636//55 4737//55 4736//55
f 4636//56 4637//56 4738//56 4737//56
f 4637//57 4638//57 4739//57 4738//57
f 4638//57 4639//57 4740//57 4739//57
f 4639//58 4640//58 4741//58 4740//58
f 4640//59 4641//59 4742//59 4741//59
f 4641//59 4642//59 4743//59 4742//59
f 4642//60 4643//60 4744//60 4743//60
f 4643//61 4644//61 4745//61 4744//61
f 4644//61 4645//61 4746//61 4745//61
f 4645//61 4646//61 4747//61 4746//61
f 4647//1 4648//1 4749//1 4748//1
f 4648//1 4649//1 4750//1 4749//1
f 4649//1 4650//1 4751//1 4750//1
f 4650//2 4651//2 4752//2 4751//2
f 4651//3 4652//3 4753//3 4752//3
f 4652//3 4653//3 4754//3 4753//3
f 4653//4 4654//4 4755//4 4754//4
f 4654//5 4655//5 4756//5 4755//5
f 4655//5 4656//5 4757//5 4756//5
f 4656//6 4657//6 4758//6 4757//6
f 4657//7 4658//7 4759//7 4758//7
f 4658//7 4659//7 4760//7 4759//7
f 4659//8 4660//8 4761//8 4760//8
f 4660//9 4661//9 4762//9 4761//9
f 4661//9 4662//9 4763//9 4762//9
f 4662//9 4663//9 4764//9 4763//9
f 4663//10 4664//10 4765//10 4764//10
f 4664//11 4665//11 4766//11 4765//11
f 4665//11 4666//11 4767//11 4766//11
f 4666//12 4667//12 4768//12 4767//12
f 4667//13 4668//13 4769//13 4768//13
f 4668//13 4669//13 4770//13 4769//13
f 4669//14 4670//14 4771//14 4770//14
f 4670//15 4671//15 4772//15 4771//15
f 4671//15 4672//15 4773//15 4772//15
f 4672//16 4673//16 4774//16 4773//16
f 4673//17 4674//17 4775//17 4774//17
f 4674//17 4675//17 4776//17 4775//17
f 4675//17 4676//17 4777//17 4776//17
f 4676//18 4677//18 4778//18 4777//18
f 4677//19 4678//19 4779//19 4778//19
f 4678//19 4679//19 4780//19 4779//19
f 4679//20 4680//20 4781//20 4780//20
f 4680//21 4681//21 4782//21 4781//21
f 4681//21 4682//21 4783//21 4782//21
f 4682//22 4683//22 4784//22 4783//22
f 4683//23 4684//23 4785//23 4784//23
f 4684//23 4685//23 4786//23 4785//23
f 4685//24 4686//24 4787//24 4786//24
f 4686//25 4687//25 4788//25 4787//25
f 4687//25 4688//25 4789//25 4788//25
f 4688//26 4689//26 4790//26 4789//26
f 4689//27 4690//27 4791//27 4790//27
f 4690//27 4691//27 4792//27 4791//27
f 4691//27 4692//27 4793//27 4792//27
f 4692//28 4693//28 4794//28 4793//28
f 4693//29 4694//29 4795//29 4794//29
f 4694//29 4695//29 4796//29 4795//29
f 4695//30 4696//30 4797//30 4796//30
f 4696//31 4697//31 4798//31 4797//31
f 4697//31 4698//31 4799//31 4798//31
f 4698//32 4699//32 4800//32 4799//32
f 4699//33 4700//33 4801//33 4800//33
f 4700//33 4701//33 4802//33 4801//33
f 4701//34 4702//34 4803//34 4802//34
f 4702//35 4703//35 4804//35 4803//35
f 4703//35 4704//35 4805//35 4804//35
f 4704//35 4705//35 4806//35 4805//35
f 4705//36 4706//36 4807//36 4806//36
f 4706//37 4707//37 4808//37 4807//37
f 4707//37 4708//37 4809//37 4808//37
f 4708//38 4709//38 4810//38 4809//38
f 4709//39 4710//39 4811//39 4810//39
f 4710//39 4711//39 4812//39 4811//39
f 4711//40 4712//40 4813//40 4812//40
f 4712//41 4713//41 4814//41 4813//41
f 4713//41 4714//41 4815//41 4814//41
f 4714//42 4715//42 4816//42 4815//42
f 4715//43 4716//43 4817//43 4816//43
f 4716//43 4717//43 4818//43 4817//43
f 4717//44 4718//44 4819//44 4818//44
f 4718//45 4719//45 4820//45 4819//45
f 4719//45 4720//45 4821//45 4820//45
f 4720//45 4721//45 4822//45 4821//45
f 4721//46 4722//46 4823//46 4822//46
f 4722//47 4723//47 4824//47 4823//47
f 4723//47 4724//47 4825//47 4824//47
f 4724//48 4725//48 4826//48 4825//48
f 4725//49 4726//49 4827//49 4826//49
f 4726//49 4727//49 4828//49 4827//49
f 4727//50 4728//50 4829//50 4828//50
f 4728//51 4729//51 4830//51 4829//51
f 4729//51 4730//51 4831//51 4830//51
f 4730//52 4731//52 4832//52 4831//52
f 4731//53 4732//53 4833//53 4832//53
f 4732//53 4733//53 4834//53 4833//53
f 4733//53 4734//53 4835//53 4834//53
f 4734//54 4735//54 4836//54 4835//54
f 4735//55 4736//55 4837//55 4836//55
f 4736//55 4737//55 4838//55 4837//55
f 4737//56 4738//56 4839//56 4838//56
f 4738//57 4739//57 4840//57 4839//57
f 4739//57 4740//57 4841//57 4840//57
f 4740//58 4741//58 4842//58 4841//58
f 4741//59 4742//59 4843//59 4842//59
f 4742//59 4743//59 4844//59 4843//59
f 4743//60 4744//60 4845//60 4844//60
f 4744//61 4745//61 4846//61 4845//61
f 4745//61 4746//61 4847//61 4846//61
f 4746//61 4747//61 4848//61 4847//61
f 4748//1 4749//1 4850//1 4849//1
f 4749//1 4750//1 4851//1 4850//1
f 4750//1 4751//1 4852//1 4851//1
f 4751//2 4752//2 4853//2 4852//2
f 4752//3 4753//3 4854//3 4853//3
f 4753//3 4754//3 4855//3 4854//3
f 4754//4 4755//4 4856//4 4855//4
f 4755//5 4756//5 4857//5 4856//5
f 4756//5 4757//5 4858//5 4857//5
f 4757//6 4758//6 4859//6 4858//6
f 4758//7 4759//7 4860//7 4859//7
f 4759//7 4760//7 4861//7 4860//7
f 4760//8 4761//8 4862//8 4861//8
f 4761//9 4762//9 4863//9 4862//9
f 4762//9 4763//9 4864//9 4863//9
f 4763//9 4764//9 4865//9 4864//9
f 4764//10 4765//10 4866//10 4865//10
f 4765//11 4766//11 4867//11 4866//11
f 4766//11 4767//11 4868//11 4867//11
f 4767//12 4768//12 4869//12 4868//12
f 4768//13 4769//13 4870//13 4869//13
f 4769//13 4770//13 4871//13 4870//13
f 4770//14 4771//14 4872//14 4871//14
f 4771//15 4772//15 4873//15 4872//15
f 4772//15 4773//15 4874//15 4873//15
f 4773//16 4774//16 4875//16 4874//16
f 4774//17 4775//17 4876//17 4875//17
f 4775//17 4776//17 4877//17 4876//17
f 4776//17 4777//17 4878//17 4877//17
f 4777//18 4778//18 4879//18 4878//18
f 4778//19 4779//19 4880//19 4879//19
f 4779//19 4780//19 4881//19 4880//19
f 4780//20 4781//20 4882//20 4881//20
f 4781//21 4782//21 4883//21 4882//21
f 4782//21 4783//21 4884//21 4883//21
f 4783//22 4784//22 4885//22 4884//22
f 4784//23 4785//23 4886//23 4885//23
f 4785//23 4786//23 4887//23 4886//23
f 4786//24 4787//24 4888//24 4887//24
f 4787//25 4788//25 4889//25 4888//25
f 4788//25 4789//25 4890//25 4889//25
f 4789//26 4790//26 4891//26 4890//26
f 4790//27 4791//27 4892//27 4891//27
f 4791//27 4792//27 4893//27 4892//27
f 4792//27 4793//27 4894//27 4893//27
f 4793//28 4794//28 4895//28 4894//28
f 4794//29 4795//29 4896//29 4895//29
f 4795//29 4796//29 4897//29 4896//29
f 4796//30 4797//30 4898//30 4897//30
f 4797//31 4798//31 4899//31 4898//31
f 4798//31 4799//31 4900//31 4899//31
f 4799//32 4800//32 4901//32 4900//32
f 4800//33 4801//33 4902//33 4901//33
f 4801//33 4802//33 4903//33 4902//33
f 4802//34 4803//34 4904//34 4903//34
f 4803//35 4804//35 4905//35 4904//35
f 4804//35 4805//35 4906//35 4905//35
f 4805//35 4806//35 4907//35 4906//35
f 4806//36 4807//36 4908//36 4907//36
f 4807//37 4808//37 4909//37 4908//37
f 4808//37 4809//37 4910//37 4909//37
f 4809//38 4810//38 4911//38 4910//38
f 4810//39 4811//39 4912//39 4911//39
f 4811//39 4812//39 4913//39 4912//39
f 4812//40 4813//40 4914//40 4913//40
f 4813//41 4814//41 4915//41 4914//41
f 4814//41 4815//41 4916//41 4915//41
f 4815//42 4816//42 4917//42 4916//42
f 4816//43 4817//43 4918//43 4917//43
f 4817//43 4818//43 4919//43 4918//43
f 4818//44 4819//44 4920//44 4919//44
f 4819//45 4820//45 4921//45 4920//45
f 4820//45 4821//45 4922//45 4921//45
f 4821//45 4822//45 4923//45 4922//45
f 4822//46 4823//46 4924//46 4923//46
f 4823//47 4824//47 4925//47 4924//47
f 4824//47 4825//47 4926//47 4925//47
f 4825//48 4826//48 4927//48 4926//48
f 4826//49 4827//49 4928//49 4927//49
f 4827//49 4828//49 4929//49 4928//49
f 4828//50 4829//50 4930//50 4929//50
f 4829//51 4830//51 4931//51 4930//51
f 4830//51 4831//51 4932//51 4931//51
f 4831//52 4832//52 4933//52 4932//52
f 4832//53 4833//53 4934//53 4933//53
f 4833//53 4834//53 4935//53 4934//53
f 4834//53 4835//53 4936//53 4935//53
f 4835//54 4836//54 4937//54 4936//54
f 4836//55 4837//55 4938//55 4937//55
f 4837//55 4838//55 4939//55 4938//55
f 4838//56 4839//56 4940//56 4939//56
f 4839//57 4840//57 4941//57 4940//57
f 4840//57 4841//57 4942//57 4941//57
f 4841//58 4842//58 4943//58 4942//58
f 4842//59 4843//59 4944//59 4943//59
f 4843//59 4844//59 4945//59 4944//59
f 4844//60 4845//60 4946//60 4945//60
f 4845//61 4846//61 4947//61 4946//61
f 4846//61 4847//61 4948//61 4947//61
f 4847//61 4848//61 4949//61 4948//61
f 4849//1 4850//1 4951//1 4950//1
f 4850//1 4851//1 4952//1 4951//1
f 4851//1 4852//1 4953//1 4952//1
f 4852//2 4853//2 4954//2 4953//2
f 4853//3 4854//3 4955//3 4954//3
f 4854//3 4855//3 4956//3 4955//3
f 4855//4 4856//4 4957//4 4956//4
f 4856//5 4857//5 4958//5 4957//5
f 4857//5 4858//5 4959//5 4958//5
f 4858//6 4859//6 4960//6 4959//6
f 4859//7 4860//7 4961//7 4960//7
f 4860//7 4861//7 4962//7 4961//7
f 4861//8 4862//8 4963//8 4962//8
f 4862//9 4863//9 4964//9 4963//9
f 4863//9 4864//9 4965//9 4964//9
f 4864//9 4865//9 4966//9 4965//9
f 4865//10 4866//10 4967//10 4966//10
f 4866//11 4867//11 4968//11 4967//11
f 4867//11 4868//11 4969//11 4968//11
f 4868//12 4869//12 4970//12 4969//12
f 4869//13 4870//13 4971//13 4970//13
f 4870//13 4871//13 4972//13 4971//13
f 4871//14 4872//14 4973//14 4972//14
f 4872//15 4873//15 4974//15 4973//15
f 4873//15 4874//15 4975//15 4974//15
f 4874//16 4875//16 4976//16 4975//16
f 4875//17 4876//17 4977//17 4976//17
f 4876//17 4877//17 4978//17 4977//17
f 4877//17 4878//17 4979//17 4978//17
f 4878//18 4879//18 4980//18 4979//18
f 4879//19 4880//19 4981//19 4980//19
f 4880//19 4881//19 4982//19 4981//19
f 4881//20 4882//20 4983//20 4982//20
f 4882//21 4883//21 4984//21 4983//21
f 4883//21 4884//21 4985//21 4984//21
f 4884//22 4885//22 4986//22 4985//22
f 4885//23 4886//23 4987//23 4986//23
f 4886//23 4887//23 4988//23 4987//23
f 4887//24 4888//24 4989//24 4988//24
f 4888//25 4889//25 4990//25 4989//25
f 4889//25 4890//25 4991//25 4990//25
f 4890//26 4891//26 4992//26 4991//26
f 4891//27 4892//27 4993//27 4992//27
f 4892//27 4893//27 4994//27 4993//27
f 4893//27 4894//27 4995//27 4994//27
f 4894//28 4895//28 4996//28 4995//28
f 4895//29 4896//29 4997//29 4996//29
f 4896//29 4897//29 4998//29 4997//29
f 4897//30 4898//30 4999//30 4998//30
f 4898//31 4899//31 5000//31 4999//31
f 4899//31 4900//31 5001//31 5000//31
f 4900//32 4901//32 5002//32 5001//32
f 4901//33 4902//33 5003//33 5002//33
f 4902//33 4903//33 5004//33 5003//33
f 4903//34 4904//34 5005//34 5004//34
f 4904//35 4905//35 5006//35 5005//35
f 4905//35 4906//35 5007//35 5006//35
f 4906//35 4907//35 5008//35 5007//35
f 4907//36 4908//36 5009//36 5008//36
f 4908//37 4909//37 5010//37 5009//37
f 4909//37 4910//37 5011//37 5010//37
f 4910//38 4911//38 5012//38 5011//38
f 4911//39 4912//39 5013//39 5012//39
f 4912//39 4913//39 5014//39 5013//39
f 4913//40 4914//40 5015//40 5014//40
f 4914//41 4915//41 5016//41 5015//41
f 4915//41 4916//41 5017//41 5016//41
f 4916//42 4917//42 5018//42 5017//42
f 4917//43 4918//43 5019//43 5018//43
f 4918//43 4919//43 5020//43 5019//43
f 4919//44 4920//44 5021//44 5020//44
f 4920//45 4921//45 5022//45 5021//45
f 4921//45 4922//45 5023//45 5022//45
f 4922//45 4923//45 5024//45 5023//45
f 4923//46 4924//46 5025//46 5024//46
f 4924//47 4925//47 5026//47 5025//47
f 4925//47 4926//47 5027//47 5026//47
f 4926//48 4927//48 5028//48 5027//48
f 4927//49 4928//49 5029//49 5028//49
f 4928//49 4929//49 5030//49 5029//49
f 4929//50 4930//50 5031//50 5030//50
f 4930//51 4931//51 5032//51 5031//51
f 4931//51 4932//51 5033//51 5032//51
f 4932//52 4933//52 5034//52 5033//52
f 4933//53 4934//53 5035//53 5034//53
f 4934//53 4935//53 5036//53 5035//53
f 4935//53 4936//53 5037//53 5036//53
f 4936//54 4937//54 5038//54 5037//54
f 4937//55 4938//55 5039//55 5038//55
f 4938//55 4939//55 5040//55 5039//55
f 4939//56 4940//56 5041//56 5040//56
f 4940//57 4941//57 5042//57 5041//57
f 4941//57 4942//57 5043//57 5042//57
f 4942//58 4943//58 5044//58 5043//58
f 4943//59 4944//59 5045//59 5044//59
f 4944//59 4945//59 5046//59 5045//59
f 4945//60 4946//60 5047//60 5046//60
f 4946//61 4947//61 5048//61 5047//61
f 4947//61 4948//61 5049//61 5048//61
f 4948//61 4949//61 5050//61 5049//61
f 4950//1 4951//1 5052//1 5051//1
f 4951//1 4952//1 5053//1 5052//1
f 4952//1 4953//1 5054//1 5053//1
f 4953//2 4954//2 5055//2 5054//2
f 4954//3 4955//3 5056//3 5055//3
f 4955//3 4956//3 5057//3 5056//3
f 4956//4 4957//4 5058//4 5057//4
f 4957//5 4958//5 5059//5 5058//5
f 4958//5 4959//5 5060//5 5059//5
f 4959//6 4960//6 5061//6 5060//6
f 4960//7 4961//7 5062//7 5061//7
f 4961//7 4962//7 5063//7 5062//7
f 4962//8 4963//8 5064//8 5063//8
f 4963//9 4964//9 5065//9 5064//9
f 4964//9 4965//9 5066//9 5065//9
f 4965//9 4966//9 5067//9 5066//9
f 4966//10 4967//10 5068//10 5067//10
f 4967//11 4968//11 5069//11 5068//11
f 4968//11 4969//11 5070//11 5069//11
f 4969//12 4970//12 5071//12 5070//12
f 4970//13 4971//13 5072//13 5071//13
f 4971//13 4972//13 5073//13 5072//13
f 4972//14 4973//14 5074//14 5073//14
f 4973//15 4974//15 5075//15 5074//15
f 4974//15 4975//15 5076//15 5075//15
f 4975//16 4976//16 5077//16 5076//16
f 4976//17 4977//17 5078//17 5077//17
f 4977//17 4978//17 5079//17 5078//17
f 4978//17 4979//17 5080//17 5079//17
f 4979//18 4980//18 5081//18 5080//18
f 4980//19 4981//19 5082//19 5081//19
f 4981//19 4982//19 5083//19 5082//19
f 4982//20 4983//20 5084//20 5083//20
f 4983//21 4984//21 5085//21 5084//21
f 4984//21 4985//21 5086//21 5085//21
f 4985//22 4986//22 5087//22 5086//22
f 4986//23 4987//23 5088//23 5087//23
f 4987//23 4988//23 5089//23 5088//23
f 4988//24 4989//24 5090//24 5089//24
f 4989//25 4990//25 5091//25 5090//25
f 4990//25 4991//25 5092//25 5091//25
f 4991//26 4992//26 5093//26 5092//26
f 4992//27 4993//27 5094//27 5093//27
f 4993//27 4994//27 5095//27 5094//27
f 4994//27 4995//27 5096//27 5095//27
f 4995//28 4996//28 5097//28 5096//28
f 4996//29 4997//29 5098//29 5097//29
f 4997//29 4998//29 5099//29 5098//29
f 4998//30 4999//30 5100//30 5099//30
f 4999//31 5000//31 5101//31 5100//31
f 5000//31 5001//31 5102//31 5101//31
f 5001//32 5002//32 5103//32 5102//32
f 5002//33 5003//33 5104//33 5103//33
f 5003//33 5004//33 5105//33 5104//33
f 5004//34 5005//34 5106//34 5105//34
f 5005//35 5006//35 5107//35 5106//35
f 5006//35 5007//35 5108//35 5107//35
f 5007//35 5008//35 5109//35 5108//35
f 5008//36 5009//36 5110//36 5109//36
f 5009//37 5010//37 5111//37 5110//37
f 5010//37 5011//37 5112//37 5111//37
f 5011//38 5012//38 5113//38 5112//38
f 5012//39 5013//39 5114//39 5113//39
f 5013//39 5014//39 5115//39 5114//39
f 5014//40 5015//40 5116//40 5115//40
f 5015//41 5016//41 5117//41 5116//41
f 5016//41 5017//41 5118//41 5117//41
f 5017//42 5018//42 5119//42 5118//42
f 5018//43 5019//43 5120//43 5119//43
f 5019//43 5020//43 5121//43 5120//43
f 5020//44 5021//44 5122//44 5121//44
f 5021//45 5022//45 5123//45 5122//45
f 5022//45 5023//45 5124//45 5123//45
f 5023//45 5024//45 5125//45 5124//45
f 5024//46 5025//46 5126//46 5125//46
f 5025//47 5026//47 5127//47 5126//47
f 5026//47 5027//47 5128//47 5127//47
f 5027//48 5028//48 5129//48 5128//48
f 5028//49 5029//49 5130//49 5129//49
f 5029//49 5030//49 5131//49 5130//49
f 5030//50 5031//50 5132//50 5131//50
f 5031//51 5032//51 5133//51 5132//51
f 5032//51 5033//51 5134//51 5133//51
f 5033//52 5034//52 5135//52 5134//52
f 5034//53 5035//53 5136//53 5135//53
f 5035//53 5036//53 5137//53 5136//53
f 5036//53 5037//53 5138//53 5137//53
f 5037//54 5038//54 5139//54 5138//54
f 5038//55 5039//55 5140//55 5139//55
f 5039//55 5040//55 5141//55 5140//55
f 5040//56 5041//56 5142//56 5141//56
f 5041//57 5042//57 5143//57 5142//57
f 5042//57 5043//57 5144//57 5143//57
f 5043//58 5044//58 5145//58 5144//58
f 5044//59 5045//59 5146//59 5145//59
f 5045//59 5046//59 5147//59 5146//59
f 5046//60 5047//60 5148//60 5147//60
f 5047//61 5048//61 5149//61 5148//61
f 5048//61 5049//61 5150//61 5149//61
f 5049//61 5050//61 5151//61 5150//61
f 5051//1 5052//1 5153//1 5152//1
f 5052//1 5053//1 5154//1 5153//1
f 5053//1 5054//1 5155//1 5154//1
f 5054//2 5055//2 5156//2 5155//2
f 5055//3 5056//3 5157//3 5156//3
f 5056//3 5057//3 5158//3 5157//3
f 5057//4 5058//4 5159//4 5158//4
f 5058//5 5059//5 5160//5 5159//5
f 5059//5 5060//5 5161//5 5160//5
f 5060//6 5061//6 5162//6 5161//6
f 5061//7 5062//7 5163//7 5162//7
f 5062//7 5063//7 5164//7 5163//7
f 5063//8 5064//8 5165//8 5164//8
f 5064//9 5065//9 5166//9 5165//9
f 5065//9 5066//9 5167//9 5166//9
f 5066//9 5067//9 5168//9 5167//9
f 5067//10 5068//10 5169//10 5168//10
f 5068//11 5069//11 5170//11 5169//11
f 5069//11 5070//11 5171//11 5170//11
f 5070//12 5071//12 5172//12 5171//12
f 5071//13 5072//13 5173//13 5172//13
f 5072//13 5073//13 5174//13 5173//13
f 5073//14 5074//14 5175//14 5174//14
f 5074//15 5075//15 5176//15 5175//15
f 5075//15 5076//15 5177//15 5176//15
f 5076//16 5077//16 5178//16 5177//16
f 5077//17 5078//17 5179//17 5178//17
f 5078//17 5079//17 5180//17 5179//17
f 5079//17 5080//17 5181//17 5180//17
f 5080//18 5081//18 5182//18 5181//18
f 5081//19 5082//19 5183//19 5182//19
f 5082//19 5083//19 5184//19 5183//19
f 5083//20 5084//20 5185//20 5184//20
f 5084//21 5085//21 5186//21 5185//21
f 5085//21 5086//21 5187//21 5186//21
f 5086//22 5087//22 5188//22 5187//22
f 5087//23 5088//23 5189//23 5188//23
f 5088//23 5089//23 5190//23 5189//23
f 5089//24 5090//24 5191//24 5190//24
f 5090//25 5091//25 5192//25 5191//25
f 5091//25 5092//25 5193//25 5192//25
f 5092//26 5093//26 5194//26 5193//26
f 5093//27 5094//27 5195//27 5194//27
f 5094//27 5095//27 5196//27 5195//27
f 5095//27 5096//27 5197//27 5196//27
f 5096//28 5097//28 5198//28 5197//28
f 5097//29 5098//29 5199//29 5198//29
f 5098//29 5099//29 5200//29 5199//29
f 5099//30 5100//30 5201//30 5200//30
f 5100//31 5101//31 5202//31 5201//31
f 5101//31 5102//31 5203//31 5202//31
f 5102//32 5103//32 5204//32 5203//32
f 5103//33 5104//33 5205//33 5204//33
f 5104//33 5105//33 5206//33 5205//33
f 5105//34 5106//34 5207//34 5206//34
f 5106//35 5107//35 5208//35 5207//35
f 5107//35 5108//35 5209//35 5208//35
f 5108//35 5109//35 5210//35 5209//35
f 5109//36 5110//36 5211//36 5210//36
f 5110//37 5111//37 5212//37 5211//37
f 5111//37 5112//37 5213//37 5212//37
f 5112//38 5113//38 5214//38 5213//38
f 5113//39 5114//39 5215//39 5214//39
f 5114//39 5115//39 5216//39 5215//39
f 5115//40 5116//40 5217//40 5216//40
f 5116//41 5117//41 5218//41 5217//41
f 5117//41 5118//41 5219//41 5218//41
f 5118//42 5119//42 5220//42 5219//42
f 5119//43 5120//43 5221//43 5220//43
f 5120//43 5121//43 5222//43 5221//43
f 5121//44 5122//44 5223//44 5222//44
f 5122//45 5123//45 5224//45 5223//45
f 5123//45 5124//45 5225//45 5224//45
f 5124//45 5125//45 5226//45 5225//45
f 5125//46 5126//46 5227//46 5226//46
f 5126//47 5127//47 5228//47 5227//47
f 5127//47 5128//47 5229//47 5228//47
f 5128//48 5129//48 5230//48 5229//48
f 5129//49 5130//49 5231//49 5230//49
f 5130//49 5131//49 5232//49 5231//49
f 5131//50 5132//50 5233//50 5232//50
f 5132//51 5133//51 5234//51 5233//51
f 5133//51 5134//51 5235//51 5234//51
f 5134//52 5135//52 5236//52 5235//52
f 5135//53 5136//53 5237//53 5236//53
f 5136//53 5137//53 5238//53 5237//53
f 5137//53 5138//53 5239//53 5238//53
f 5138//54 5139//54 5240//54 5239//54
f 5139//55 5140//55 5241//55 5240//55
f 5140//55 5141//55 5242//55 5241//55
f 5141//56 5142//56 5243//56 5242//56
f 5142//57 5143//57 5244//57 5243//57
f 5143//57 5144//57 5245//57 5244//57
f 5144//58 5145//58 5246//58 5245//58
f 5145//59 5146//59 5247//59 5246//59
f 5146//59 5147//59 5248//59 5247//59
f 5147//60 5148//60 5249//60 5248//60
f 5148//61 5149//61 5250//61 5249//61
f 5149//61 5150//61 5251//61 5250//61
f 5150//61 5151//61 5252//61 5251//61
f 5152//1 5153//1 5254//1 5253//1
f 5153//1 5154//1 5255//1 5254//1
f 5154//1 5155//1 5256//1 5255//1
f 5155//2 5156//2 5257//2 5256//2
f 5156//3 5157//3 5258//3 5257//3
f 5157//3 5158//3 5259//3 5258//3
f 5158//4 5159//4 5260//4 5259//4
f 5159//5 5160//5 5261//5 5260//5
f 5160//5 5161//5 5262//5 5261//5
f 5161//6 5162//6 5263//6 5262//6
f 5162//7 5163//7 5264//7 5263//7
f 5163//7 5164//7 5265//7 5264//7
f 5164//8 5165//8 5266//8 5265//8
f 5165//9 5166//9 5267//9 5266//9
f 5166//9 5167//9 5268//9 5267//9
f 5167//9 5168//9 5269//9 5268//9
f 5168//10 5169//10 5270//10 5269//10
f 5169//11 5170//11 5271//11 5270//11
f 5170//11 5171//11 5272//11 5271//11
f 5171//12 5172//12 5273//12 5272//12
f 5172//13 5173//13 5274//13 5273//13
f 5173//13 5174//13 5275//13 5274//13
f 5174//14 5175//14 5276//14 5275//14
f 5175//15 5176//15 5277//15 5276//15
f 5176//15 5177//15 5278//15 5277//15
f 5177//16 5178//16 5279//16 5278//16
f 5178//17 5179//17 5280//17 5279//17
f 5179//17 5180//17 5281//17 5280//17
f 5180//17 5181//17 5282//17 5281//17
f 5181//18 5182//18 5283//18 5282//18
f 5182//19 5183//19 5284//19 5283//19
f 5183//19 5184//19 5285//19 5284//19
f 5184//20 5185//20 5286//20 5285//20
f 5185//21 5186//21 5287//21 5286//21
f 5186//21 5187//21 5288//21 5287//21
f 5187//22 5188//22 5289//22 5288//22
f 5188//23 5189//23 5290//23 5289//23
f 5189//23 5190//23 5291//23 5290//23
f 5190//24 5191//24 5292//24 5291//24
f 5191//25 5192//25 5293//25 5292//25
f 5192//25 5193//25 5294//25 5293//25
f 5193//26 5194//26 5295//26 5294//26
f 5194//27 5195//27 5296//27 5295//27
f 5195//27 5196//27 5297//27 5296//27
f 5196//27 5197//27 5298//27 5297//27
f 5197//28 5198//28 5299//28 5298//28
f 5198//29 5199//29 5300//29 5299//29
f 5199//29 5200//29 5301//29 5300//29
f 5200//30 5201//30 5302//30 5301//30
f 5201//31 5202//31 5303//31 5302//31
f 5202//31 5203//31 5304//31 5303//31
f 5203//32 5204//32 5305//32 5304//32
f 5204//33 5205//33 5306//33 5305//33
f 5205//33 5206//33 5307//33 5306//33
f 5206//34 5207//34 5308//34 5307//34
f 5207//35 5208//35 5309//35 5308//35
f 5208//35 5209//35 5310//35 5309//35
f 5209//35 5210//35 5311//35 5310//35
f 5210//36 5211//36 5312//36 5311//36
f 5211//37 5212//37 5313//37 5312//37
f 5212//37 5213//37 5314//37 5313//37
f 5213//38 5214//38 5315//38 5314//38
f 5214//39 5215//39 5316//39 5315//39
f 5215//39 5216//39 5317//39 5316//39
f 5216//40 5217//40 5318//40 5317//40
f 5217//41 5218//41 5319//41 5318//41
f 5218//41 5219//41 5320//41 5319//41
f 5219//42 5220//42 5321//42 5320//42
f 5220//43 5221//43 5322//43 5321//43
f 5221//43 5222//43 5323//43 5322//43
f 5222//44 5223//44 5324//44 5323//44
f 5223//45 5224//45 5325//45 5324//45
f 5224//45 5225//45 5326//45 5325//45
f 5225//45 5226//45 5327//45 5326//45
f 5226//46 5227//46 5328//46 5327//46
f 5227//47 5228//47 5329//47 5328//47
f 5228//47 5229//47 5330//47 5329//47
f 5229//48 5230//48 5331//48 5330//48
f 5230//49 5231//49 5332//49 5331//49
f 5231//49 5232//49 5333//49 5332//49
f 5232//50 5233//50 5334//50 5333//50
f 5233//51 5234//51 5335//51 5334//51
f 5234//51 5235//51 5336//51 5335//51
f 5235//52 5236//52 5337//52 5336//52
f 5236//53 5237//53 5338//53 5337//53
f 5237//53 5238//53 5339//53 5338//53
f 5238//53 5239//53 5340//53 5339//53
f 5239//54 5240//54 5341//54 5340//54
f 5240//55 5241//55 5342//55 5341//55
f 5241//55 5242//55 5343//55 5342//55
f 5242//56 5243//56 5344//56 5343//56
f 5243//57 5244//57 5345//57 5344//57
f 5244//57 5245//57 5346//57 5345//57
f 5245//58 5246//58 5347//58 5346//58
f 5246//59 5247//59 5348//59 5347//59
f 5247//59 5248//59 5349//59 5348//59
f 5248//60 5249//60 5350//60 5349//60
f 5249//61 5250//61 5351//61 5350//61
f 5250//61 5251//61 5352//61 5351//61
f 5251//61 5252//61 5353//61 5352//61
f 5253//1 5254//1 5355//1 5354//1
f 5254//1 5255//1 5356//1 5355//1
f 5255//1 5256//1 5357//1 5356//1
f 5256//2 5257//2 5358//2 5357//2
f 5257//3 5258//3 5359//3 5358//3
f 5258//3 5259//3 5360//3 5359//3
f 5259//4 5260//4 5361//4 5360//4
f 5260//5 5261//5 5362//5 5361//5
f 5261//5 5262//5 5363//5 5362//5
f 5262//6 5263//6 5364//6 5363//6
f 5263//7 5264//7 5365//7 5364//7
f 5264//7 5265//7 5366//7 5365//7
f 5265//8 5266//8 5367//8 5366//8
f 5266//9 5267//9 5368//9 5367//9
f 5267//9 5268//9 5369//9 5368//9
f 5268//9 5269//9 5370//9 5369//9
f 5269//10 5270//10 5371//10 5370//10
f 5270//11 5271//11 5372//11 5371//11
f 5271//11 5272//11 5373//11 5372//11
f 5272//12 5273//12 5374//12 5373//12
f 5273//13 5274//13 5375//13 5374//13
f 5274//13 5275//13 5376//13 5375//13
f 5275//14 5276//14 5377//14 5376//14
f 5276//15 5277//15 5378//15 5377//15
f 5277//15 5278//15 5379//15 5378//15
f 5278//16 5279//16 5380//16 5379//16
f 5279//17 5280//17 5381//17 5380//17
f 5280//17 5281//17 5382//17 5381//17
f 5281//17 5282//17 5383//17 5382//17
f 5282//18 5283//18 5384//18 5383//18
f 5283//19 5284//19 5385//19 5384//19
f 5284//19 5285//19 5386//19 5385//19
f 5285//20 5286//20 5387//20 5386//20
f 5286//21 5287//21 5388//21 5387//21
f 5287//21 5288//21 5389//21 5388//21
f 5288//22 5289//22 5390//22 5389//22
f 5289//23 5290//23 5391//23 5390//23
f 5290//23 5291//23 5392//23 5391//23
f 5291//24 5292//24 5393//24 5392//24
f 5292//25 5293//25 5394//25 5393//25
f 5293//25 5294//25 5395//25 5394//25
f 5294//26 5295//26 5396//26 5395//26
f 5295//27 5296//27 5397//27 5396//27
f 5296//27 5297//27 5398//27 5397//27
f 5297//27 5298//27 5399//27 5398//27
f 5298//28 5299//28 5400//28 5399//28
f 5299//29 5300//29 5401//29 5400//29
f 5300//29 5301//29 5402//29 5401//29
f 5301//30 5302//30 5403//30 5402//30
f 5302//31 5303//31 5404//31 5403//31
f 5303//31 5304//31 5405//31 5404//31
f 5304//32 5305//32 5406//32 5405//32
f 5305//33 5306//33 5407//33 5406//33
f 5306//33 5307//33 5408//33 5407//33
f 5307//34 5308//34 5409//34 5408//34
f 5308//35 5309//35 5410//35 5409//35
f 5309//35 5310//35 5411//35 5410//35
f 5310//35 5311//35 5412//35 5411//35
f 5311//36 5312//36 5413//36 5412//36
f 5312//37 5313//37 5414//37 5413//37
f 5313//37 5314//37 5415//37 5414//37
f 5314//38 5315//38 5416//38 5415//38
f 5315//39 5316//39 5417//39 5416//39
f 5316//39 5317//39 5418//39 5417//39
f 5317//40 5318//40 5419//40 5418//40
f 5318//41 5319//41 5420//41 5419//41
f 5319//41 5320//41 5421//41 5420//41
f 5320//42 5321//42 5422//42 5421//42
f 5321//43 5322//43 5423//43 5422//43
f 5322//43 5323//43 5424//43 5423//43
f 5323//44 5324//44 5425//44 5424//44
f 5324//45 5325//45 5426//45 5425//45
f 5325//45 5326//45 5427//45 5426//45
f 5326//45 5327//45 5428//45 5427//45
f 5327//46 5328//46 5429//46 5428//46
f 5328//47 5329//47 5430//47 5429//47
f 5329//47 5330//47 5431//47 5430//47
f 5330//48 5331//48 5432//48 5431//48
f 5331//49 5332//49 5433//49 5432//49
f 5332//49 5333//49 5434//49 5433//49
f 5333//50 5334//50 5435//50 5434//50
f 5334//51 5335//51 5436//51 5435//51
f 5335//51 5336//51 5437//51 5436//51
f 5336//52 5337//52 5438//52 5437//52
f 5337//53 5338//53 5439//53 5438//53
f 5338//53 5339//53 5440//53 5439//53
f 5339//53 5340//53 5441//53 5440//53
f 5340//54 5341//54 5442//54 5441//54
f 5341//55 5342//55 5443//55 5442//55
f 5342//55 5343//55 5444//55 5443//55
f 5343//56 5344//56 5445//56 5444//56
f 5344//57 5345//57 5446//57 5445//57
f 5345//57 5346//57 5447//57 5446//57
f 5346//58 5347//58 5448//58 5447//58
f 5347//59 5348//59 5449//59 5448//59
f 5348//59 5349//59 5450//59 5449//59
f 5349//60 5350//60 5451//60 5450//60
f 5350//61 5351//61 5452//61 5451//61
f 5351//61 5352//61 5453//61 5452//61
f 5352//61 5353//61 5454//61 5453//61
f 5354//1 5355//1 5456//1 5455//1
f 5355//1 5356//1 5457//1 5456//1
f 5356//1 5357//1 5458//1 5457//1
f 5357//2 5358//2 5459//2 5458//2
f 5358//3 5359//3 5460//3 5459//3
f 5359//3 5360//3 5461//3 5460//3
f 5360//4 5361//4 5462//4 5461//4
f 5361//5 5362//5 5463//5 5462//5
f 5362//5 5363//5 5464//5 5463//5
f 5363//6 5364//6 5465//6 5464//6
f 5364//7 5365//7 5466//7 5465//7
f 5365//7 5366//7 5467//7 5466//7
f 5366//8 5367//8 5468//8 5467//8
f 5367//9 5368//9 5469//9 5468//9
f 5368//9 5369//9 5470//9 5469//9
f 5369//9 5370//9 5471//9 5470//9
f 5370//10 5371//10 5472//10 5471//10
f 5371//11 5372//11 5473//11 5472//11
f 5372//11 5373//11 5474//11 5473//11
f 5373//12 5374//12 5475//12 5474//12
f 5374//13 5375//13 5476//13 5475//13
f 5375//13 5376//13 5477//13 5476//13
f 5376//14 5377//14 5478//14 5477//14
f 5377//15 5378//15 5479//15 5478//15
f 5378//15 5379//15 5480//15 5479//15
f 5379//16 5380//16 5481//16 5480//16
f 5380//17 5381//17 5482//17 5481//17
f 5381//17 5382//17 5483//17 5482//17
f 5382//17 5383//17 5484//17 5483//17
f 5383//18 5384//18 5485//18 5484//18
f 5384//19 5385//19 5486//19 5485//19
f 5385//19 5386//19 5487//19 5486//19
f 5386//20 5387//20 5488//20 5487//20
f 5387//21 5388//21 5489//21 5488//21
f 5388//21 5389//21 5490//21 5489//21
f 5389//22 5390//22 5491//22 5490//22
f 5390//23 5391//23 5492//23 5491//23
f 5391//23 5392//23 5493//23 5492//23
f 5392//24 5393//24 5494//24 5493//24
f 5393//25 5394//25 5495//25 5494//25
f 5394//25 5395//25 5496//25 5495//25
f 5395//26 5396//26 5497//26 5496//26
f 5396//27 5397//27 5498//27 5497//27
f 5397//27 5398//27 5499//27 5498//27
f 5398//27 5399//27 5500//27 5499//27
f 5399//28 5400//28 5501//28 5500//28
f 5400//29 5401//29 5502//29 5501//29
f 5401//29 5402//29 5503//29 5502//29
f 5402//30 5403//30 5504//30 5503//30
f 5403//31 5404//31 5505//31 5504//31
f 5404//31 5405//31 5506//31 5505//31
f 5405//32 5406//32 5507//32 5506//32
f 5406//33 5407//33 5508//33 5507//33
f 5407//33 5408//33 5509//33 5508//33
f 5408//34 5409//34 5510//34 5509//34
f 5409//35 5410//35 5511//35 5510//35
f 5410//35 5411//35 5512//35 5511//35
f 5411//35 5412//35 5513//35 5512//35
f 5412//36 5413//36 5514//36 5513//36
f 5413//37 5414//37 5515//37 5514//37
f 5414//37 5415//37 5516//37 5515//37
f 5415//38 5416//38 5517//38 5516//38
f 5416//39 5417//39 5518//39 5517//39
f 5417//39 5418//39 5519//39 5518//39
f 5418//40 5419//40 5520//40 5519//40
f 5419//41 5420//41 5521//41 5520//41
f 5420//41 5421//41 5522//41 5521//41
f 5421//42 5422//42 5523//42 5522//42
f 5422//43 5423//43 5524//43 5523//43
f 5423//43 5424//43 5525//43 5524//43
f 5424//44 5425//44 5526//44 5525//44
f 5425//45 5426//45 5527//45 5526//45
f 5426//45 5427//45 5528//45 5527//45
f 5427//45 5428//45 5529//45 5528//45
f 5428//46 5429//46 5530//46 5529//46
f 5429//47 5430//47 5531//47 5530//47
f 5430//47 5431//47 5532//47 5531//47
f 5431//48 5432//48 5533//48 5532//48
f 5432//49 5433//49 5534//49 5533//49
f 5433//49 5434//49 5535//49 5534//49
f 5434//50 5435//50 5536//50 5535//50
f 5435//51 5436//51 5537//51 5536//51
f 5436//51 5437//51 5538//51 5537//51
f 5437//52 5438//52 5539//52 5538//52
f 5438//53 5439//53 5540//53 5539//53
f 5439//53 5440//53 5541//53 5540//53
f 5440//53 5441//53 5542//53 5541//53
f 5441//54 5442//54 5543//54 5542//54
f 5442//55 5443//55 5544//55 5543//55
f 5443//55 5444//55 5545//55 5544//55
f 5444//56 5445//56 5546//56 5545//56
f 5445//57 5446//57 5547//57 5546//57
f 5446//57 5447//57 5548//57 5547//57
f 5447//58 5448//58 5549//58 5548//58
f 5448//59 5449//59 5550//59 5549//59
f 5449//59 5450//59 5551//59 5550//59
f 5450//60 5451//60 5552//60 5551//60
f 5451//61 5452//61 5553//61 5552//61
f 5452//61 5453//61 5554//61 5553//61
f 5453//61 5454//61 5555//61 5554//61
f 5455//1 5456//1 5557//1 5556//1
f 5456//1 5457//1 5558//1 5557//1
f 5457//1 5458//1 5559//1 5558//1
f 5458//2 5459//2 5560//2 5559//2
f 5459//3 5460//3 5561//3 5560//3
f 5460//3 5461//3 5562//3 5561//3
f 5461//4 5462//4 5563//4 5562//4
f 5462//5 5463//5 5564//5 5563//5
f 5463//5 5464//5 5565//5 5564//5
f 5464//6 5465//6 5566//6 5565//6
f 5465//7 5466//7 5567//7 5566//7
f 5466//7 5467//7 5568//7 5567//7
f 5467//8 5468//8 5569//8 5568//8
f 5468//9 5469//9 5570//9 5569//9
f 5469//9 5470//9 5571//9 5570//9
f 5470//9 5471//9 5572//9 5571//9
f 5471//10 5472//10 5573//10 5572//10
f 5472//11 5473//11 5574//11 5573//11
f 5473//11 5474//11 5575//11 5574//11
f 5474//12 5475//12 5576//12 5575//12
f 5475//13 5476//13 5577//13 5576//13
f 5476//13 5477//13 5578//13 5577//13
f 5477//14 5478//14 5579//14 5578//14
f 5478//15 5479//15 5580//15 5579//15
f 5479//15 5480//15 5581//15 5580//15
f 5480//16 5481//16 5582//16 5581//16
f 5481//17 5482//17 5583//17 5582//17
f 5482//17 5483//17 5584//17 5583//17
f 5483//17 5484//17 5585//17 5584//17
f 5484//18 5485//18 5586//18 5585//18
f 5485//19 5486//19 5587//19 5586//19
f 5486//19 5487//19 5588//19 5587//19
f 5487//20 5488//20 5589//20 5588//20
f 5488//21 5489//21 5590//21 5589//21
f 5489//21 5490//21 5591//21 5590//21
f 5490//22 5491//22 5592//22 5591//22
f 5491//23 5492//23 5593//23 5592//23
f 5492//23 5493//23 5594//23 5593//23
f 5493//24 5494//24 5595//24 5594//24
f 5494//25 5495//25 5596//25 5595//25
f 5495//25 5496//25 5597//25 5596//25
f 5496//26 5497//26 5598//26 5597//26
f 5497//27 5498//27 5599//27 5598//27
f 5498//27 5499//27 5600//27 5599//27
f 5499//27 5500//27 5601//27 5600//27
f 5500//28 5501//28 5602//28 5601//28
f 5501//29 5502//29 5603//29 5602//29
f 5502//29 5503//29 5604//29 5603//29
f 5503//30 5504//30 5605//30 5604//30
f 5504//31 5505//31 5606//31 5605//31
f 5505//31 5506//31 5607//31 5606//31
f 5506//32 5507//32 5608//32 5607//32
f 5507//33 5508//33 5609//33 5608//33
f 5508//33 5509//33 5610//33 5609//33
f 5509//34 5510//34 5611//34 5610//34
f 5510//35 5511//35 5612//35 5611//35
f 5511//35 5512//35 5613//35 5612//35
f 5512//35 5513//35 5614//35 5613//35
f 5513//36 5514//36 5615//36 5614//36
f 5514//37 5515//37 5616//37 5615//37
f 5515//37 5516//37 5617//37 5616//37
f 5516//38 5517//38 5618//38 5617//38
f 5517//39 5518//39 5619//39 5618//39
f 5518//39 5519//39 5620//39 5619//39
f 5519//40 5520//40 5621//40 5620//40
f 5520//41 5521//41 5622//41 5621//41
f 5521//41 5522//41 5623//41 5622//41
f 5522//42 5523//42 5624//42 5623//42
f 5523//43 5524//43 5625//43 5624//43
f 5524//43 5525//43 5626//43 5625//43
f 5525//44 5526//44 5627//44 5626//44
f 5526//45 5527//45 5628//45 5627//45
f 5527//45 5528//45 5629//45 5628//45
f 5528//45 5529//45 5630//45 5629//45
f 5529//46 5530//46 5631//46 5630//46
f 5530//47 5531//47 5632//47 5631//47
f 5531//47 5532//47 5633//47 5632//47
f 5532//48 5533//48 5634//48 5633//48
f 5533//49 5534//49 5635//49 5634//49
f 5534//49 5535//49 5636//49 5635//49
f 5535//50 5536//50 5637//50 5636//50
f 5536//51 5537//51 5638//51 5637//51
f 5537//51 5538//51 5639//51 5638//51
f 5538//52 5539//52 5640//52 5639//52
f 5539//53 5540//53 5641//53 5640//53
f 5540//53 5541//53 5642//53 5641//53
f 5541//53 5542//53 5643//53 5642//53
f 5542//54 5543//54 5644//54 5643//54
f 5543//55 5544//55 5645//55 5644//55
f 5544//55 5545//55 5646//55 5645//55
f 5545//56 5546//56 5647//56 5646//56
f 5546//57 5547//57 5648//57 5647//57
f 5547//57 5548//57 5649//57 5648//57
f 5548//58 5549//58 5650//58 5649//58
f 5549//59 5550//59 5651//59 5650//59
f 5550//59 5551//59 5652//59 5651//59
f 5551//60 5552//60 5653//60 5652//60
f 5552//61 5553//61 5654//61 5653//61
f 5553//61 5554//61 5655//61 5654//61
f 5554//61 5555//61 5656//61 5655//61
f 5556//1 5557//1 5658//1 5657//1
f 5557//1 5558//1 5659//1 5658//1
f 5558//1 5559//1 5660//1 5659//1
f 5559//2 5560//2 5661//2 5660//2
f 5560//3 5561//3 5662//3 5661//3
f 5561//3 5562//3 5663//3 5662//3
f 5562//4 5563//4 5664//4 5663//4
f 5563//5 5564//5 5665//5 5664//5
f 5564//5 5565//5 5666//5 5665//5
f 5565//6 5566//6 5667//6 5666//6
f 5566//7 5567//7 5668//7 5667//7
f 5567//7 5568//7 5669//7 5668//7
f 5568//8 5569//8 5670//8 5669//8
f 5569//9 5570//9 5671//9 5670//9
f 5570//9 5571//9 5672//9 5671//9
f 5571//9 5572//9 5673//9 5672//9
f 5572//10 5573//10 5674//10 5673//10
f 5573//11 5574//11 5675//11 5674//11
f 5574//11 5575//11 5676//11 5675//11
f 5575//12 5576//12 5677//12 5676//12
f 5576//13 5577//13 5678//13 5677//13
f 5577//13 5578//13 5679//13 5678//13
f 5578//14 5579//14 5680//14 5679//14
f 5579//15 5580//15 5681//15 5680//15
f 5580//15 5581//15 5682//15 5681//15
f 5581//16 5582//16 5683//16 5682//16
f 5582//17 5583//17 5684//17 5683//17
f 5583//17 5584//17 5685//17 5684//17
f 5584//17 5585//17 5686//17 5685//17
f 5585//18 5586//18 5687//18 5686//18
f 5586//19 5587//19 5688//19 5687//19
f 5587//19 5588//19 5689//19 5688//19
f 5588//20 5589//20 5690//20 5689//20
f 5589//21 5590//21 5691//21 5690//21
f 5590//21 5591//21 5692//21 5691//21
f 5591//22 5592//22 5693//22 5692//22
f 5592//23 5593//23 5694//23 5693//23
f 5593//23 5594//23 5695//23 5694//23
f 5594//24 5595//24 5696//24 5695//24
f 5595//25 5596//25 5697//25 5696//25
f 5596//25 5597//25 5698//25 5697//25
f 5597//26 5598//26 5699//26 5698//26
f 5598//27 5599//27 5700//27 5699//27
f 5599//27 5600//27 5701//27 5700//27
f 5600//27 5601//27 5702//27 5701//27
f 5601//28 5602//28 5703//28 5702//28
f 5602//29 5603//29 5704//29 5703//29
f 5603//29 5604//29 5705//29 5704//29
f 5604//30 5605//30 5706//30 5705//30
f 5605//31 5606//31 5707//31 5706//31
f 5606//31 5607//31 5708//31 5707//31
f 5607//32 5608//32 5709//32 5708//32
f 5608//33 5609//33 5710//33 5709//33
f 5609//33 5610//33 5711//33 5710//33
f 5610//34 5611//34 5712//34 5711//34
f 5611//35 5612//35 5713//35 5712//35
f 5612//35 5613//35 5714//35 5713//35
f 5613//35 5614//35 5715//35 5714//35
f 5614//36 5615//36 5716//36 5715//36
f 5615//37 5616//37 5717//37 5716//37
f 5616//37 5617//37 5718//37 5717//37
f 5617//38 5618//38 5719//38 5718//38
f 5618//39 5619//39 5720//39 5719//39
f 5619//39 5620//39 5721//39 5720//39
f 5620//40 5621//40 5722//40 5721//40
f 5621//41 5622//41 5723//41 5722//41
f 5622//41 5623//41 5724//41 5723//41
f 5623//42 5624//42 5725//42 5724//42
f 5624//43 5625//43 5726//43 5725//43
f 5625//43 5626//43 5727//43 5726//43
f 5626//44 5627//44 5728//44 5727//44
f 5627//45 5628//45 5729//45 5728//45
f 5628//45 5629//45 5730//45 5729//45
f 5629//45 5630//45 5731//45 5730//45
f 5630//46 5631//46 5732//46 5731//46
f 5631//47 5632//47 5733//47 5732//47
f 5632//47 5633//47 5734//47 5733//47
f 5633//48 5634//48 5735//48 5734//48
f 5634//49 5635//49 5736//49 5735//49
f 5635//49 5636//49 5737//49 5736//49
f 5636//50 5637//50 5738//50 5737//50
f 5637//51 5638//51 5739//51 5738//51
f 5638//51 5639//51 5740//51 5739//51
f 5639//52 5640//52 5741//52 5740//52
f 5640//53 5641//53 5742//53 5741//53
f 5641//53 5642//53 5743//53 5742//53
f 5642//53 5643//53 5744//53 5743//53
f 5643//54 5644//54 5745//54 5744//54
f 5644//55 5645//55 5746//55 5745//55
f 5645//55 5646//55 5747//55 5746//55
f 5646//56 5647//56 5748//56 5747//56
f 5647//57 5648//57 5749//57 5748//57
f 5648//57 5649//57 5750//57 5749//57
f 5649//58 5650//58 5751//58 5750//58
f 5650//59 5651//59 5752//59 5751//59
f 5651//59 5652//59 5753//59 5752//59
f 5652//60 5653//60 5754//60 5753//60
f 5653//61 5654//61 5755//61 5754//61
f 5654//61 5655//61 5756//61 5755//61
f 5655//61 5656//61 5757//61 5756//61
f 5657//1 5658//1 5759//1 5758//1
f 5658//1 5659//1 5760//1 5759//1
f 5659//1 5660//1 5761//1 5760//1
f 5660//2 5661//2 5762//2 5761//2
f 5661//3 5662//3 5763//3 5762//3
f 5662//3 5663//3 5764//3 5763//3
f 5663//4 5664//4 5765//4 5764//4
f 5664//5 5665//5 5766//5 5765//5
f 5665//5 5666//5 5767//5 5766//5
f 5666//6 5667//6 5768//6 5767//6
f 5667//7 5668//7 5769//7 5768//7
f 5668//7 5669//7 5770//7 5769//7
f 5669//8 5670//8 5771//8 5770//8
f 5670//9 5671//9 5772//9 5771//9
f 5671//9 5672//9 5773//9 5772//9
f 5672//9 5673//9 5774//9 5773//9
f 5673//10 5674//10 5775//10 5774//10
f 5674//11 5675//11 5776//11 5775//11
f 5675//11 5676//11 5777//11 5776//11
f 5676//12 5677//12 5778//12 5777//12
f 5677//13 5678//13 5779//13 5778//13
f 5678//13 5679//13 5780//13 5779//13
f 5679//14 5680//14 5781//14 5780//14
f 5680//15 5681//15 5782//15 5781//15
f 5681//15 5682//15 5783//15 5782//15
f 5682//16 5683//16 5784//16 5783//16
f 5683//17 5684//17 5785//17 5784//17
f 5684//17 5685//17 5786//17 5785//17
f 5685//17 5686//17 5787//17 5786//17
f 5686//18 5687//18 5788//18 5787//18
f 5687//19 5688//19 5789//19 5788//19
f 5688//19 5689//19 5790//19 5789//19
f 5689//20 5690//20 5791//20 5790//20
f 5690//21 5691//21 5792//21 5791//21
f 5691//21 5692//21 5793//21 5792//21
f 5692//22 5693//22 5794//22 5793//22
f 5693//23 5694//23 5795//23 5794//23
f 5694//23 5695//23 5796//23 5795//23
f 5695//24 5696//24 5797//24 5796//24
f 5696//25 5697//25 5798//25 5797//25
f 5697//25 5698//25 5799//25 5798//25
f 5698//26 5699//26 5800//26 5799//26
f 5699//27 5700//27 5801//27 5800//27
f 5700//27 5701//27 5802//27 5801//27
f 5701//27 5702//27 5803//27 5802//27
f 5702//28 5703//28 5804//28 5803//28
f 5703//29 5704//29 5805//29 5804//29
f 5704//29 5705//29 5806//29 5805//29
f 5705//30 5706//30 5807//30 5806//30
f 5706//31 5707//31 5808//31 5807//31
f 5707//31 5708//31 5809//31 5808//31
f 5708//32 5709//32 5810//32 5809//32
f 5709//33 5710//33 5811//33 5810//33
f 5710//33 5711//33 5812//33 5811//33
f 5711//34 5712//34 5813//34 5812//34
f 5712//35 5713//35 5814//35 5813//35
f 5713//35 5714//35 5815//35 5814//35
f 5714//35 5715//35 5816//35 5815//35
f 5715//36 5716//36 5817//36 5816//36
f 5716//37 5717//37 5818//37 5817//37
f 5717//37 5718//37 5819//37 5818//37
f 5718//38 5719//38 5820//38 5819//38
f 5719//39 5720//39 5821//39 5820//39
f 5720//39 5721//39 5822//39 5821//39
f 5721//40 5722//40 5823//40 5822//40
f 5722//41 5723//41 5824//41 5823//41
f 5723//41 5724//41 5825//41 5824//41
f 5724//42 5725//42 5826//42 5825//42
f 5725//43 5726//43 5827//43 5826//43
f 5726//43 5727//43 5828//43 5827//43
f 5727//44 5728//44 5829//44 5828//44
f 5728//45 5729//45 5830//45 5829//45
f 5729//45 5730//45 5831//45 5830//45
f 5730//45 5731//45 5832//45 5831//45
f 5731//46 5732//46 5833//46 5832//46
f 5732//47 5733//47 5834//47 5833//47
f 5733//47 5734//47 5835//47 5834//47
f 5734//48 5735//48 5836//48 5835//48
f 5735//49 5736//49 5837//49 5836//49
f 5736//49 5737//49 5838//49 5837//49
f 5737//50 5738//50 5839//50 5838//50
f 5738//51 5739//51 5840//51 5839//51
f 5739//51 5740//51 5841//51 5840//51
f 5740//52 5741//52 5842//52 5841//52
f 5741//53 5742//53 5843//53 5842//53
f 5742//53 5743//53 5844//53 5843//53
f 5743//53 5744//53 5845//53 5844//53
f 5744//54 5745//54 5846//54 5845//54
f 5745//55 5746//55 5847//55 5846//55
f 5746//55 5747//55 5848//55 5847//55
f 5747//56 5748//56 5849//56 5848//56
f 5748//57 5749//57 5850//57 5849//57
f 5749//57 5750//57 5851//57 5850//57
f 5750//58 5751//58 5852//58 5851//58
f 5751//59 5752//59 5853//59 5852//59
f 5752//59 5753//59 5854//59 5853//59
f 5753//60 5754//60 5855//60 5854//60
f 5754//61 5755//61 5856//61 5855//61
f 5755//61 5756//61 5857//61 5856//61
f 5756//61 5757//61 5858//61 5857//61
f 5758//1 5759//1 5860//1 5859//1
f 5759//1 5760//1 5861//1 5860//1
f 5760//1 5761//1 5862//1 5861//1
f 5761//2 5762//2 5863//2 5862//2
f 5762//3 5763//3 5864//3 5863//3
f 5763//3 5764//3 5865//3 5864//3
f 5764//4 5765//4 5866//4 5865//4
f 5765//5 5766//5 5867//5 5866//5
f 5766//5 5767//5 5868//5 5867//5
f 5767//6 5768//6 5869//6 5868//6
f 5768//7 5769//7 5870//7 5869//7
f 5769//7 5770//7 5871//7 5870//7
f 5770//8 5771//8 5872//8 5871//8
f 5771//9 5772//9 5873//9 5872//9
f 5772//9 5773//9 5874//9 5873//9
f 5773//9 5774//9 5875//9 5874//9
f 5774//10 5775//10 5876//10 5875//10
f 5775//11 5776//11 5877//11 5876//11
f 5776//11 5777//11 5878//11 5877//11
f 5777//12 5778//12 5879//12 5878//12
f 5778//13 5779//13 5880//13 5879//13
f 5779//13 5780//13 5881//13 5880//13
f 5780//14 5781//14 5882//14 5881//14
f 5781//15 5782//15 5883//15 5882//15
f 5782//15 5783//15 5884//15 5883//15
f 5783//16 5784//16 5885//16 5884//16
f 5784//17 5785//17 5886//17 5885//17
f 5785//17 5786//17 5887//17 5886//17
f 5786//17 5787//17 5888//17 5887//17
f 5787//18 5788//18 5889//18 5888//18
f 5788//19 5789//19 5890//19 5889//19
f 5789//19 5790//19 5891//19 5890//19
f 5790//20 5791//20 5892//20 5891//20
f 5791//21 5792//21 5893//21 5892//21
f 5792//21 5793//21 5894//21 5893//21
f 5793//22 5794//22 5895//22 5894//22
f 5794//23 5795//23 5896//23 5895//23
f 5795//23 5796//23 5897//23 5896//23
f 5796//24 5797//24 5898//24 5897//24
f 5797//25 5798//25 5899//25 5898//25
f 5798//25 5799//25 5900//25 5899//25
f 5799//26 5800//26 5901//26 5900//26
f 5800//27 5801//27 5902//27 5901//27
f 5801//27 5802//27 5903//27 5902//27
f 5802//27 5803//27 5904//27 5903//27
f 5803//28 5804//28 5905//28 5904//28
f 5804//29 5805//29 5906//29 5905//29
f 5805//29 5806//29 5907//29 5906//29
f 5806//30 5807//30 5908//30 5907//30
f 5807//31 5808//31 5909//31 5908//31
f 5808//31 5809//31 5910//31 5909//31
f 5809//32 5810//32 5911//32 5910//32
f 5810//33 5811//33 5912//33 5911//33
f 5811//33 5812//33 5913//33 5912//33
f 5812//34 5813//34 5914//34 5913//34
f 5813//35 5814//35 5915//35 5914//35
f 5814//35 5815//35 5916//35 5915//35
f 5815//35 5816//35 5917//35 5916//35
f 5816//36 5817//36 5918//36 5917//36
f 5817//37 5818//37 5919//37 5918//37
f 5818//37 5819//37 5920//37 5919//37
f 5819//38 5820//38 5921//38 5920//38
f 5820//39 5821//39 5922//39 5921//39
f 5821//39 5822//39 5923//39 5922//39
f 5822//40 5823//40 5924//40 5923//40
f 5823//41 5824//41 5925//41 5924//41
f 5824//41 5825//41 5926//41 5925//41
f 5825//42 5826//42 5927//42 5926//42
f 5826//43 5827//43 5928//43 5927//43
f 5827//43 5828//43 5929//43 5928//43
f 5828//44 5829//44 5930//44 5929//44
f 5829//45 5830//45 5931//45 5930//45
f 5830//45 5831//45 5932//45 5931//45
f 5831//45 5832//45 5933//45 5932//45
f 5832//46 5833//46 5934//46 5933//46
f 5833//47 5834//47 5935//47 5934//47
f 5834//47 5835//47 5936//47 5935//47
f 5835//48 5836//48 5937//48 5936//48
f 5836//49 5837//49 5938//49 5937//49
f 5837//49 5838//49 5939//49 5938//49
f 5838//50 5839//50 5940//50 5939//50
f 5839//51 5840//51 5941//51 5940//51
f 5840//51 5841//51 5942//51 5941//51
f 5841//52 5842//52 5943//52 5942//52
f 5842//53 5843//53 5944//53 5943//53
f 5843//53 5844//53 5945//53 5944//53
f 5844//53 5845//53 5946//53 5945//53
f 5845//54 5846//54 5947//54 5946//54
f 5846//55 5847//55 5948//55 5947//55
f 5847//55 5848//55 5949//55 5948//55
f 5848//56 5849//56 5950//56 5949//56
f 5849//57 5850//57 5951//57 5950//57
f 5850//57 5851//57 5952//57 5951//57
f 5851//58 5852//58 5953//58 5952//58
f 5852//59 5853//59 5954//59 5953//59
f 5853//59 5854//59 5955//59 5954//59
f 5854//60 5855//60 5956//60 5955//60
f 5855//61 5856//61 5957//61 5956//61
f 5856//61 5857//61 5958//61 5957//61
f 5857//61 5858//61 5959//61 5958//61
f 5859//1 5860//1 5961//1 5960//1
f 5860//1 5861//1 5962//1 5961//1
f 5861//1 5862//1 5963//1 5962//1
f 5862//2 5863//2 5964//2 5963//2
f 5863//3 5864//3 5965//3 5964//3
f 5864//3 5865//3 5966//3 5965//3
f 5865//4 5866//4 5967//4 5966//4
f 5866//5 5867//5 5968//5 5967//5
f 5867//5 5868//5 5969//5 5968//5
f 5868//6 5869//6 5970//6 5969//6
f 5869//7 5870//7 5971//7 5970//7
f 5870//7 5871//7 5972//7 5971//7
f 5871//8 5872//8 5973//8 5972//8
f 5872//9 5873//9 5974//9 5973//9
f 5873//9 5874//9 5975//9 5974//9
f 5874//9 5875//9 5976//9 5975//9
f 5875//10 5876//10 5977//10 5976//10
f 5876//11 5877//11 5978//11 5977//11
f 5877//11 5878//11 5979//11 5978//11
f 5878//12 5879//12 5980//12 5979//12
f 5879//13 5880//13 5981//13 5980//13
f 5880//13 5881//13 5982//13 5981//13
f 5881//14 5882//14 5983//14 5982//14
f 5882//15 5883//15 5984//15 5983//15
f 5883//15 5884//15 5985//15 5984//15
f 5884//16 5885//16 5986//16 5985//16
f 5885//17 5886//17 5987//17 5986//17
f 5886//17 5887//17 5988//17 5987//17
f 5887//17 5888//17 5989//17 5988//17
f 5888//18 5889//18 5990//18 5989//18
f 5889//19 5890//19 5991//19 5990//19
f 5890//19 5891//19 5992//19 5991//19
f 5891//20 5892//20 5993//20 5992//20
f 5892//21 5893//21 5994//21 5993//21
f 5893//21 5894//21 5995//21 5994//21
f 5894//22 5895//22 5996//22 5995//22
f 5895//23 5896//23 5997//23 5996//23
f 5896//23 5897//23 5998//23 5997//23
f 5897//24 5898//24 5999//24 5998//24
f 5898//25 5899//25 6000//25 5999//25
f 5899//25 5900//25 6001//25 6000//25
f 5900//26 5901//26 6002//26 6001//26
f 5901//27 5902//27 6003//27 6002//27
f 5902//27 5903//27 6004//27 6003//27
f 5903//27 5904//27 6005//27 6004//27
f 5904//28 5905//28 6006//28 6005//28
f 5905//29 5906//29 6007//29 6006//29
f 5906//29 5907//29 6008//29 6007//29
f 5907//30 5908//30 6009//30 6008//30
f 5908//31 5909//31 6010//31 6009//31
f 5909//31 5910//31 6011//31 6010//31
f 5910//32 5911//32 6012//32 6011//32
f 5911//33 5912//33 6013//33 6012//33
f 5912//33 5913//33 6014//33 6013//33
f 5913//34 5914//34 6015//34 6014//34
f 5914//35 5915//35 6016//35 6015//35
f 5915//35 5916//35 6017//35 6016//35
f 5916//35 5917//35 6018//35 6017//35
f 5917//36 5918//36 6019//36 6018//36
f 5918//37 5919//37 6020//37 6019//37
f 5919//37 5920//37 6021//37 6020//37
f 5920//38 5921//38 6022//38 6021//38
f 5921//39 5922//39 6023//39 6022//39
f 5922//39 5923//39 6024//39 6023//39
f 5923//40 5924//40 6025//40 6024//40
f 5924//41 5925//41 6026//41 6025//41
f 5925//41 5926//41 6027//41 6026//41
f 5926//42 5927//42 6028//42 6027//42
f 5927//43 5928//43 6029//43 6028//43
f 5928//43 5929//43 6030//43 6029//43
f 5929//44 5930//44 6031//44 6030//44
f 5930//45 5931//45 6032//45 6031//45
f 5931//45 5932//45 6033//45 6032//45
f 5932//45 5933//45 6034//45 6033//45
f 5933//46 5934//46 6035//46 6034//46
f 5934//47 5935//47 6036//47 6035//47
f 5935//47 5936//47 6037//47 6036//47
f 5936//48 5937//48 6038//48 6037//48
f 5937//49 5938//49 6039//49 6038//49
f 5938//49 5939//49 6040//49 6039//49
f 5939//50 5940//50 6041//50 6040//50
f 5940//51 5941//51 6042//51 6041//51
f 5941//51 5942//51 6043//51 6042//51
f 5942//52 5943//52 6044//52 6043//52
f 5943//53 5944//53 6045//53 6044//53
f 5944//53 5945//53 6046//53 6045//53
f 5945//53 5946//53 6047//53 6046//53
f 5946//54 5947//54 6048//54 6047//54
f 5947//55 5948//55 6049//55 6048//55
f 5948//55 5949//55 6050//55 6049//55
f 5949//56 5950//56 6051//56 6050//56
f 5950//57 5951//57 6052//57 6051//57
f 5951//57 5952//57 6053//57 6052//57
f 5952//58 5953//58 6054//58 6053//58
f 5953//59 5954//59 6055//59 6054//59
f 5954//59 5955//59 6056//59 6055//59
f 5955//60 5956//60 6057//60 6056//60
f 5956//61 5957//61 6058//61 6057//61
f 5957//61 5958//61 6059//61 6058//61
f 5958//61 5959//61 6060//61 6059//61
f 5960//1 5961//1 6062//1 6061//1
f 5961//1 5962//1 6063//1 6062//1
f 5962//1 5963//1 6064//1 6063//1
f 5963//2 5964//2 6065//2 6064//2
f 5964//3 5965//3 6066//3 6065//3
f 5965//3 5966//3 6067//3 6066//3
f 5966//4 5967//4 6068//4 6067//4
f 5967//5 5968//5 6069//5 6068//5
f 5968//5 5969//5 6070//5 6069//5
f 5969//6 5970//6 6071//6 6070//6
f 5970//7 5971//7 6072//7 6071//7
f 5971//7 5972//7 6073//7 6072//7
f 5972//8 5973//8 6074//8 6073//8
f 5973//9 5974//9 6075//9 6074//9
f 5974//9 5975//9 6076//9 6075//9
f 5975//9 5976//9 6077//9 6076//9
f 5976//10 5977//10 6078//10 6077//10
f 5977//11 5978//11 6079//11 6078//11
f 5978//11 5979//11 6080//11 6079//11
f 5979//12 5980//12 6081//12 6080//12
f 5980//13 5981//13 6082//13 6081//13
f 5981//13 5982//13 6083//13 6082//13
f 5982//14 5983//14 6084//14 6083//14
f 5983//15 5984//15 6085//15 6084//15
f 5984//15 5985//15 6086//15 6085//15
f 5985//16 5986//16 6087//16 6086//16
f 5986//17 5987//17 6088//17 6087//17
f 5987//17 5988//17 6089//17 6088//17
f 5988//17 5989//17 6090//17 6089//17
f 5989//18 5990//18 6091//18 6090//18
f 5990//19 5991//19 6092//19 6091//19
f 5991//19 5992//19 6093//19 6092//19
f 5992//20 5993//20 6094//20 6093//20
f 5993//21 5994//21 6095//21 6094//21
f 5994//21 5995//21 6096//21 6095//21
f 5995//22 5996//22 6097//22 6096//22
f 5996//23 5997//23 6098//23 6097//23
f 5997//23 5998//23 6099//23 6098//23
f 5998//24 5999//24 6100//24 6099//24
f 5999//25 6000//25 6101//25 6100//25
f 6000//25 6001//25 6102//25 6101//25
f 6001//26 6002//26 6103//26 6102//26
f 6002//27 6003//27 6104//27 6103//27
f 6003//27 6004//27 6105//27 6104//27
f 6004//27 6005//27 6106//27 6105//27
f 6005//28 6006//28 6107//28 6106//28
f 6006//29 6007//29 6108//29 6107//29
f 6007//29 6008//29 6109//29 6108//29
f 6008//30 6009//30 6110//30 6109//30
f 6009//31 6010//31 6111//31 6110//31
f 6010//31 6011//31 6112//31 6111//31
f 6011//32 6012//32 6113//32 6112//32
f 6012//33 6013//33 6114//33 6113//33
f 6013//33 6014//33 6115//33 6114//33
f 6014//34 6015//34 6116//34 6115//34
f 6015//35 6016//35 6117//35 6116//35
f 6016//35 6017//35 6118//35 6117//35
f 6017//35 6018//35 6119//35 6118//35
f 6018//36 6019//36 6120//36 6119//36
f 6019//37 6020//37 6121//37 6120//37
f 6020//37 6021//37 6122//37 6121//37
f 6021//38 6022//38 6123//38 6122//38
f 6022//39 6023//39 6124//39 6123//39
f 6023//39 6024//39 6125//39 6124//39
f 6024//40 6025//40 6126//40 6125//40
f 6025//41 6026//41 6127//41 6126//41
f 6026//41 6027//41 6128//41 6127//41
f 6027//42 6028//42 6129//42 6128//42
f 6028//43 6029//43 6130//43 6129//43
f 6029//43 6030//43 6131//43 6130//43
f 6030//44 6031//44 6132//44 6131//44
f 6031//45 6032//45 6133//45 6132//45
f 6032//45 6033//45 6134//45 6133//45
f 6033//45 6034//45 6135//45 6134//45
f 6034//46 6035//46 6136//46 6135//46
f 6035//47 6036//47 6137//47 6136//47
f 6036//47 6037//47 6138//47 6137//47
f 6037//48 6038//48 6139//48 6138//48
f 6038//49 6039//49 6140//49 6139//49
f 6039//49 6040//49 6141//49 6140//49
f 6040//50 6041//50 6142//50 6141//50
f 6041//51 6042//51 6143//51 6142//51
f 6042//51 6043//51 6144//51 6143//51
f 6043//52 6044//52 6145//52 6144//52
f 6044//53 6045//53 6146//53 6145//53
f 6045//53 6046//53 6147//53 6146//53
f 6046//53 6047//53 6148//53 6147//53
f 6047//54 6048//54 6149//54 6148//54
f 6048//55 6049//55 6150//55 6149//55
f 6049//55 6050//55 6151//55 6150//55
f 6050//56 6051//56 6152//56 6151//56
f 6051//57 6052//57 6153//57 6152//57
f 6052//57 6053//57 6154//57 6153//57
f 6053//58 6054//58 6155//58 6154//58
f 6054//59 6055//59 6156//59 6155//59
f 6055//59 6056//59 6157//59 6156//59
f 6056//60 6057//60 6158//60 6157//60
f 6057//61 6058//61 6159//61 6158//61
f 6058//61 6059//61 6160//61 6159//61
f 6059//61 6060//61 6161//61 6160//61
f 6061//1 6062//1 6163//1 6162//1
f 6062//1 6063//1 6164//1 6163//1
f 6063//1 6064//1 6165//1 6164//1
f 6064//2 6065//2 6166//2 6165//2
f 6065//3 6066//3 6167//3 6166//3
f 6066//3 6067//3 6168//3 6167//3
f 6067//4 6068//4 6169//4 6168//4
f 6068//5 6069//5 6170//5 6169//5
f 6069//5 6070//5 6171//5 6170//5
f 6070//6 6071//6 6172//6 6171//6
f 6071//7 6072//7 6173//7 6172//7
f 6072//7 6073//7 6174//7 6173//7
f 6073//8 6074//8 6175//8 6174//8
f 6074//9 6075//9 6176//9 6175//9
f 6075//9 6076//9 6177//9 6176//9
f 6076//9 6077//9 6178//9 6177//9
f 6077//10 6078//10 6179//10 6178//10
f 6078//11 6079//11 6180//11 6179//11
f 6079//11 6080//11 6181//11 6180//11
f 6080//12 6081//12 6182//12 6181//12
f 6081//13 6082//13 6183//13 6182//13
f 6082//13 6083//13 6184//13 6183//13
f 6083//14 6084//14 6185//14 6184//14
f 6084//15 6085//15 6186//15 6185//15
f 6085//15 6086//15 6187//15 6186//15
f 6086//16 6087//16 6188//16 6187//16
f 6087//17 6088//17 6189//17 6188//17
f 6088//17 6089//17 6190//17 6189//17
f 6089//17 6090//17 6191//17 6190//17
f 6090//18 6091//18 6192//18 6191//18
f 6091//19 6092//19 6193//19 6192//19
f 6092//19 6093//19 6194//19 6193//19
f 6093//20 6094//20 6195//20 6194//20
f 6094//21 6095//21 6196//21 6195//21
f 6095//21 6096//21 6197//21 6196//21
f 6096//22 6097//22 6198//22 6197//22
f 6097//23 6098//23 6199//23 6198//23
f 6098//23 6099//23 6200//23 6199//23
f 6099//24 6100//24 6201//24 6200//24
f 6100//25 6101//25 6202//25 6201//25
f 6101//25 6102//25 6203//25 6202//25
f 6102//26 6103//26 6204//26 6203//26
f 6103//27 6104//27 6205//27 6204//27
f 6104//27 6105//27 6206//27 6205//27
f 6105//27 6106//27 6207//27 6206//27
f 6106//28 6107//28 6208//28 6207//28
f 6107//29 6108//29 6209//29 6208//29
f 6108//29 6109//29 6210//29 6209//29
f 6109//30 6110//30 6211//30 6210//30
f 6110//31 6111//31 6212//31 6211//31
f 6111//31 6112//31 6213//31 6212//31
f 6112//32 6113//32 6214//32 6213//32
f 6113//33 6114//33 6215//33 6214//33
f 6114//33 6115//33 6216//33 6215//33
f 6115//34 6116//34 6217//34 6216//34
f 6116//35 6117//35 6218//35 6217//35
f 6117//35 6118//35 6219//35 6218//35
f 6118//35 6119//35 6220//35 6219//35
f 6119//36 6120//36 6221//36 6220//36
f 6120//37 6121//37 6222//37 6221//37
f 6121//37 6122//37 6223//37 6222//37
f 6122//38 6123//38 6224//38 6223//38
f 6123//39 6124//39 6225//39 6224//39
f 6124//39 6125//39 6226//39 6225//39
f 6125//40 6126//40 6227//40 6226//40
f 6126//41 6127//41 6228//41 6227//41
f 6127//41 6128//41 6229//41 6228//41
f 6128//42 6129//42 6230//42 6229//42
f 6129//43 6130//43 6231//43 6230//43
f 6130//43 6131//43 6232//43 6231//43
f 6131//44 6132//44 6233//44 6232//44
f 6132//45 6133//45 6234//45 6233//45
f 6133//45 6134//45 6235//45 6234//45
f 6134//45 6135//45 6236//45 6235//45
f 6135//46 6136//46 6237//46 6236//46
f 6136//47 6137//47 6238//47 6237//47
f 6137//47 6138//47 6239//47 6238//47
f 6138//48 6139//48 6240//48 6239//48
f 6139//49 6140//49 6241//49 6240//49
f 6140//49 6141//49 6242//49 6241//49
f 6141//50 6142//50 6243//50 6242//50
f 6142//51 6143//51 6244//51 6243//51
f 6143//51 6144//51 6245//51 6244//51
f 6144//52 6145//52 6246//52 6245//52
f 6145//53 6146//53 6247//53 6246//53
f 6146//53 6147//53 6248//53 6247//53
f 6147//53 6148//53 6249//53 6248//53
f 6148//54 6149//54 6250//54 6249//54
f 6149//55 6150//55 6251//55 6250//55
f 6150//55 6151//55 6252//55 6251//55
f 6151//56 6152//56 6253//56 6252//56
f 6152//57 6153//57 6254//57 6253//57
f 6153//57 6154//57 6255//57 6254//57
f 6154//58 6155//58 6256//58 6255//58
f 6155//59 6156//59 6257//59 6256//59
f 6156//59 6157//59 6258//59 6257//59
f 6157//60 6158//60 6259//60 6258//60
f 6158//61 6159//61 6260//61 6259//61
f 6159//61 6160//61 6261//61 6260//61
f 6160//61 6161//61 6262//61 6261//61
f 6162//1 6163//1 6264//1 6263//1
f 6163//1 6164//1 6265//1 6264//1
f 6164//1 6165//1 6266//1 6265//1
f 6165//2 6166//2 6267//2 6266//2
f 6166//3 6167//3 6268//3 6267//3
f 6167//3 6168//3 6269//3 6268//3
f 6168//4 6169//4 6270//4 6269//4
f 6169//5 6170//5 6271//5 6270//5
f 6170//5 6171//5 6272//5 6271//5
f 6171//6 6172//6 6273//6 6272//6
f 6172//7 6173//7 6274//7 6273//7
f 6173//7 6174//7 6275//7 6274//7
f 6174//8 6175//8 6276//8 6275//8
f 6175//9 6176//9 6277//9 6276//9
f 6176//9 6177//9 6278//9 6277//9
f 6177//9 6178//9 6279//9 6278//9
f 6178//10 6179//10 6280//10 6279//10
f 6179//11 6180//11 6281//11 6280//11
f 6180//11 6181//11 6282//11 6281//11
f 6181//12 6182//12 6283//12 6282//12
f 6182//13 6183//13 6284//13 6283//13
f 6183//13 6184//13 6285//13 6284//13
f 6184//14 6185//14 6286//14 6285//14
f 6185//15 6186//15 6287//15 6286//15
f 6186//15 6187//15 6288//15 6287//15
f 6187//16 6188//16 6289//16 6288//16
f 6188//17 6189//17 6290//17 6289//17
f 6189//17 6190//17 6291//17 6290//17
f 6190//17 6191//17 6292//17 6291//17
f 6191//18 6192//18 6293//18 6292//18
f 6192//19 6193//19 6294//19 6293//19
f 6193//19 6194//19 6295//19 6294//19
f 6194//20 6195//20 6296//20 6295//20
f 6195//21 6196//21 6297//21 6296//21
f 6196//21 6197//21 6298//21 6297//21
f 6197//22 6198//22 6299//22 6298//22
f 6198//23 6199//23 6300//23 6299//23
f 6199//23 6200//23 6301//23 6300//23
f 6200//24 6201//24 6302//24 6301//24
f 6201//25 6202//25 6303//25 6302//25
f 6202//25 6203//25 6304//25 6303//25
f 6203//26 6204//26 6305//26 6304//26
f 6204//27 6205//27 6306//27 6305//27
f 6205//27 6206//27 6307//27 6306//27
f 6206//27 6207//27 6308//27 6307//27
f 6207//28 6208//28 6309//28 6308//28
f 6208//29 6209//29 6310//29 6309//29
f 6209//29 6210//29 6311//29 6310//29
f 6210//30 6211//30 6312//30 6311//30
f 6211//31 6212//31 6313//31 6312//31
f 6212//31 6213//31 6314//31 6313//31
f 6213//32 6214//32 6315//32 6314//32
f 6214//33 6215//33 6316//33 6315//33
f 6215//33 6216//33 6317//33 6316//33
f 6216//34 6217//34 6318//34 6317//34
f 6217//35 6218//35 6319//35 6318//35
f 6218//35 6219//35 6320//35 6319//35
f 6219//35 6220//35 6321//35 6320//35
f 6220//36 6221//36 6322//36 6321//36
f 6221//37 6222//37 6323//37 6322//37
f 6222//37 6223//37 6324//37 6323//37
f 6223//38 6224//38 6325//38 6324//38
f 6224//39 6225//39 6326//39 6325//39
f 6225//39 6226//39 6327//39 6326//39
f 6226//40 6227//40 6328//40 6327//40
f 6227//41 6228//41 6329//41 6328//41
f 6228//41 6229//41 6330//41 6329//41
f 6229//42 6230//42 6331//42 6330//42
f 6230//43 6231//43 6332//43 6331//43
f 6231//43 6232//43 6333//43 6332//43
f 6232//44 6233//44 6334//44 6333//44
f 6233//45 6234//45 6335//45 6334//45
f 6234//45 6235//45 6336//45 6335//45
f 6235//45 6236//45 6337//45 6336//45
f 6236//46 6237//46 6338//46 6337//46
f 6237//47 6238//47 6339//47 6338//47
f 6238//47 6239//47 6340//47 6339//47
f 6239//48 6240//48 6341//48 6340//48
f 6240//49 6241//49 6342//49 6341//49
f 6241//49 6242//49 6343//49 6342//49
f 6242//50 6243//50 6344//50 6343//50
f 6243//51 6244//51 6345//51 6344//51
f 6244//51 6245//51 6346//51 6345//51
f 6245//52 6246//52 6347//52 6346//52
f 6246//53 6247//53 6348//53 6347//53
f 6247//53 6248//53 6349//53 6348//53
f 6248//53 6249//53 6350//53 6349//53
f 6249//54 6250//54 6351//54 6350//54
f 6250//55 6251//55 6352//55 6351//55
f 6251//55 6252//55 6353//55 6352//55
f 6252//56 6253//56 6354//56 6353//56
f 6253//57 6254//57 6355//57 6354//57
f 6254//57 6255//57 6356//57 6355//57
f 6255//58 6256//58 6357//58 6356//58
f 6256//59 6257//59 6358//59 6357//59
f 6257//59 6258//59 6359//59 6358//59
f 6258//60 6259//60 6360//60 6359//60
f 6259//61 6260//61 6361//61 6360//61
f 6260//61 6261//61 6362//61 6361//61
f 6261//61 6262//61 6363//61 6362//61
f 6263//1 6264//1 6365//1 6364//1
f 6264//1 6265//1 6366//1 6365//1
f 6265//1 6266//1 6367//1 6366//1
f 6266//2 6267//2 6368//2 6367//2
f 6267//3 6268//3 6369//3 6368//3
f 6268//3 6269//3 6370//3 6369//3
f 6269//4 6270//4 6371//4 6370//4
f 6270//5 6271//5 6372//5 6371//5
f 6271//5 6272//5 6373//5 6372//5
f 6272//6 6273//6 6374//6 6373//6
f 6273//7 6274//7 6375//7 6374//7
f 6274//7 6275//7 6376//7 6375//7
f 6275//8 6276//8 6377//8 6376//8
f 6276//9 6277//9 6378//9 6377//9
f 6277//9 6278//9 6379//9 6378//9
f 6278//9 6279//9 6380//9 6379//9
f 6279//10 6280//10 6381//10 6380//10
f 6280//11 6281//11 6382//11 6381//11
f 6281//11 6282//11 6383//11 6382//11
f 6282//12 6283//12 6384//12 6383//12
f 6283//13 6284//13 6385//13 6384//13
f 6284//13 6285//13 6386//13 6385//13
f 6285//14 6286//14 6387//14 6386//14
f 6286//15 6287//15 6388//15 6387//15
f 6287//15 6288//15 6389//15 6388//15
f 6288//16 6289//16 6390//16 6389//16
f 6289//17 6290//17 6391//17 6390//17
f 6290//17 6291//17 6392//17 6391//17
f 6291//17 6292//17 6393//17 6392//17
f 6292//18 6293//18 6394//18 6393//18
f 6293//19 6294//19 6395//19 6394//19
f 6294//19 6295//19 6396//19 6395//19
f 6295//20 6296//20 6397//20 6396//20
f 6296//21 6297//21 6398//21 6397//21
f 6297//21 6298//21 6399//21 6398//21
f 6298//22 6299//22 6400//22 6399//22
f 6299//23 6300//23 6401//23 6400//23
f 6300//23 6301//23 6402//23 6401//23
f 6301//24 6302//24 6403//24 6402//24
f 6302//25 6303//25 6404//25 6403//25
f 6303//25 6304//25 6405//25 6404//25
f 6304//26 6305//26 6406//26 6405//26
f 6305//27 6306//27 6407//27 6406//27
f 6306//27 6307//27 6408//27 6407//27
f 6307//27 6308//27 6409//27 6408//27
f 6308//28 6309//28 6410//28 6409//28
f 6309//29 6310//29 6411//29 6410//29
f 6310//29 6311//29 6412//29 6411//29
f 6311//30 6312//30 6413//30 6412//30
f 6312//31 6313//31 6414//31 6413//31
f 6313//31 6314//31 6415//31 6414//31
f 6314//32 6315//32 6416//32 6415//32
f 6315//33 6316//33 6417//33 6416//33
f 6316//33 6317//33 6418//33 6417//33
f 6317//34 6318//34 6419//34 6418//34
f 6318//35 6319//35 6420//35 6419//35
f 6319//35 6320//35 6421//35 6420//35
f 6320//35 6321//35 6422//35 6421//35
f 6321//36 6322//36 6423//36 6422//36
f 6322//37 6323//37 6424//37 6423//37
f 6323//37 6324//37 6425//37 6424//37
f 6324//38 6325//38 6426//38 6425//38
f 6325//39 6326//39 6427//39 6426//39
f 6326//39 6327//39 6428//39 6427//39
f 6327//40 6328//40 6429//40 6428//40
f 6328//41 6329//41 6430//41 6429//41
f 6329//41 6330//41 6431//41 6430//41
f 6330//42 6331//42 6432//42 6431//42
f 6331//43 6332//43 6433//43 6432//43
f 6332//43 6333//43 6434//43 6433//43
f 6333//44 6334//44 6435//44 6434//44
f 6334//45 6335//45 6436//45 6435//45
f 6335//45 6336//45 6437//45 6436//45
f 6336//45 6337//45 6438//45 6437//45
f 6337//46 6338//46 6439//46 6438//46
f 6338//47 6339//47 6440//47 6439//47
f 6339//47 6340//47 6441//47 6440//47
f 6340//48 6341//48 6442//48 6441//48
f 6341//49 6342//49 6443//49 6442//49
f 6342//49 6343//49 6444//49 6443//49
f 6343//50 6344//50 6445//50 6444//50
f 6344//51 6345//51 6446//51 6445//51
f 6345//51 6346//51 6447//51 6446//51
f 6346//52 6347//52 6448//52 6447//52
f 6347//53 6348//53 6449//53 6448//53
f 6348//53 6349//53 6450//53 6449//53
f 6349//53 6350//53 6451//53 6450//53
f 6350//54 6351//54 6452//54 6451//54
f 6351//55 6352//55 6453//55 6452//55
f 6352//55 6353//55 6454//55 6453//55
f 6353//56 6354//56 6455//56 6454//56
f 6354//57 6355//57 6456//57 6455//57
f 6355//57 6356//57 6457//57 6456//57
f 6356//58 6357//58 6458//58 6457//58
f 6357//59 6358//59 6459//59 6458//59
f 6358//59 6359//59 6460//59 6459//59
f 6359//60 6360//60 6461//60 6460//60
f 6360//61 6361//61 6462//61 6461//61
f 6361//61 6362//61 6463//61 6462//61
f 6362//61 6363//61 6464//61 6463//61
f 6364//1 6365//1 6466//1 6465//1
f 6365//1 6366//1 6467//1 6466//1
f 6366//1 6367//1 6468//1 6467//1
f 6367//2 6368//2 6469//2 6468//2
f 6368//3 6369//3 6470//3 6469//3
f 6369//3 6370//3 6471//3 6470//3
f 6370//4 6371//4 6472//4 6471//4
f 6371//5 6372//5 6473//5 6472//5
f 6372//5 6373//5 6474//5 6473//5
f 6373//6 6374//6 6475//6 6474//6
f 6374//7 6375//7 6476//7 6475//7
f 6375//7 6376//7 6477//7 6476//7
f 6376//8 6377//8 6478//8 6477//8
f 6377//9 6378//9 6479//9 6478//9
f 6378//9 6379//9 6480//9 6479//9
f 6379//9 6380//9 6481//9 6480//9
f 6380//10 6381//10 6482//10 6481//10
f 6381//11 6382//11 6483//11 6482//11
f 6382//11 6383//11 6484//11 6483//11
f 6383//12 6384//12 6485//12 6484//12
f 6384//13 6385//13 6486//13 6485//13
f 6385//13 6386//13 6487//13 6486//13
f 6386//14 6387//14 6488//14 6487//14
f 6387//15 6388//15 6489//15 6488//15
f 6388//15 6389//15 6490//15 6489//15
f 6389//16 6390//16 6491//16 6490//16
f 6390//17 6391//17 6492//17 6491//17
f 6391//17 6392//17 6493//17 6492//17
f 6392//17 6393//17 6494//17 6493//17
f 6393//18 6394//18 6495//18 6494//18
f 6394//19 6395//19 6496//19 6495//19
f 6395//19 6396//19 6497//19 6496//19
f 6396//20 6397//20 6498//20 6497//20
f 6397//21 6398//21 6499//21 6498//21
f 6398//21 6399//21 6500//21 6499//21
f 6399//22 6400//22 6501//22 6500//22
f 6400//23 6401//23 6502//23 6501//23
f 6401//23 6402//23 6503//23 6502//23
f 6402//24 6403//24 6504//24 6503//24
f 6403//25 6404//25 6505//25 6504//25
f 6404//25 6405//25 6506//25 6505//25
f 6405//26 6406//26 6507//26 6506//26
f 6406//27 6407//27 6508//27 6507//27
f 6407//27 6408//27 6509//27 6508//27
f 6408//27 6409//27 6510//27 6509//27
f 6409//28 6410//28 6511//28 6510//28
f 6410//29 6411//29 6512//29 6511//29
f 6411//29 6412//29 6513//29 6512//29
f 6412//30 6413//30 6514//30 6513//30
f 6413//31 6414//31 6515//31 6514//31
f 6414//31 6415//31 6516//31 6515//31
f 6415//32 6416//32 6517//32 6516//32
f 6416//33 6417//33 6518//33 6517//33
f 6417//33 6418//33 6519//33 6518//33
f 6418//34 6419//34 6520//34 6519//34
f 6419//35 6420//35 6521//35 6520//35
f 6420//35 6421//35 6522//35 6521//35
f 6421//35 6422//35 6523//35 6522//35
f 6422//36 6423//36 6524//36 6523//36
f 6423//37 6424//37 6525//37 6524//37
f 6424//37 6425//37 6526//37 6525//37
f 6425//38 6426//38 6527//38 6526//38
f 6426//39 6427//39 6528//39 6527//39
f 6427//39 6428//39 6529//39 6528//39
f 6428//40 6429//40 6530//40 6529//40
f 6429//41 6430//41 6531//41 6530//41
f 6430//41 6431//41 6532//41 6531//41
f 6431//42 6432//42 6533//42 6532//42
f 6432//43 6433//43 6534//43 6533//43
f 6433//43 6434//43 6535//43 6534//43
f 6434//44 6435//44 6536//44 6535//44
f 6435//45 6436//45 6537//45 6536//45
f 6436//45 6437//45 6538//45 6537//45
f 6437//45 6438//45 6539//45 6538//45
f 6438//46 6439//46 6540//46 6539//46
f 6439//47 6440//47 6541//47 6540//47
f 6440//47 6441//47 6542//47 6541//47
f 6441//48 6442//48 6543//48 6542//48
f 6442//49 6443//49 6544//49 6543//49
f 6443//49 6444//49 6545//49 6544//49
f 6444//50 6445//50 6546//50 6545//50
f 6445//51 6446//51 6547//51 6546//51
f 6446//51 6447//51 6548//51 6547//51
f 6447//52 6448//52 6549//52 6548//52
f 6448//53 6449//53 6550//53 6549//53
f 6449//53 6450//53 6551//53 6550//53
f 6450//53 6451//53 6552//53 6551//53
f 6451//54 6452//54 6553//54 6552//54
f 6452//55 6453//55 6554//55 6553//55
f 6453//55 6454//55 6555//55 6554//55
f 6454//56 6455//56 6556//56 6555//56
f 6455//57 6456//57 6557//57 6556//57
f 6456//57 6457//57 6558//57 6557//57
f 6457//58 6458//58 6559//58 6558//58
f 6458//59 6459//59 6560//59 6559//59
f 6459//59 6460//59 6561//59 6560//59
f 6460//60 6461//60 6562//60 6561//60
f 6461//61 6462//61 6563//61 6562//61
f 6462//61 6463//61 6564//61 6563//61
f 6463//61 6464//61 6565//61 6564//61
f 6465//1 6466//1 6567//1 6566//1
f 6466//1 6467//1 6568//1 6567//1
f 6467//1 6468//1 6569//1 6568//1
f 6468//2 6469//2 6570//2 6569//2
f 6469//3 6470//3 6571//3 6570//3
f 6470//3 6471//3 6572//3 6571//3
f 6471//4 6472//4 6573//4 6572//4
f 6472//5 6473//5 6574//5 6573//5
f 6473//5 6474//5 6575//5 6574//5
f 6474//6 6475//6 6576//6 6575//6
f 6475//7 6476//7 6577//7 6576//7
f 6476//7 6477//7 6578//7 6577//7
f 6477//8 6478//8 6579//8 6578//8
f 6478//9 6479//9 6580//9 6579//9
f 6479//9 6480//9 6581//9 6580//9
f 6480//9 6481//9 6582//9 6581//9
f 6481//10 6482//10 6583//10 6582//10
f 6482//11 6483//11 6584//11 6583//11
f 6483//11 6484//11 6585//11 6584//11
f 6484//12 6485//12 6586//12 6585//12
f 6485//13 6486//13 6587//13 6586//13
f 6486//13 6487//13 6588//13 6587//13
f 6487//14 6488//14 6589//14 6588//14
f 6488//15 6489//15 6590//15 6589//15
f 6489//15 6490//15 6591//15 6590//15
f 6490//16 6491//16 6592//16 6591//16
f 6491//17 6492//17 6593//17 6592//17
f 6492//17 6493//17 6594//17 6593//17
f 6493//17 6494//17 6595//17 6594//17
f 6494//18 6495//18 6596//18 6595//18
f 6495//19 6496//19 6597//19 6596//19
f 6496//19 6497//19 6598//19 6597//19
f 6497//20 6498//20 6599//20 6598//20
f 6498//21 6499//21 6600//21 6599//21
f 6499//21 6500//21 6601//21 6600//21
f 6500//22 6501//22 6602//22 6601//22
f 6501//23 6502//23 6603//23 6602//23
f 6502//23 6503//23 6604//23 6603//23
f 6503//24 6504//24 6605//24 6604//24
f 6504//25 6505//25 6606//25 6605//25
f 6505//25 6506//25 6607//25 6606//25
f 6506//26 6507//26 6608//26 6607//26
f 6507//27 6508//27 6609//27 6608//27
f 6508//27 6509//27 6610//27 6609//27
f 6509//27 6510//27 6611//27 6610//27
f 6510//28 6511//28 6612//28 6611//28
f 6511//29 6512//29 6613//29 6612//29
f 6512//29 6513//29 6614//29 6613//29
f 6513//30 6514//30 6615//30 6614//30
f 6514//31 6515//31 6616//31 6615//31
f 6515//31 6516//31 6617//31 6616//31
f 6516//32 6517//32 6618//32 6617//32
f 6517//33 6518//33 6619//33 6618//33
f 6518//33 6519//33 6620//33 6619//33
f 6519//34 6520//34 6621//34 6620//34
f 6520//35 6521//35 6622//35 6621//35
f 6521//35 6522//35 6623//35 6622//35
f 6522//35 6523//35 6624//35 6623//35
f 6523//36 6524//36 6625//36 6624//36
f 6524//37 6525//37 6626//37 6625//37
f 6525//37 6526//37 6627//37 6626//37
f 6526//38 6527//38 6628//38 6627//38
f 6527//39 6528//39 6629//39 6628//39
f 6528//39 6529//39 6630//39 6629//39
f 6529//40 6530//40 6631//40 6630//40
f 6530//41 6531//41 6632//41 6631//41
f 6531//41 6532//41 6633//41 6632//41
f 6532//42 6533//42 6634//42 6633//42
f 6533//43 6534//43 6635//43 6634//43
f 6534//43 6535//43 6636//43 6635//43
f 6535//44 6536//44 6637//44 6636//44
f 6536//45 6537//45 6638//45 6637//45
f 6537//45 6538//45 6639//45 6638//45
f 6538//45 6539//45 6640//45 6639//45
f 6539//46 6540//46 6641//46 6640//46
f 6540//47 6541//47 6642//47 6641//47
f 6541//47 6542//47 6643//47 6642//47
f 6542//48 6543//48 6644//48 6643//48
f 6543//49 6544//49 6645//49 6644//49
f 6544//49 6545//49 6646//49 6645//49
f 6545//50 6546//50 6647//50 6646//50
f 6546//51 6547//51 6648//51 6647//51
f 6547//51 6548//51 6649//51 6648//51
f 6548//52 6549//52 6650//52 6649//52
f 6549//53 6550//53 6651//53 6650//53
f 6550//53 6551//53 6652//53 6651//53
f 6551//53 6552//53 6653//53 6652//53
f 6552//54 6553//54 6654//54 6653//54
f 6553//55 6554//55 6655//55 6654//55
f 6554//55 6555//55 6656//55 6655//55
f 6555//56 6556//56 6657//56 6656//56
f 6556//57 6557//57 6658//57 6657//57
f 6557//57 6558//57 6659//57 6658//57
f 6558//58 6559//58 6660//58 6659//58
f 6559//59 6560//59 6661//59 6660//59
f 6560//59 6561//59 6662//59 6661//59
f 6561//60 6562//60 6663//60 6662//60
f 6562//61 6563//61 6664//61 6663//61
f 6563//61 6564//61 6665//61 6664//61
f 6564//61 6565//61 6666//61 6665//61
f 6566//1 6567//1 6668//1 6667//1
f 6567//1 6568//1 6669//1 6668//1
f 6568//1 6569//1 6670//1 6669//1
f 6569//2 6570//2 6671//2 6670//2
f 6570//3 6571//3 6672//3 6671//3
f 6571//3 6572//3 6673//3 6672//3
f 6572//4 6573//4 6674//4 6673//4
f 6573//5 6574//5 6675//5 6674//5
f 6574//5 6575//5 6676//5 6675//5
f 6575//6 6576//6 6677//6 6676//6
f 6576//7 6577//7 6678//7 6677//7
f 6577//7 6578//7 6679//7 6678//7
f 6578//8 6579//8 6680//8 6679//8
f 6579//9 6580//9 6681//9 6680//9
f 6580//9 6581//9 6682//9 6681//9
f 6581//9 6582//9 6683//9 6682//9
f 6582//10 6583//10 6684//10 6683//10
f 6583//11 6584//11 6685//11 6684//11
f 6584//11 6585//11 6686//11 6685//11
f 6585//12 6586//12 6687//12 6686//12
f 6586//13 6587//13 6688//13 6687//13
f 6587//13 6588//13 6689//13 6688//13
f 6588//14 6589//14 6690//14 6689//14
f 6589//15 6590//15 6691//15 6690//15
f 6590//15 6591//15 6692//15 6691//15
f 6591//16 6592//16 6693//16 6692//16
f 6592//17 6593//17 6694//17 6693//17
f 6593//17 6594//17 6695//17 6694//17
f 6594//17 6595//17 6696//17 6695//17
f 6595//18 6596//18 6697//18 6696//18
f 6596//19 6597//19 6698//19 6697//19
f 6597//19 6598//19 6699//19 6698//19
f 6598//20 6599//20 6700//20 6699//20
f 6599//21 6600//21 6701//21 6700//21
f 6600//21 6601//21 6702//21 6701//21
f 6601//22 6602//22 6703//22 6702//22
f 6602//23 6603//23 6704//23 6703//23
f 6603//23 6604//23 6705//23 6704//23
f 6604//24 6605//24 6706//24 6705//24
f 6605//25 6606//25 6707//25 6706//25
f 6606//25 6607//25 6708//25 6707//25
f 6607//26 6608//26 6709//26 6708//26
f 6608//27 6609//27 6710//27 6709//27
f 6609//27 6610//27 6711//27 6710//27
f 6610//27 6611//27 6712//27 6711//27
f 6611//28 6612//28 6713//28 6712//28
f 6612//29 6613//29 6714//29 6713//29
f 6613//29 6614//29 6715//29 6714//29
f 6614//30 6615//30 6716//30 6715//30
f 6615//31 6616//31 6717//31 6716//31
f 6616//31 6617//31 6718//31 6717//31
f 6617//32 6618//32 6719//32 6718//32
f 6618//33 6619//33 6720//33 6719//33
f 6619//33 6620//33 6721//33 6720//33
f 6620//34 6621//34 6722//34 6721//34
f 6621//35 6622//35 6723//35 6722//35
f 6622//35 6623//35 6724//35 6723//35
f 6623//35 6624//35 6725//35 6724//35
f 6624//36 6625//36 6726//36 6725//36
f 6625//37 6626//37 6727//37 6726//37
f 6626//37 6627//37 6728//37 6727//37
f 6627//38 6628//38 6729//38 6728//38
f 6628//39 6629//39 6730//39 6729//39
f 6629//39 6630//39 6731//39 6730//39
f 6630//40 6631//40 6732//40 6731//40
f 6631//41 6632//41 6733//41 6732//41
f 6632//41 6633//41 6734//41 6733//41
f 6633//42 6634//42 6735//42 6734//42
f 6634//43 6635//43 6736//43 6735//43
f 6635//62 6636//62 6737//62 6736//62
f 6636//44 6637//44 6738//44 6737//44
f 6637//45 6638//45 6739//45 6738//45
f 6638//45 6639//45 6740//45 6739//45
f 6639//45 6640//45 6741//45 6740//45
f 6640//46 6641//46 6742//46 6741//46
f 6641//47 6642//47 6743//47 6742//47
f 6642//47 6643//47 6744//47 6743//47
f 6643//48 6644//48 6745//48 6744//48
f 6644//49 6645//49 6746//49 6745//49
f 6645//49 6646//49 6747//49 6746//49
f 6646//50 6647//50 6748//50 6747//50
f 6647//51 6648//51 6749//51 6748//51
f 6648//51 6649//51 6750//51 6749//51
f 6649//52 6650//52 6751//52 6750//52
f 6650//53 6651//53 6752//53 6751//53
f 6651//53 6652//53 6753//53 6752//53
f 6652//53 6653//53 6754//53 6753//53
f 6653//54 6654//54 6755//54 6754//54
f 6654//55 6655//55 6756//55 6755//55
f 6655//55 6656//55 6757//55 6756//55
f 6656//56 6657//56 6758//56 6757//56
f 6657//57 6658//57 6759//57 6758//57
f 6658//57 6659//57 6760//57 6759//57
f 6659//58 6660//58 6761//58 6760//58
f 6660//59 6661//59 6762//59 6761//59
f 6661//59 6662//59 6763//59 6762//59
f 6662//60 6663//60 6764//60 6763//60
f 6663//61 6664//61 6765//61 6764//61
f 6664//61 6665//61 6766//61 6765//61
f 6665//61 6666//61 6767//61 6766//61
f 6667//1 6668//1 6769//1 6768//1
f 6668//1 6669//1 6770//1 6769//1
f 6669//1 6670//1 6771//1 6770//1
f 6670//2 6671//2 6772//2 6771//2
f 6671//3 6672//3 6773//3 6772//3
f 6672//3 6673//3 6774//3 6773//3
f 6673//4 6674//4 6775//4 6774//4
f 6674//5 6675//5 6776//5 6775//5
f 6675//5 6676//5 6777//5 6776//5
f 6676//6 6677//6 6778//6 6777//6
f 6677//7 6678//7 6779//7 6778//7
f 6678//7 6679//7 6780//7 6779//7
f 6679//8 6680//8 6781//8 6780//8
f 6680//9 6681//9 6782//9 6781//9
f 6681//9 6682//9 6783//9 6782//9
f 6682//9 6683//9 6784//9 6783//9
f 6683//10 6684//10 6785//10 6784//10
f 6684//11 6685//11 6786//11 6785//11
f 6685//11 6686//11 6787//11 6786//11
f 6686//12 6687//12 6788//12 6787//12
f 6687//13 6688//13 6789//13 6788//13
f 6688//13 6689//13 6790//13 6789//13
f 6689//14 6690//14 6791//14 6790//14
f 6690//15 6691//15 6792//15 6791//15
f 6691//15 6692//15 6793//15 6792//15
f 6692//16 6693//16 6794//16 6793//16
f 6693//17 6694//17 6795//17 6794//17
f 6694//17 6695//17 6796//17 6795//17
f 6695//17 6696//17 6797//17 6796//17
f 6696//18 6697//18 6798//18 6797//18
f 6697//19 6698//19 6799//19 6798//19
f 6698//19 6699//19 6800//19 6799//19
f 6699//20 6700//20 6801//20 6800//20
f 6700//21 6701//21 6802//21 6801//21
f 6701//21 6702//21 6803//21 6802//21
f 6702//22 6703//22 6804//22 6803//22
f 6703//23 6704//23 6805//23 6804//23
f 6704//23 6705//23 6806//23 6805//23
f 6705//24 6706//24 6807//24 6806//24
f 6706//25 6707//25 6808//25 6807//25
f 6707//25 6708//25 6809//25 6808//25
f 6708//26 6709//26 6810//26 6809//26
f 6709//27 6710//27 6811//27 6810//27
f 6710//27 6711//27 6812//27 6811//27
f 6711//27 6712//27 6813//27 6812//27
f 6712//28 6713//28 6814//28 6813//28
f 6713//29 6714//29 6815//29 6814//29
f 6714//29 6715//29 6816//29 6815//29
f 6715//30 6716//30 6817//30 6816//30
f 6716//31 6717//31 6818//31 6817//31
f 6717//31 6718//31 6819//31 6818//31
f 6718//32 6719//32 6820//32 6819//32
f 6719//33 6720//33 6821//33 6820//33
f 6720//33 6721//33 6822//33 6821//33
f 6721//34 6722//34 6823//34 6822//34
f 6722//35 6723//35 6824//35 6823//35
f 6723//35 6724//35 6825//35 6824//35
f 6724//35 6725//35 6826//35 6825//35
f 6725//36 6726//36 6827//36 6826//36
f 6726//37 6727//37 6828//37 6827//37
f 6727//37 6728//37 6829//37 6828//37
f 6728//38 6729//38 6830//38 6829//38
f 6729//39 6730//39 6831//39 6830//39
f 6730//39 6731//39 6832//39 6831//39
f 6731//40 6732//40 6833//40 6832//40
f 6732//41 6733//41 6834//41 6833//41
f 6733//41 6734//41 6835//41 6834//41
f 6734//42 6735//42 6836//42 6835//42
f 6735//43 6736//43 6837//43 6836//43
f 6736//43 6737//43 6838//43 6837//43
f 6737//44 6738//44 6839//44 6838//44
f 6738//45 6739//45 6840//45 6839//45
f 6739//45 6740//45 6841//45 6840//45
f 6740//45 6741//45 6842//45 6841//45
f 6741//46 6742//46 6843//46 6842//46
f 6742//47 6743//47 6844//47 6843//47
f 6743//47 6744//47 6845//47 6844//47
f 6744//48 6745//48 6846//48 6845//48
f 6745//49 6746//49 6847//49 6846//49
f 6746//49 6747//49 6848//49 6847//49
f 6747//50 6748//50 6849//50 6848//50
f 6748//51 6749//51 6850//51 6849//51
f 6749//51 6750//51 6851//51 6850//51
f 6750//52 6751//52 6852//52 6851//52
f 6751//53 6752//53 6853//53 6852//53
f 6752//53 6753//53 6854//53 6853//53
f 6753//53 6754//53 6855//53 6854//53
f 6754//54 6755//54 6856//54 6855//54
f 6755//55 6756//55 6857//55 6856//55
f 6756//55 6757//55 6858//55 6857//55
f 6757//56 6758//56 6859//56 6858//56
f 6758//57 6759//57 6860//57 6859//57
f 6759//57 6760//57 6861//57 6860//57
f 6760//58 6761//58 6862//58 6861//58
f 6761//59 6762//59 6863//59 6862//59
f 6762//59 6763//59 6864//59 6863//59
f 6763//60 6764//60 6865//60 6864//60
f 6764//61 6765//61 6866//61 6865//61
f 6765//61 6766//61 6867//61 6866//61
f 6766//61 6767//61 6868//61 6867//61
f 6768//1 6769//1 6870//1 6869//1
f 6769//1 6770//1 6871//1 6870//1
f 6770//1 6771//1 6872//1 6871//1
f 6771//2 6772//2 6873//2 6872//2
f 6772//3 6773//3 6874//3 6873//3
f 6773//3 6774//3 6875//3 6874//3
f 6774//4 6775//4 6876//4 6875//4
f 6775//5 6776//5 6877//5 6876//5
f 6776//5 6777//5 6878//5 6877//5
f 6777//6 6778//6 6879//6 6878//6
f 6778//7 6779//7 6880//7 6879//7
f 6779//7 6780//7 6881//7 6880//7
f 6780//8 6781//8 6882//8 6881//8
f 6781//9 6782//9 6883//9 6882//9
f 6782//9 6783//9 6884//9 6883//9
f 6783//9 6784//9 6885//9 6884//9
f 6784//10 6785//10 6886//10 6885//10
f 6785//11 6786//11 6887//11 6886//11
f 6786//11 6787//11 6888//11 6887//11
f 6787//12 6788//12 6889//12 6888//12
f 6788//13 6789//13 6890//13 6889//13
f 6789//13 6790//13 6891//13 6890//13
f 6790//14 6791//14 6892//14 6891//14
f 6791//15 6792//15 6893//15 6892//15
f 6792//15 6793//15 6894//15 6893//15
f 6793//16 6794//16 6895//16 6894//16
f 6794//17 6795//17 6896//17 6895//17
f 6795//17 6796//17 6897//17 6896//17
f 6796//17 6797//17 6898//17 6897//17
f 6797//18 6798//18 6899//18 6898//18
f 6798//19 6799//19 6900//19 6899//19
f 6799//19 6800//19 6901//19 6900//19
f 6800//20 6801//20 6902//20 6901//20
f 6801//21 6802//21 6903//21 6902//21
f 6802//21 6803//21 6904//21 6903//21
f 6803//22 6804//22 6905//22 6904//22
f 6804//23 6805//23 6906//23 6905//23
f 6805//23 6806//23 6907//23 6906//23
f 6806//24 6807//24 6908//24 6907//24
f 6807//25 6808//25 6909//25 6908//25
f 6808//25 6809//25 6910//25 6909//25
f 6809//26 6810//26 6911//26 6910//26
f 6810//27 6811//27 6912//27 6911//27
f 6811//27 6812//27 6913//27 6912//27
f 6812//27 6813//27 6914//27 6913//27
f 6813//28 6814//28 6915//28 6914//28
f 6814//29 6815//29 6916//29 6915//29
f 6815//29 6816//29 6917//29 6916//29
f 6816//30 6817//30 6918//30 6917//30
f 6817//31 6818//31 6919//31 6918//31
f 6818//31 6819//31 6920//31 6919//31
f 6819//32 6820//32 6921//32 6920//32
f 6820//33 6821//33 6922//33 6921//33
f 6821//33 6822//33 6923//33 6922//33
f 6822//34 6823//34 6924//34 6923//34
f 6823//35 6824//35 6925//35 6924//35
f 6824//35 6825//35 6926//35 6925//35
f 6825//35 6826//35 6927//35 6926//35
f 6826//36 6827//36 6928//36 6927//36
f 6827//37 6828//37 6929//37 6928//37
f 6828//37 6829//37 6930//37 6929//37
f 6829//38 6830//38 6931//38 6930//38
f 6830//39 6831//39 6932//39 6931//39
f 6831//39 6832//39 6933//39 6932//39
f 6832//40 6833//40 6934//40 6933//40
f 6833//41 6834//41 6935//41 6934//41
f 6834//41 6835//41 6936//41 6935//41
f 6835//42 6836//42 6937//42 6936//42
f 6836//43 6837//43 6938//43 6937//43
f 6837//43 6838//43 6939//43 6938//43
f 6838//44 6839//44 6940//44 6939//44
f 6839//45 6840//45 6941//45 6940//45
f 6840//45 6841//45 6942//45 6941//45
f 6841//45 6842//45 6943//45 6942//45
f 6842//46 6843//46 6944//46 6943//46
f 6843//47 6844//47 6945//47 6944//47
f 6844//47 6845//47 6946//47 6945//47
f 6845//48 6846//48 6947//48 6946//48
f 6846//49 6847//49 6948//49 6947//49
f 6847//49 6848//49 6949//49 6948//49
f 6848//50 6849//50 6950//50 6949//50
f 6849//51 6850//51 6951//51 6950//51
f 6850//51 6851//51 6952//51 6951//51
f 6851//52 6852//52 6953//52 6952//52
f 6852//53 6853//53 6954//53 6953//53
f 6853//53 6854//53 6955//53 6954//53
f 6854//53 6855//53 6956//53 6955//53
f 6855//54 6856//54 6957//54 6956//54
f 6856//55 6857//55 6958//55 6957//55
f 6857//55 6858//55 6959//55 6958//55
f 6858//56 6859//56 6960//56 6959//56
f 6859//57 6860//57 6961//57 6960//57
f 6860//57 6861//57 6962//57 6961//57
f 6861//58 6862//58 6963//58 6962//58
f 6862//59 6863//59 6964//59 6963//59
f 6863//59 6864//59 6965//59 6964//59
f 6864//60 6865//60 6966//60 6965//60
f 6865//61 6866//61 6967//61 6966//61
f 6866//61 6867//61 6968//61 6967//61
f 6867//61 6868//61 6969//61 6968//61
f 6869//1 6870//1 6971//1 6970//1
f 6870//1 6871//1 6972//1 6971//1
f 6871//1 6872//1 6973//1 6972//1
f 6872//2 6873//2 6974//2 6973//2
f 6873//3 6874//3 6975//3 6974//3
f 6874//3 6875//3 6976//3 6975//3
f 6875//4 6876//4 6977//4 6976//4
f 6876//5 6877//5 6978//5 6977//5
f 6877//5 6878//5 6979//5 6978//5
f 6878//6 6879//6 6980//6 6979//6
f 6879//7 6880//7 6981//7 6980//7
f 6880//7 6881//7 6982//7 6981//7
f 6881//8 6882//8 6983//8 6982//8
f 6882//9 6883//9 6984//9 6983//9
f 6883//9 6884//9 6985//9 6984//9
f 6884//9 6885//9 6986//9 6985//9
f 6885//10 6886//10 6987//10 6986//10
f 6886//11 6887//11 6988//11 6987//11
f 6887//11 6888//11 6989//11 6988//11
f 6888//12 6889//12 6990//12 6989//12
f 6889//13 6890//13 6991//13 6990//13
f 6890//13 6891//13 6992//13 6991//13
f 6891//14 6892//14 6993//14 6992//14
f 6892//15 6893//15 6994//15 6993//15
f 6893//15 6894//15 6995//15 6994//15
f 6894//16 6895//16 6996//16 6995//16
f 6895//17 6896//17 6997//17 6996//17
f 6896//17 6897//17 6998//17 6997//17
f 6897//17 6898//17 6999//17 6998//17
f 6898//18 6899//18 7000//18 6999//18
f 6899//19 6900//19 7001//19 7000//19
f 6900//19 6901//19 7002//19 7001//19
f 6901//20 6902//20 7003//20 7002//20
f 6902//21 6903//21 7004//21 7003//21
f 6903//21 6904//21 7005//21 7004//21
f 6904//22 6905//22 7006//22 7005//22
f 6905//23 6906//23 7007//23 7006//23
f 6906//23 6907//23 7008//23 7007//23
f 6907//24 6908//24 7009//24 7008//24
f 6908//25 6909//25 7010//25 7009//25
f 6909//25 6910//25 7011//25 7010//25
f 6910//26 6911//26 7012//26 7011//26
f 6911//27 6912//27 7013//27 7012//27
f 6912//27 6913//27 7014//27 7013//27
f 6913//27 6914//27 7015//27 7014//27
f 6914//28 6915//28 7016//28 7015//28
f 6915//29 6916//29 7017//29 7016//29
f 6916//29 6917//29 7018//29 7017//29
f 6917//30 6918//30 7019//30 7018//30
f 6918//31 6919//31 7020//31 7019//31
f 6919//31 6920//31 7021//31 7020//31
f 6920//32 6921//32 7022//32 7021//32
f 6921//33 6922//33 7023//33 7022//33
f 6922//33 6923//33 7024//33 7023//33
f 6923//34 6924//34 7025//34 7024//34
f 6924//35 6925//35 7026//35 7025//35
f 6925//35 6926//35 7027//35 7026//35
f 6926//35 6927//35 7028//35 7027//35
f 6927//36 6928//36 7029//36 7028//36
f 6928//37 6929//37 7030//37 7029//37
f 6929//37 6930//37 7031//37 7030//37
f 6930//38 6931//38 7032//38 7031//38
f 6931//39 6932//39 7033//39 7032//39
f 6932//39 6933//39 7034//39 7033//39
f 6933//40 6934//40 7035//40 7034//40
f 6934//41 6935//41 7036//41 7035//41
f 6935//41 6936//41 7037//41 7036//41
f 6936//42 6937//42 7038//42 7037//42
f 6937//43 6938//43 7039//43 7038//43
f 6938//43 6939//43 7040//43 7039//43
f 6939//44 6940//44 7041//44 7040//44
f 6940//45 6941//45 7042//45 7041//45
f 6941//45 6942//45 7043//45 7042//45
f 6942//45 6943//45 7044//45 7043//45
f 6943//46 6944//46 7045//46 7044//46
f 6944//47 6945//47 7046//47 7045//47
f 6945//47 6946//47 7047//47 7046//47
f 6946//48 6947//48 7048//48 7047//48
f 6947//49 6948//49 7049//49 7048//49
f 6948//49 6949//49 7050//49 7049//49
f 6949//50 6950//50 7051//50 7050//50
f 6950//51 6951//51 7052//51 7051//51
f 6951//51 6952//51 7053//51 7052//51
f 6952//52 6953//52 7054//52 7053//52
f 6953//53 6954//53 7055//53 7054//53
f 6954//53 6955//53 7056//53 7055//53
f 6955//53 6956//53 7057//53 7056//53
f 6956//54 6957//54 7058//54 7057//54
f 6957//55 6958//55 7059//55 7058//55
f 6958//55 6959//55 7060//55 7059//55
f 6959//56 6960//56 7061//56 7060//56
f 6960//57 6961//57 7062//57 7061//57
f 6961//57 6962//57 7063//57 7062//57
f 6962//58 6963//58 7064//58 7063//58
f 6963//59 6964//59 7065//59 7064//59
f 6964//59 6965//59 7066//59 7065//59
f 6965//60 6966//60 7067//60 7066//60
f 6966//61 6967//61 7068//61 7067//61
f 6967//61 6968//61 7069//61 7068//61
f 6968//61 6969//61 7070//61 7069//61
f 6970//1 6971//1 7072//1 7071//1
f 6971//1 6972//1 7073//1 7072//1
f 6972//1 6973//1 7074//1 7073//1
f 6973//2 6974//2 7075//2 7074//2
f 6974//3 6975//3 7076//3 7075//3
f 6975//3 6976//3 7077//3 7076//3
f 6976//4 6977//4 7078//4 7077//4
f 6977//5 6978//5 7079//5 7078//5
f 6978//5 6979//5 7080//5 7079//5
f 6979//6 6980//6 7081//6 7080//6
f 6980//7 6981//7 7082//7 7081//7
f 6981//7 6982//7 7083//7 7082//7
f 6982//8 6983//8 7084//8 7083//8
f 6983//9 6984//9 7085//9 7084//9
f 6984//9 6985//9 7086//9 7085//9
f 6985//9 6986//9 7087//9 7086//9
f 6986//10 6987//10 7088//10 7087//10
f 6987//11 6988//11 7089//11 7088//11
f 6988//11 6989//11 7090//11 7089//11
f 6989//12 6990//12 7091//12 7090//12
f 6990//13 6991//13 7092//13 7091//13
f 6991//13 6992//13 7093//13 7092//13
f 6992//14 6993//14 7094//14 7093//14
f 6993//15 6994//15 7095//15 7094//15
f 6994//15 6995//15 7096//15 7095//15
f 6995//16 6996//16 7097//16 7096//16
f 6996//17 6997//17 7098//17 7097//17
f 6997//17 6998//17 7099//17 7098//17
f 6998//17 6999//17 7100//17 7099//17
f 6999//18 7000//18 7101//18 7100//18
f 7000//19 7001//19 7102//19 7101//19
f 7001//19 7002//19 7103//19 7102//19
f 7002//20 7003//20 7104//20 7103//20
f 7003//21 7004//21 7105//21 7104//21
f 7004//21 7005//21 7106//21 7105//21
f 7005//22 7006//22 7107//22 7106//22
f 7006//23 7007//23 7108//23 7107//23
f 7007//23 7008//23 7109//23 7108//23
f 7008//24 7009//24 7110//24 7109//24
f 7009//25 7010//25 7111//25 7110//25
f 7010//25 7011//25 7112//25 7111//25
f 7011//26 7012//26 7113//26 7112//26
f 7012//27 7013//27 7114//27 7113//27
f 7013//27 7014//27 7115//27 7114//27
f 7014//27 7015//27 7116//27 7115//27
f 7015//28 7016//28 7117//28 7116//28
f 7016//29 7017//29 7118//29 7117//29
f 7017//29 7018//29 7119//29 7118//29
f 7018//30 7019//30 7120//30 7119//30
f 7019//31 7020//31 7121//31 7120//31
f 7020//31 7021//31 7122//31 7121//31
f 7021//32 7022//32 7123//32 7122//32
f 7022//33 7023//33 7124//33 7123//33
f 7023//33 7024//33 7125//33 7124//33
f 7024//34 7025//34 7126//34 7125//34
f 7025//35 7026//35 7127//35 7126//35
f 7026//35 7027//35 7128//35 7127//35
f 7027//35 7028//35 7129//35 7128//35
f 7028//36 7029//36 7130//36 7129//36
f 7029//37 7030//37 7131//37 7130//37
f 7030//37 7031//37 7132//37 7131//37
f 7031//38 7032//38 7133//38 7132//38
f 7032//39 7033//39 7134//39 7133//39
f 7033//39 7034//39 7135//39 7134//39
f 7034//40 7035//40 7136//40 7135//40
f 7035//41 7036//41 7137//41 7136//41
f 7036//41 7037//41 7138//41 7137//41
f 7037//42 7038//42 7139//42 7138//42
f 7038//43 7039//43 7140//43 7139//43
f 7039//43 7040//43 7141//43 7140//43
f 7040//44 7041//44 7142//44 7141//44
f 7041//45 7042//45 7143//45 7142//45
f 7042//45 7043//45 7144//45 7143//45
f 7043//45 7044//45 7145//45 7144//45
f 7044//46 7045//46 7146//46 7145//46
f 7045//47 7046//47 7147//47 7146//47
f 7046//47 7047//47 7148//47 7147//47
f 7047//48 7048//48 7149//48 7148//48
f 7048//49 7049//49 7150//49 7149//49
f 7049//49 7050//49 7151//49 7150//49
f 7050//50 7051//50 7152//50 7151//50
f 7051//51 7052//51 7153//51 7152//51
f 7052//51 7053//51 7154//51 7153//51
f 7053//52 7054//52 7155//52 7154//52
f 7054//53 7055//53 7156//53 7155//53
f 7055//53 7056//53 7157//53 7156//53
f 7056//53 7057//53 7158//53 7157//53
f 7057//54 7058//54 7159//54 7158//54
f 7058//55 7059//55 7160//55 7159//55
f 7059//55 7060//55 7161//55 7160//55
f 7060//56 7061//56 7162//56 7161//56
f 7061//57 7062//57 7163//57 7162//57
f 7062//57 7063//57 7164//57 7163//57
f 7063//58 7064//58 7165//58 7164//58
f 7064//59 7065//59 7166//59 7165//59
f 7065//59 7066//59 7167//59 7166//59
f 7066//60 7067//60 7168//60 7167//60
f 7067//61 7068//61 7169//61 7168//61
f 7068//61 7069//61 7170//61 7169//61
f 7069//61 7070//61 7171//61 7170//61
f 7071//1 7072//1 7173//1 7172//1
f 7072//1 7073//1 7174//1 7173//1
f 7073//1 7074//1 7175//1 7174//1
f 7074//2 7075//2 7176//2 7175//2
f 7075//3 7076//3 7177//3 7176//3
f 7076//3 7077//3 7178//3 7177//3
f 7077//4 7078//4 7179//4 7178//4
f 7078//5 7079//5 7180//5 7179//5
f 7079//5 7080//5 7181//5 7180//5
f 7080//6 7081//6 7182//6 7181//6
f 7081//7 7082//7 7183//7 7182//7
f 7082//7 7083//7 7184//7 7183//7
f 7083//8 7084//8 7185//8 7184//8
f 7084//9 7085//9 7186//9 7185//9
f 7085//9 7086//9 7187//9 7186//9
f 7086//9 7087//9 7188//9 7187//9
f 7087//10 7088//10 7189//10 7188//10
f 7088//11 7089//11 7190//11 7189//11
f 7089//11 7090//11 7191//11 7190//11
f 7090//12 7091//12 7192//12 7191//12
f 7091//13 7092//13 7193//13 7192//13
f 7092//13 7093//13 7194//13 7193//13
f 7093//14 7094//14 7195//14 7194//14
f 7094//15 7095//15 7196//15 7195//15
f 7095//15 7096//15 7197//15 7196//15
f 7096//16 7097//16 7198//16 7197//16
f 7097//17 7098//17 7199//17 7198//17
f 7098//17 7099//17 7200//17 7199//17
f 7099//17 7100//17 7201//17 7200//17
f 7100//18 7101//18 7202//18 7201//18
f 7101//19 7102//19 7203//19 7202//19
f 7102//19 7103//19 7204//19 7203//19
f 7103//20 7104//20 7205//20 7204//20
f 7104//21 7105//21 7206//21 7205//21
f 7105//21 7106//21 7207//21 7206//21
f 7106//22 7107//22 7208//22 7207//22
f 7107//23 7108//23 7209//23 7208//23
f 7108//23 7109//23 7210//23 7209//23
f 7109//24 7110//24 7211//24 7210//24
f 7110//25 7111//25 7212//25 7211//25
f 7111//25 7112//25 7213//25 7212//25
f 7112//26 7113//26 7214//26 7213//26
f 7113//27 7114//27 7215//27 7214//27
f 7114//27 7115//27 7216//27 7215//27
f 7115//27 7116//27 7217//27 7216//27
f 7116//28 7117//28 7218//28 7217//28
f 7117//29 7118//29 7219//29 7218//29
f 7118//29 7119//29 7220//29 7219//29
f 7119//30 7120//30 7221//30 7220//30
f 7120//31 7121//31 7222//31 7221//31
f 7121//31 7122//31 7223//31 7222//31
f 7122//32 7123//32 7224//32 7223//32
f 7123//33 7124//33 7225//33 7224//33
f 7124//33 7125//33 7226//33 7225//33
f 7125//34 7126//34 7227//34 7226//34
f 7126//35 7127//35 7228//35 7227//35
f 7127//35 7128//35 7229//35 7228//35
f 7128//35 7129//35 7230//35 7229//35
f 7129//36 7130//36 7231//36 7230//36
f 7130//37 7131//37 7232//37 7231//37
f 7131//37 7132//37 7233//37 7232//37
f 7132//38 7133//38 7234//38 7233//38
f 7133//39 7134//39 7235//39 7234//39
f 7134//39 7135//39 7236//39 7235//39
f 7135//40 7136//40 7237//40 7236//40
f 7136//41 7137//41 7238//41 7237//41
f 7137//41 7138//41 7239//41 7238//41
f 7138//42 7139//42 7240//42 7239//42
f 7139//43 7140//43 7241//43 7240//43
f 7140//43 7141//43 7242//43 7241//43
f 7141//44 7142//44 7243//44 7242//44
f 7142//45 7143//45 7244//45 7243//45
f 7143//45 7144//45 7245//45 7244//45
f 7144//45 7145//45 7246//45 7245//45
f 7145//46 7146//46 7247//46 7246//46
f 7146//47 7147//47 7248//47 7247//47
f 7147//47 7148//47 7249//47 7248//47
f 7148//48 7149//48 7250//48 7249//48
f 7149//49 7150//49 7251//49 7250//49
f 7150//49 7151//49 7252//49 7251//49
f 7151//50 7152//50 7253//50 7252//50
f 7152//51 7153//51 7254//51 7253//51
f 7153//51 7154//51 7255//51 7254//51
f 7154//52 7155//52 7256//52 7255//52
f 7155//53 7156//53 7257//53 7256//53
f 7156//53 7157//53 7258//53 7257//53
f 7157//53 7158//53 7259//53 7258//53
f 7158//54 7159//54 7260//54 7259//54
f 7159//55 7160//55 7261//55 7260//55
f 7160//55 7161//55 7262//55 7261//55
f 7161//56 7162//56 7263//56 7262//56
f 7162//57 7163//57 7264//57 7263//57
f 7163//57 7164//57 7265//57 7264//57
f 7164//58 7165//58 7266//58 7265//58
f 7165//59 7166//59 7267//59 7266//59
f 7166//59 7167//59 7268//59 7267//59
f 7167//60 7168//60 7269//60 7268//60
f 7168//61 7169//61 7270//61 7269//61
f 7169//61 7170//61 7271//61 7270//61
f 7170//61 7171//61 7272//61 7271//61
f 7172//1 7173//1 7274//1 7273//1
f 7173//1 7174//1 7275//1 7274//1
f 7174//1 7175//1 7276//1 7275//1
f 7175//2 7176//2 7277//2 7276//2
f 7176//3 7177//3 7278//3 7277//3
f 7177//3 7178//3 7279//3 7278//3
f 7178//4 7179//4 7280//4 7279//4
f 7179//5 7180//5 7281//5 7280//5
f 7180//5 7181//5 7282//5 7281//5
f 7181//6 7182//6 7283//6 7282//6
f 7182//7 7183//7 7284//7 7283//7
f 7183//7 7184//7 7285//7 7284//7
f 7184//8 7185//8 7286//8 7285//8
f 7185//9 7186//9 7287//9 7286//9
f 7186//9 7187//9 7288//9 7287//9
f 7187//9 7188//9 7289//9 7288//9
f 7188//10 7189//10 7290//10 7289//10
f 7189//11 7190//11 7291//11 7290//11
f 7190//11 7191//11 7292//11 7291//11
f 7191//12 7192//12 7293//12 7292//12
f 7192//13 7193//13 7294//13 7293//13
f 7193//13 7194//13 7295//13 7294//13
f 7194//14 7195//14 7296//14 7295//14
f 7195//15 7196//15 7297//15 7296//15
f 7196//15 7197//15 7298//15 7297//15
f 7197//16 7198//16 7299//16 7298//16
f 7198//17 7199//17 7300//17 7299//17
f 7199//17 7200//17 7301//17 7300//17
f 7200//17 7201//17 7302//17 7301//17
f 7201//18 7202//18 7303//18 7302//18
f 7202//19 7203//19 7304//19 7303//19
f 7203//19 7204//19 7305//19 7304//19
f 7204//20 7205//20 7306//20 7305//20
f 7205//21 7206//21 7307//21 7306//21
f 7206//21 7207//21 7308//21 7307//21
f 7207//22 7208//22 7309//22 7308//22
f 7208//23 7209//23 7310//23 7309//23
f 7209//23 7210//23 7311//23 7310//23
f 7210//24 7211//24 7312//24 7311//24
f 7211//25 7212//25 7313//25 7312//25
f 7212//25 7213//25 7314//25 7313//25
f 7213//26 7214//26 7315//26 7314//26
f 7214//27 7215//27 7316//27 7315//27
f 7215//27 7216//27 7317//27 7316//27
f 7216//27 7217//27 7318//27 7317//27
f 7217//28 7218//28 7319//28 7318//28
f 7218//29 7219//29 7320//29 7319//29
f 7219//29 7220//29 7321//29 7320//29
f 7220//30 7221//30 7322//30 7321//30
f 7221//31 7222//31 7323//31 7322//31
f 7222//31 7223//31 7324//31 7323//31
f 7223//32 7224//32 7325//32 7324//32
f 7224//33 7225//33 7326//33 7325//33
f 7225//33 7226//33 7327//33 7326//33
f 7226//34 7227//34 7328//34 7327//34
f 7227//35 7228//35 7329//35 7328//35
f 7228//35 7229//35 7330//35 7329//35
f 7229//35 7230//35 7331//35 7330//35
f 7230//36 7231//36 7332//36 7331//36
f 7231//37 7232//37 7333//37 7332//37
f 7232//37 7233//37 7334//37 7333//37
f 7233//38 7234//38 7335//38 7334//38
f 7234//39 7235//39 7336//39 7335//39
f 7235//39 7236//39 7337//39 7336//39
f 7236//40 7237//40 7338//40 7337//40
f 7237//41 7238//41 7339//41 7338//41
f 7238//41 7239//41 7340//41 7339//41
f 7239//42 7240//42 7341//42 7340//42
f 7240//43 7241//43 7342//43 7341//43
f 7241//43 7242//43 7343//43 7342//43
f 7242//44 7243//44 7344//44 7343//44
f 7243//45 7244//45 7345//45 7344//45
f 7244//45 7245//45 7346//45 7345//45
f 7245//45 7246//45 7347//45 7346//45
f 7246//46 7247//46 7348//46 7347//46
f 7247//47 7248//47 7349//47 7348//47
f 7248//47 7249//47 7350//47 7349//47
f 7249//48 7250//48 7351//48 7350//48
f 7250//49 7251//49 7352//49 7351//49
f 7251//49 7252//49 7353//49 7352//49
f 7252//50 7253//50 7354//50 7353//50
f 7253//51 7254//51 7355//51 7354//51
f 7254//51 7255//51 7356//51 7355//51
f 7255//52 7256//52 7357//52 7356//52
f 7256//53 7257//53 7358//53 7357//53
f 7257//53 7258//53 7359//53 7358//53
f 7258//53 7259//53 7360//53 7359//53
f 7259//54 7260//54 7361//54 7360//54
f 7260//55 7261//55 7362//55 7361//55
f 7261//55 7262//55 7363//55 7362//55
f 7262//56 7263//56 7364//56 7363//56
f 7263//57 7264//57 7365//57 7364//57
f 7264//57 7265//57 7366//57 7365//57
f 7265//58 7266//58 7367//58 7366//58
f 7266//59 7267//59 7368//59 7367//59
f 7267//59 7268//59 7369//59 7368//59
f 7268//60 7269//60 7370//60 7369//60
f 7269//61 7270//61 7371//61 7370//61
f 7270//61 7271//61 7372//61 7371//61
f 7271//61 7272//61 7373//61 7372//61
f 7273//1 7274//1 7375//1 7374//1
f 7274//1 7275//1 7376//1 7375//1
f 7275//1 7276//1 7377//1 7376//1
f 7276//2 7277//2 7378//2 7377//2
f 7277//3 7278//3 7379//3 7378//3
f 7278//3 7279//3 7380//3 7379//3
f 7279//4 7280//4 7381//4 7380//4
f 7280//5 7281//5 7382//5 7381//5
f 7281//5 7282//5 7383//5 7382//5
f 7282//6 7283//6 7384//6 7383//6
f 7283//7 7284//7 7385//7 7384//7
f 7284//7 7285//7 7386//7 7385//7
f 7285//8 7286//8 7387//8 7386//8
f 7286//9 7287//9 7388//9 7387//9
f 7287//9 7288//9 7389//9 7388//9
f 7288//9 7289//9 7390//9 7389//9
f 7289//10 7290//10 7391//10 7390//10
f 7290//11 7291//11 7392//11 7391//11
f 7291//11 7292//11 7393//11 7392//11
f 7292//12 7293//12 7394//12 7393//12
f 7293//13 7294//13 7395//13 7394//13
f 7294//13 7295//13 7396//13 7395//13
f 7295//14 7296//14 7397//14 7396//14
f 7296//15 7297//15 7398//15 7397//15
f 7297//15 7298//15 7399//15 7398//15
f 7298//16 7299//16 7400//16 7399//16
f 7299//17 7300//17 7401//17 7400//17
f 7300//17 7301//17 7402//17 7401//17
f 7301//17 7302//17 7403//17 7402//17
f 7302//18 7303//18 7404//18 7403//18
f 7303//19 7304//19 7405//19 7404//19
f 7304//19 7305//19 7406//19 7405//19
f 7305//20 7306//20 7407//20 7406//20
f 7306//21 7307//21 7408//21 7407//21
f 7307//21 7308//21 7409//21 7408//21
f 7308//22 7309//22 7410//22 7409//22
f 7309//23 7310//23 7411//23 7410//23
f 7310//23 7311//23 7412//23 7411//23
f 7311//24 7312//24 7413//24 7412//24
f 7312//25 7313//25 7414//25 7413//25
f 7313//25 7314//25 7415//25 7414//25
f 7314//26 7315//26 7416//26 7415//26
f 7315//27 7316//27 7417//27 7416//27
f 7316//27 7317//27 7418//27 7417//27
f 7317//27 7318//27 7419//27 7418//27
f 7318//28 7319//28 7420//28 7419//28
f 7319//29 7320//29 7421//29 7420//29
f 7320//29 7321//29 7422//29 7421//29
f 7321//30 7322//30 7423//30 7422//30
f 7322//31 7323//31 7424//31 7423//31
f 7323//31 7324//31 7425//31 7424//31
f 7324//32 7325//32 7426//32 7425//32
f 7325//33 7326//33 7427//33 7426//33
f 7326//33 7327//33 7428//33 7427//33
f 7327//34 7328//34 7429//34 7428//34
f 7328//35 7329//35 7430//35 7429//35
f 7329//35 7330//35 7431//35 7430//35
f 7330//35 7331//35 7432//35 7431//35
f 7331//36 7332//36 7433//36 7432//36
f 7332//37 7333//37 7434//37 7433//37
f 7333//37 7334//37 7435//37 7434//37
f 7334//38 7335//38 7436//38 7435//38
f 7335//39 7336//39 7437//39 7436//39
f 7336//39 7337//39 7438//39 7437//39
f 7337//40 7338//40 7439//40 7438//40
f 7338//41 7339//41 7440//41 7439//41
f 7339//41 7340//41 7441//41 7440//41
f 7340//42 7341//42 7442//42 7441//42
f 7341//43 7342//43 7443//43 7442//43
f 7342//43 7343//43 7444//43 7443//43
f 7343//44 7344//44 7445//44 7444//44
f 7344//45 7345//45 7446//45 7445//45
f 7345//45 7346//45 7447//45 7446//45
f 7346//45 7347//45 7448//45 7447//45
f 7347//46 7348//46 7449//46 7448//46
f 7348//47 7349//47 7450//47 7449//47
f 7349//47 7350//47 7451//47 7450//47
f 7350//48 7351//48 7452//48 7451//48
f 7351//49 7352//49 7453//49 7452//49
f 7352//49 7353//49 7454//49 7453//49
f 7353//50 7354//50 7455//50 7454//50
f 7354//51 7355//51 7456//51 7455//51
f 7355//51 7356//51 7457//51 7456//51
f 7356//52 7357//52 7458//52 7457//52
f 7357//53 7358//53 7459//53 7458//53
f 7358//53 7359//53 7460//53 7459//53
f 7359//53 7360//53 7461//53 7460//53
f 7360//54 7361//54 7462//54 7461//54
f 7361//55 7362//55 7463//55 7462//55
f 7362//55 7363//55 7464//55 7463//55
f 7363//56 7364//56 7465//56 7464//56
f 7364//57 7365//57 7466//57 7465//57
f 7365//57 7366//57 7467//57 7466//57
f 7366//58 7367//58 7468//58 7467//58
f 7367//59 7368//59 7469//59 7468//59
f 7368//59 7369//59 7470//59 7469//59
f 7369//60 7370//60 7471//60 7470//60
f 7370//61 7371//61 7472//61 7471//61
f 7371//61 7372//61 7473//61 7472//61
f 7372//61 7373//61 7474//61 7473//61
f 7374//1 7375//1 7476//1 7475//1
f 7375//1 7376//1 7477//1 7476//1
f 7376//1 7377//1 7478//1 7477//1
f 7377//2 7378//2 7479//2 7478//2
f 7378//3 7379//3 7480//3 7479//3
f 7379//3 7380//3 7481//3 7480//3
f 7380//4 7381//4 7482//4 7481//4
f 7381//5 7382//5 7483//5 7482//5
f 7382//5 7383//5 7484//5 7483//5
f 7383//6 7384//6 7485//6 7484//6
f 7384//7 7385//7 7486//7 7485//7
f 7385//7 7386//7 7487//7 7486//7
f 7386//8 7387//8 7488//8 7487//8
f 7387//9 7388//9 7489//9 7488//9
f 7388//9 7389//9 7490//9 7489//9
f 7389//9 7390//9 7491//9 7490//9
f 7390//10 7391//10 7492//10 7491//10
f 7391//11 7392//11 7493//11 7492//11
f 7392//11 7393//11 7494//11 7493//11
f 7393//12 7394//12 7495//12 7494//12
f 7394//13 7395//13 7496//13 7495//13
f 7395//13 7396//13 7497//13 7496//13
f 7396//14 7397//14 7498//14 7497//14
f 7397//15 7398//15 7499//15 7498//15
f 7398//15 7399//15 7500//15 7499//15
f 7399//16 7400//16 7501//16 7500//16
f 7400//17 7401//17 7502//17 7501//17
f 7401//17 7402//17 7503//17 7502//17
f 7402//17 7403//17 7504//17 7503//17
f 7403//18 7404//18 7505//18 7504//18
f 7404//19 7405//19 7506//19 7505//19
f 7405//19 7406//19 7507//19 7506//19
f 7406//20 7407//20 7508//20 7507//20
f 7407//21 7408//21 7509//21 7508//21
f 7408//21 7409//21 7510//21 7509//21
f 7409//22 7410//22 7511//22 7510//22
f 7410//23 7411//23 7512//23 7511//23
f 7411//23 7412//23 7513//23 7512//23
f 7412//24 7413//24 7514//24 7513//24
f 7413//25 7414//25 7515//25 7514//25
f 7414//25 7415//25 7516//25 7515//25
f 7415//26 7416//26 7517//26 7516//26
f 7416//27 7417//27 7518//27 7517//27
f 7417//27 7418//27 7519//27 7518//27
f 7418//27 7419//27 7520//27 7519//27
f 7419//28 7420//28 7521//28 7520//28
f 7420//29 7421//29 7522//29 7521//29
f 7421//29 7422//29 7523//29 7522//29
f 7422//30 7423//30 7524//30 7523//30
f 7423//31 7424//31 7525//31 7524//31
f 7424//31 7425//31 7526//31 7525//31
f 7425//32 7426//32 7527//32 7526//32
f 7426//33 7427//33 7528//33 7527//33
f 7427//33 7428//33 7529//33 7528//33
f 7428//34 7429//34 7530//34 7529//34
f 7429//35 7430//35 7531//35 7530//35
f 7430//35 7431//35 7532//35 7531//35
f 7431//35 7432//35 7533//35 7532//35
f 7432//36 7433//36 7534//36 7533//36
f 7433//37 7434//37 7535//37 7534//37
f 7434//37 7435//37 7536//37 7535//37
f 7435//38 7436//38 7537//38 7536//38
f 7436//39 7437//39 7538//39 7537//39
f 7437//39 7438//39 7539//39 7538//39
f 7438//40 7439//40 7540//40 7539//40
f 7439//41 7440//41 7541//41 7540//41
f 7440//41 7441//41 7542//41 7541//41
f 7441//42 7442//42 7543//42 7542//42
f 7442//43 7443//43 7544//43 7543//43
f 7443//43 7444//43 7545//43 7544//43
f 7444//44 7445//44 7546//44 7545//44
f 7445//45 7446//45 7547//45 7546//45
f 7446//45 7447//45 7548//45 7547//45
f 7447//45 7448//45 7549//45 7548//45
f 7448//46 7449//46 7550//46 7549//46
f 7449//47 7450//47 7551//47 7550//47
f 7450//47 7451//47 7552//47 7551//47
f 7451//48 7452//48 7553//48 7552//48
f 7452//49 7453//49 7554//49 7553//49
f 7453//49 7454//49 7555//49 7554//49
f 7454//50 7455//50 7556//50 7555//50
f 7455//51 7456//51 7557//51 7556//51
f 7456//51 7457//51 7558//51 7557//51
f 7457//52 7458//52 7559//52 7558//52
f 7458//53 7459//53 7560//53 7559//53
f 7459//53 7460//53 7561//53 7560//53
f 7460//53 7461//53 7562//53 7561//53
f 7461//54 7462//54 7563//54 7562//54
f 7462//55 7463//55 7564//55 7563//55
f 7463//55 7464//55 7565//55 7564//55
f 7464//56 7465//56 7566//56 7565//56
f 7465//57 7466//57 7567//57 7566//57
f 7466//57 7467//57 7568//57 7567//57
f 7467//58 7468//58 7569//58 7568//58
f 7468//59 7469//59 7570//59 7569//59
f 7469//59 7470//59 7571//59 7570//59
f 7470//60 7471//60 7572//60 7571//60
f 7471//61 7472//61 7573//61 7572//61
f 7472//61 7473//61 7574//61 7573//61
f 7473//61 7474//61 7575//61 7574//61
f 7475//1 7476//1 7577//1 7576//1
f 7476//1 7477//1 7578//1 7577//1
f 7477//1 7478//1 7579//1 7578//1
f 7478//2 7479//2 7580//2 7579//2
f 7479//3 7480//3 7581//3 7580//3
f 7480//3 7481//3 7582//3 7581//3
f 7481//4 7482//4 7583//4 7582//4
f 7482//5 7483//5 7584//5 7583//5
f 7483//5 7484//5 7585//5 7584//5
f 7484//6 7485//6 7586//6 7585//6
f 7485//7 7486//7 7587//7 7586//7
f 7486//7 7487//7 7588//7 7587//7
f 7487//8 7488//8 7589//8 7588//8
f 7488//9 7489//9 7590//9 7589//9
f 7489//9 7490//9 7591//9 7590//9
f 7490//9 7491//9 7592//9 7591//9
f 7491//10 7492//10 7593//10 7592//10
f 7492//11 7493//11 7594//11 7593//11
f 7493//11 7494//11 7595//11 7594//11
f 7494//12 7495//12 7596//12 7595//12
f 7495//13 7496//13 7597//13 7596//13
f 7496//13 7497//13 7598//13 7597//13
f 7497//14 7498//14 7599//14 7598//14
f 7498//15 7499//15 7600//15 7599//15
f 7499//15 7500//15 7601//15 7600//15
f 7500//16 7501//16 7602//16 7601//16
f 7501//17 7502//17 7603//17 7602//17
f 7502//17 7503//17 7604//17 7603//17
f 7503//17 7504//17 7605//17 7604//17
f 7504//18 7505//18 7606//18 7605//18
f 7505//19 7506//19 7607//19 7606//19
f 7506//19 7507//19 7608//19 7607//19
f 7507//20 7508//20 7609//20 7608//20
f 7508//21 7509//21 7610//21 7609//21
f 7509//21 7510//21 7611//21 7610//21
f 7510//22 7511//22 7612//22 7611//22
f 7511//23 7512//23 7613//23 7612//23
f 7512//23 7513//23 7614//23 7613//23
f 7513//24 7514//24 7615//24 7614//24
f 7514//25 7515//25 7616//25 7615//25
f 7515//25 7516//25 7617//25 7616//25
f 7516//26 7517//26 7618//26 7617//26
f 7517//27 7518//27 7619//27 7618//27
f 7518//27 7519//27 7620//27 7619//27
f 7519//27 7520//27 7621//27 7620//27
f 7520//28 7521//28 7622//28 7621//28
f 7521//29 7522//29 7623//29 7622//29
f 7522//29 7523//29 7624//29 7623//29
f 7523//30 7524//30 7625//30 7624//30
f 7524//31 7525//31 7626//31 7625//31
f 7525//31 7526//31 7627//31 7626//31
f 7526//32 7527//32 7628//32 7627//32
f 7527//33 7528//33 7629//33 7628//33
f 7528//33 7529//33 7630//33 7629//33
f 7529//34 7530//34 7631//34 7630//34
f 7530//35 7531//35 7632//35 7631//35
f 7531//35 7532//35 7633//35 7632//35
f 7532//35 7533//35 7634//35 7633//35
f 7533//36 7534//36 7635//36 7634//36
f 7534//37 7535//37 7636//37 7635//37
f 7535//37 7536//37 7637//37 7636//37
f 7536//38 7537//38 7638//38 7637//38
f 7537//39 7538//39 7639//39 7638//39
f 7538//39 7539//39 7640//39 7639//39
f 7539//40 7540//40 7641//40 7640//40
f 7540//41 7541//41 7642//41 7641//41
f 7541//41 7542//41 7643//41 7642//41
f 7542//42 7543//42 7644//42 7643//42
f 7543//43 7544//43 7645//43 7644//43
f 7544//43 7545//43 7646//43 7645//43
f 7545//44 7546//44 7647//44 7646//44
f 7546//45 7547//45 7648//45 7647//45
f 7547//45 7548//45 7649//45 7648//45
f 7548//45 7549//45 7650//45 7649//45
f 7549//46 7550//46 7651//46 7650//46
f 7550//47 7551//47 7652//47 7651//47
f 7551//47 7552//47 7653//47 7652//47
f 7552//48 7553//48 7654//48 7653//48
f 7553//49 7554//49 7655//49 7654//49
f 7554//49 7555//49 7656//49 7655//49
f 7555//50 7556//50 7657//50 7656//50
f 7556//51 7557//51 7658//51 7657//51
f 7557//51 7558//51 7659//51 7658//51
f 7558//52 7559//52 7660//52 7659//52
f 7559//53 7560//53 7661//53 7660//53
f 7560//53 7561//53 7662//53 7661//53
f 7561//53 7562//53 7663//53 7662//53
f 7562//54 7563//54 7664//54 7663//54
f 7563//55 7564//55 7665//55 7664//55
f 7564//55 7565//55 7666//55 7665//55
f 7565//56 7566//56 7667//56 7666//56
f 7566//57 7567//57 7668//57 7667//57
f 7567//57 7568//57 7669//57 7668//57
f 7568//58 7569//58 7670//58 7669//58
f 7569//59 7570//59 7671//59 7670//59
f 7570//59 7571//59 7672//59 7671//59
f 7571//60 7572//60 7673//60 7672//60
f 7572//61 7573//61 7674//61 7673//61
f 7573//61 7574//61 7675//61 7674//61
f 7574//61 7575//61 7676//61 7675//61
f 7576//1 7577//1 7678//1 7677//1
f 7577//1 7578//1 7679//1 7678//1
f 7578//1 7579//1 7680//1 7679//1
f 7579//2 7580//2 7681//2 7680//2
f 7580//3 7581//3 7682//3 7681//3
f 7581//3 7582//3 7683//3 7682//3
f 7582//4 7583//4 7684//4 7683//4
f 7583//5 7584//5 7685//5 7684//5
f 7584//5 7585//5 7686//5 7685//5
f 7585//6 7586//6 7687//6 7686//6
f 7586//7 7587//7 7688//7 7687//7
f 7587//7 7588//7 7689//7 7688//7
f 7588//8 7589//8 7690//8 7689//8
f 7589//9 7590//9 7691//9 7690//9
f 7590//9 7591//9 7692//9 7691//9
f 7591//9 7592//9 7693//9 7692//9
f 7592//10 7593//10 7694//10 7693//10
f 7593//11 7594//11 7695//11 7694//11
f 7594//11 7595//11 7696//11 7695//11
f 7595//12 7596//12 7697//12 7696//12
f 7596//13 7597//13 7698//13 7697//13
f 7597//13 7598//13 7699//13 7698//13
f 7598//14 7599//14 7700//14 7699//14
f 7599//15 7600//15 7701//15 7700//15
f 7600//15 7601//15 7702//15 7701//15
f 7601//16 7602//16 7703//16 7702//16
f 7602//17 7603//17 7704//17 7703//17
f 7603//17 7604//17 7705//17 7704//17
f 7604//17 7605//17 7706//17 7705//17
f 7605//18 7606//18 7707//18 7706//18
f 7606//19 7607//19 7708//19 7707//19
f 7607//19 7608//19 7709//19 7708//19
f 7608//20 7609//20 7710//20 7709//20
f 7609//21 7610//21 7711//21 7710//21
f 7610//21 7611//21 7712//21 7711//21
f 7611//22 7612//22 7713//22 7712//22
f 7612//23 7613//23 7714//23 7713//23
f 7613//23 7614//23 7715//23 7714//23
f 7614//24 7615//24 7716//24 7715//24
f 7615//25 7616//25 7717//25 7716//25
f 7616//25 7617//25 7718//25 7717//25
f 7617//26 7618//26 7719//26 7718//26
f 7618//27 7619//27 7720//27 7719//27
f 7619//27 7620//27 7721//27 7720//27
f 7620//27 7621//27 7722//27 7721//27
f 7621//28 7622//28 7723//28 7722//28
f 7622//29 7623//29 7724//29 7723//29
f 7623//29 7624//29 7725//29 7724//29
f 7624//30 7625//30 7726//30 7725//30
f 7625//31 7626//31 7727//31 7726//31
f 7626//31 7627//31 7728//31 7727//31
f 7627//32 7628//32 7729//32 7728//32
f 7628//33 7629//33 7730//33 7729//33
f 7629//33 7630//33 7731//33 7730//33
f 7630//34 7631//34 7732//34 7731//34
f 7631//35 7632//35 7733//35 7732//35
f 7632//35 7633//35 7734//35 7733//35
f 7633//35 7634//35 7735//35 7734//35
f 7634//36 7635//36 7736//36 7735//36
f 7635//37 7636//37 7737//37 7736//37
f 7636//37 7637//37 7738//37 7737//37
f 7637//38 7638//38 7739//38 7738//38
f 7638//39 7639//39 7740//39 7739//39
f 7639//39 7640//39 7741//39 7740//39
f 7640//40 7641//40 7742//40 7741//40
f 7641//41 7642//41 7743//41 7742//41
f 7642//41 7643//41 7744//41 7743//41
f 7643//42 7644//42 7745//42 7744//42
f 7644//43 7645//43 7746//43 7745//43
f 7645//43 7646//43 7747//43 7746//43
f 7646//44 7647//44 7748//44 7747//44
f 7647//45 7648//45 7749//45 7748//45
f 7648//45 7649//45 7750//45 7749//45
f 7649//45 7650//45 7751//45 7750//45
f 7650//46 7651//46 7752//46 7751//46
f 7651//47 7652//47 7753//47 7752//47
f 7652//47 7653//47 7754//47 7753//47
f 7653//48 7654//48 7755//48 7754//48
f 7654//49 7655//49 7756//49 7755//49
f 7655//49 7656//49 7757//49 7756//49
f 7656//50 7657//50 7758//50 7757//50
f 7657//51 7658//51 7759//51 7758//51
f 7658//51 7659//51 7760//51 7759//51
f 7659//52 7660//52 7761//52 7760//52
f 7660//53 7661//53 7762//53 7761//53
f 7661//53 7662//53 7763//53 7762//53
f 7662//53 7663//53 7764//53 7763//53
f 7663//54 7664//54 7765//54 7764//54
f 7664//55 7665//55 7766//55 7765//55
f 7665//55 7666//55 7767//55 7766//55
f 7666//56 7667//56 7768//56 7767//56
f 7667//57 7668//57 7769//57 7768//57
f 7668//57 7669//57 7770//57 7769//57
f 7669//58 7670//58 7771//58 7770//58
f 7670//59 7671//59 7772//59 7771//59
f 7671//59 7672//59 7773//59 7772//59
f 7672//60 7673//60 7774//60 7773//60
f 7673//61 7674//61 7775//61 7774//61
f 7674//61 7675//61 7776//61 7775//61
f 7675//61 7676//61 7777//61 7776//61
f 7677//1 7678//1 7779//1 7778//1
f 7678//1 7679//1 7780//1 7779//1
f 7679//1 7680//1 7781//1 7780//1
f 7680//2 7681//2 7782//2 7781//2
f 7681//3 7682//3 7783//3 7782//3
f 7682//3 7683//3 7784//3 7783//3
f 7683//4 7684//4 7785//4 7784//4
f 7684//5 7685//5 7786//5 7785//5
f 7685//5 7686//5 7787//5 7786//5
f 7686//6 7687//6 7788//6 7787//6
f 7687//7 7688//7 7789//7 7788//7
f 7688//7 7689//7 7790//7 7789//7
f 7689//8 7690//8 7791//8 7790//8
f 7690//9 7691//9 7792//9 7791//9
f 7691//9 7692//9 7793//9 7792//9
f 7692//9 7693//9 7794//9 7793//9
f 7693//10 7694//10 7795//10 7794//10
f 7694//11 7695//11 7796//11 7795//11
f 7695//11 7696//11 7797//11 7796//11
f 7696//12 7697//12 7798//12 7797//12
f 7697//13 7698//13 7799//13 7798//13
f 7698//13 7699//13 7800//13 7799//13
f 7699//14 7700//14 7801//14 7800//14
f 7700//15 7701//15 7802//15 7801//15
f 7701//15 7702//15 7803//15 7802//15
f 7702//16 7703//16 7804//16 7803//16
f 7703//17 7704//17 7805//17 7804//17
f 7704//17 7705//17 7806//17 7805//17
f 7705//17 7706//17 7807//17 7806//17
f 7706//18 7707//18 7808//18 7807//18
f 7707//19 7708//19 7809//19 7808//19
f 7708//19 7709//19 7810//19 7809//19
f 7709//20 7710//20 7811//20 7810//20
f 7710//21 7711//21 7812//21 7811//21
f 7711//21 7712//21 7813//21 7812//21
f 7712//22 7713//22 7814//22 7813//22
f 7713//23 7714//23 7815//23 7814//23
f 7714//23 7715//23 7816//23 7815//23
f 7715//24 7716//24 7817//24 7816//24
f 7716//25 7717//25 7818//25 7817//25
f 7717//25 7718//25 7819//25 7818//25
f 7718//26 7719//26 7820//26 7819//26
f 7719//27 7720//27 7821//27 7820//27
f 7720//27 7721//27 7822//27 7821//27
f 7721//27 7722//27 7823//27 7822//27
f 7722//28 7723//28 7824//28 7823//28
f 7723//29 7724//29 7825//29 7824//29
f 7724//29 7725//29 7826//29 7825//29
f 7725//30 7726//30 7827//30 7826//30
f 7726//31 7727//31 7828//31 7827//31
f 7727//31 7728//31 7829//31 7828//31
f 7728//32 7729//32 7830//32 7829//32
f 7729//33 7730//33 7831//33 7830//33
f 7730//33 7731//33 7832//33 7831//33
f 7731//34 7732//34 7833//34 7832//34
f 7732//35 7733//35 7834//35 7833//35
f 7733//35 7734//35 7835//35 7834//35
f 7734//35 7735//35 7836//35 7835//35
f 7735//36 7736//36 7837//36 7836//36
f 7736//37 7737//37 7838//37 7837//37
f 7737//37 7738//37 7839//37 7838//37
f 7738//38 7739//38 7840//38 7839//38
f 7739//39 7740//39 7841//39 7840//39
f 7740//39 7741//39 7842//39 7841//39
f 7741//40 7742//40 7843//40 7842//40
f 7742//41 7743//41 7844//41 7843//41
f 7743//41 7744//41 7845//41 7844//41
f 7744//42 7745//42 7846//42 7845//42
f 7745//43 7746//43 7847//43 7846//43
f 7746//43 7747//43 7848//43 7847//43
f 7747//44 7748//44 7849//44 7848//44
f 7748//45 7749//45 7850//45 7849//45
f 7749//45 7750//45 7851//45 7850//45
f 7750//45 7751//45 7852//45 7851//45
f 7751//46 7752//46 7853//46 7852//46
f 7752//47 7753//47 7854//47 7853//47
f 7753//47 7754//47 7855//47 7854//47
f 7754//48 7755//48 7856//48 7855//48
f 7755//49 7756//49 7857//49 7856//49
f 7756//49 7757//49 7858//49 7857//49
f 7757//50 7758//50 7859//50 7858//50
f 7758//51 7759//51 7860//51 7859//51
f 7759//51 7760//51 7861//51 7860//51
f 7760//52 7761//52 7862//52 7861//52
f 7761//53 7762//53 7863//53 7862//53
f 7762//53 7763//53 7864//53 7863//53
f 7763//53 7764//53 7865//53 7864//53
f 7764//54 7765//54 7866//54 7865//54
f 7765//55 7766//55 7867//55 7866//55
f 7766//55 7767//55 7868//55 7867//55
f 7767//56 7768//56 7869//56 7868//56
f 7768//57 7769//57 7870//57 7869//57
f 7769//57 7770//57 7871//57 7870//57
f 7770//58 7771//58 7872//58 7871//58
f 7771//59 7772//59 7873//59 7872//59
f 7772//59 7773//59 7874//59 7873//59
f 7773//60 7774//60 7875//60 7874//60
f 7774//61 7775//61 7876//61 7875//61
f 7775//61 7776//61 7877//61 7876//61
f 7776//61 7777//61 7878//61 7877//61
f 7778//1 7779//1 7880//1 7879//1
f 7779//1 7780//1 7881//1 7880//1
f 7780//1 7781//1 7882//1 7881//1
f 7781//2 7782//2 7883//2 7882//2
f 7782//3 7783//3 7884//3 7883//3
f 7783//3 7784//3 7885//3 7884//3
f 7784//4 7785//4 7886//4 7885//4
f 7785//5 7786//5 7887//5 7886//5
f 7786//5 7787//5 7888//5 7887//5
f 7787//6 7788//6 7889//6 7888//6
f 7788//7 7789//7 7890//7 7889//7
f 7789//7 7790//7 7891//7 7890//7
f 7790//8 7791//8 7892//8 7891//8
f 7791//9 7792//9 7893//9 7892//9
f 7792//9 7793//9 7894//9 7893//9
f 7793//9 7794//9 7895//9 7894//9
f 7794//10 7795//10 7896//10 7895//10
f 7795//11 7796//11 7897//11 7896//11
f 7796//11 7797//11 7898//11 7897//11
f 7797//12 7798//12 7899//12 7898//12
f 7798//13 7799//13 7900//13 7899//13
f 7799//13 7800//13 7901//13 7900//13
f 7800//14 7801//14 7902//14 7901//14
f 7801//15 7802//15 7903//15 7902//15
f 7802//15 7803//15 7904//15 7903//15
f 7803//16 7804//16 7905//16 7904//16
f 7804//17 7805//17 7906//17 7905//17
f 7805//17 7806//17 7907//17 7906//17
f 7806//17 7807//17 7908//17 7907//17
f 7807//18 7808//18 7909//18 7908//18
f 7808//19 7809//19 7910//19 7909//19
f 7809//19 7810//19 7911//19 7910//19
f 7810//20 7811//20 7912//20 7911//20
f 7811//21 7812//21 7913//21 7912//21
f 7812//21 7813//21 7914//21 7913//21
f 7813//22 7814//22 7915//22 7914//22
f 7814//23 7815//23 7916//23 7915//23
f 7815//23 7816//23 7917//23 7916//23
f 7816//24 7817//24 7918//24 7917//24
f 7817//25 7818//25 7919//25 7918//25
f 7818//25 7819//25 7920//25 7919//25
f 7819//26 7820//26 7921//26 7920//26
f 7820//27 7821//27 7922//27 7921//27
f 7821//27 7822//27 7923//27 7922//27
f 7822//27 7823//27 7924//27 7923//27
f 7823//28 7824//28 7925//28 7924//28
f 7824//29 7825//29 7926//29 7925//29
f 7825//29 7826//29 7927//29 7926//29
f 7826//30 7827//30 7928//30 7927//30
f 7827//31 7828//31 7929//31 7928//31
f 7828//31 7829//31 7930//31 7929//31
f 7829//32 7830//32 7931//32 7930//32
f 7830//33 7831//33 7932//33 7931//33
f 7831//33 7832//33 7933//33 7932//33
f 7832//34 7833//34 7934//34 7933//34
f 7833//35 7834//35 7935//35 7934//35
f 7834//35 7835//35 7936//35 7935//35
f 7835//35 7836//35 7937//35 7936//35
f 7836//36 7837//36 7938//36 7937//36
f 7837//37 7838//37 7939//37 7938//37
f 7838//37 7839//37 7940//37 7939//37
f 7839//38 7840//38 7941//38 7940//38
f 7840//39 7841//39 7942//39 7941//39
f 7841//39 7842//39 7943//39 7942//39
f 7842//40 7843//40 7944//40 7943//40
f 7843//41 7844//41 7945//41 7944//41
f 7844//41 7845//41 7946//41 7945//41
f 7845//42 7846//42 7947//42 7946//42
f 7846//43 7847//43 7948//43 7947//43
f 7847//43 7848//43 7949//43 7948//43
f 7848//44 7849//44 7950//44 7949//44
f 7849//45 7850//45 7951//45 7950//45
f 7850//45 7851//45 7952//45 7951//45
f 7851//45 7852//45 7953//45 7952//45
f 7852//46 7853//46 7954//46 7953//46
f 7853//47 7854//47 7955//47 7954//47
f 7854//47 7855//47 7956//47 7955//47
f 7855//48 7856//48 7957//48 7956//48
f 7856//49 7857//49 7958//49 7957//49
f 7857//49 7858//49 7959//49 7958//49
f 7858//50 7859//50 7960//50 7959//50
f 7859//51 7860//51 7961//51 7960//51
f 7860//51 7861//51 7962//51 7961//51
f 7861//52 7862//52 7963//52 7962//52
f 7862//53 7863//53 7964//53 7963//53
f 7863//53 7864//53 7965//53 7964//53
f 7864//53 7865//53 7966//53 7965//53
f 7865//54 7866//54 7967//54 7966//54
f 7866//55 7867//55 7968//55 7967//55
f 7867//55 7868//55 7969//55 7968//55
f 7868//56 7869//56 7970//56 7969//56
f 7869//57 7870//57 7971//57 7970//57
f 7870//57 7871//57 7972//57 7971//57
f 7871//58 7872//58 7973//58 7972//58
f 7872//59 7873//59 7974//59 7973//59
f 7873//59 7874//59 7975//59 7974//59
f 7874//60 7875//60 7976//60 7975//60
f 7875//61 7876//61 7977//61 7976//61
f 7876//61 7877//61 7978//61 7977//61
f 7877//61 7878//61 7979//61 7978//61
f 7879//1 7880//1 7981//1 7980//1
f 7880//1 7881//1 7982//1 7981//1
f 7881//1 7882//1 7983//1 7982//1
f 7882//2 7883//2 7984//2 7983//2
f 7883//3 7884//3 7985//3 7984//3
f 7884//3 7885//3 7986//3 7985//3
f 7885//4 7886//4 7987//4 7986//4
f 7886//5 7887//5 7988//5 7987//5
f 7887//5 7888//5 7989//5 7988//5
f 7888//6 7889//6 7990//6 7989//6
f 7889//7 7890//7 7991//7 7990//7
f 7890//7 7891//7 7992//7 7991//7
f 7891//8 7892//8 7993//8 7992//8
f 7892//9 7893//9 7994//9 7993//9
f 7893//9 7894//9 7995//9 7994//9
f 7894//9 7895//9 7996//9 7995//9
f 7895//10 7896//10 7997//10 7996//10
f 7896//11 7897//11 7998//11 7997//11
f 7897//11 7898//11 7999//11 7998//11
f 7898//12 7899//12 8000//12 7999//12
f 7899//13 7900//13 8001//13 8000//13
f 7900//13 7901//13 8002//13 8001//13
f 7901//14 7902//14 8003//14 8002//14
f 7902//15 7903//15 8004//15 8003//15
f 7903//15 7904//15 8005//15 8004//15
f 7904//16 7905//16 8006//16 8005//16
f 7905//17 7906//17 8007//17 8006//17
f 7906//17 7907//17 8008//17 8007//17
f 7907//17 7908//17 8009//17 8008//17
f 7908//18 7909//18 8010//18 8009//18
f 7909//19 7910//19 8011//19 8010//19
f 7910//19 7911//19 8012//19 8011//19
f 7911//20 7912//20 8013//20 8012//20
f 7912//21 7913//21 8014//21 8013//21
f 7913//21 7914//21 8015//21 8014//21
f 7914//22 7915//22 8016//22 8015//22
f 7915//23 7916//23 8017//23 8016//23
f 7916//23 7917//23 8018//23 8017//23
f 7917//24 7918//24 8019//24 8018//24
f 7918//25 7919//25 8020//25 8019//25
f 7919//25 7920//25 8021//25 8020//25
f 7920//26 7921//26 8022//26 8021//26
f 7921//27 7922//27 8023//27 8022//27
f 7922//27 7923//27 8024//27 8023//27
f 7923//27 7924//27 8025//27 8024//27
f 7924//28 7925//28 8026//28 8025//28
f 7925//29 7926//29 8027//29 8026//29
f 7926//29 7927//29 8028//29 8027//29
f 7927//30 7928//30 8029//30 8028//30
f 7928//31 7929//31 8030//31 8029//31
f 7929//31 7930//31 8031//31 8030//31
f 7930//32 7931//32 8032//32 8031//32
f 7931//33 7932//33 8033//33 8032//33
f 7932//33 7933//33 8034//33 8033//33
f 7933//34 7934//34 8035//34 8034//34
f 7934//35 7935//35 8036//35 8035//35
f 7935//35 7936//35 8037//35 8036//35
f 7936//35 7937//35 8038//35 8037//35
f 7937//36 7938//36 8039//36 8038//36
f 7938//37 7939//37 8040//37 8039//37
f 7939//37 7940//37 8041//37 8040//37
f 7940//38 7941//38 8042//38 8041//38
f 7941//39 7942//39 8043//39 8042//39
f 7942//39 7943//39 8044//39 8043//39
f 7943//40 7944//40 8045//40 8044//40
f 7944//41 7945//41 8046//41 8045//41
f 7945//41 7946//41 8047//41 8046//41
f 7946//42 7947//42 8048//42 8047//42
f 7947//43 7948//43 8049//43 8048//43
f 7948//43 7949//43 8050//43 8049//43
f 7949//44 7950//44 8051//44 8050//44
f 7950//45 7951//45 8052//45 8051//45
f 7951//45 7952//45 8053//45 8052//45
f 7952//45 7953//45 8054//45 8053//45
f 7953//46 7954//46 8055//46 8054//46
f 7954//47 7955//47 8056//47 8055//47
f 7955//47 7956//47 8057//47 8056//47
f 7956//48 7957//48 8058//48 8057//48
f 7957//49 7958//49 8059//49 8058//49
f 7958//49 7959//49 8060//49 8059//49
f 7959//50 7960//50 8061//50 8060//50
f 7960//51 7961//51 8062//51 8061//51
f 7961//51 7962//51 8063//51 8062//51
f 7962//52 7963//52 8064//52 8063//52
f 7963//53 7964//53 8065//53 8064//53
f 7964//53 7965//53 8066//53 8065//53
f 7965//53 7966//53 8067//53 8066//53
f 7966//54 7967//54 8068//54 8067//54
f 7967//55 7968//55 8069//55 8068//55
f 7968//55 7969//55 8070//55 8069//55
f 7969//56 7970//56 8071//56 8070//56
f 7970//57 7971//57 8072//57 8071//57
f 7971//57 7972//57 8073//57 8072//57
f 7972//58 7973//58 8074//58 8073//58
f 7973//59 7974//59 8075//59 8074//59
f 7974//59 7975//59 8076//59 8075//59
f 7975//60 7976//60 8077//60 8076//60
f 7976//61 7977//61 8078//61 8077//61
f 7977//61 7978//61 8079//61 8078//61
f 7978//61 7979//61 8080//61 8079//61
f 7980//1 7981//1 8082//1 8081//1
f 7981//1 7982//1 8083//1 8082//1
f 7982//1 7983//1 8084//1 8083//1
f 7983//2 7984//2 8085//2 8084//2
f 7984//3 7985//3 8086//3 8085//3
f 7985//3 7986//3 8087//3 8086//3
f 7986//4 7987//4 8088//4 8087//4
f 7987//5 7988//5 8089//5 8088//5
f 7988//5 7989//5 8090//5 8089//5
f 7989//6 7990//6 8091//6 8090//6
f 7990//7 7991//7 8092//7 8091//7
f 7991//7 7992//7 8093//7 8092//7
f 7992//8 7993//8 8094//8 8093//8
f 7993//9 7994//9 8095//9 8094//9
f 7994//9 7995//9 8096//9 8095//9
f 7995//9 7996//9 8097//9 8096//9
f 7996//10 7997//10 8098//10 8097//10
f 7997//11 7998//11 8099//11 8098//11
f 7998//11 7999//11 8100//11 8099//11
f 7999//12 8000//12 8101//12 8100//12
f 8000//13 8001//13 8102//13 8101//13
f 8001//13 8002//13 8103//13 8102//13
f 8002//14 8003//14 8104//14 8103//14
f 8003//15 8004//15 8105//15 8104//15
f 8004//15 8005//15 8106//15 8105//15
f 8005//16 8006//16 8107//16 8106//16
f 8006//17 8007//17 8108//17 8107//17
f 8007//17 8008//17 8109//17 8108//17
f 8008//17 8009//17 8110//17 8109//17
f 8009//18 8010//18 8111//18 8110//18
f 8010//19 8011//19 8112//19 8111//19
f 8011//19 8012//19 8113//19 8112//19
f 8012//20 8013//20 8114//20 8113//20
f 8013//21 8014//21 8115//21 8114//21
f 8014//21 8015//21 8116//21 8115//21
f 8015//22 8016//22 8117//22 8116//22
f 8016//23 8017//23 8118//23 8117//23
f 8017//23 8018//23 8119//23 8118//23
f 8018//24 8019//24 8120//24 8119//24
f 8019//25 8020//25 8121//25 8120//25
f 8020//25 8021//25 8122//25 8121//25
f 8021//26 8022//26 8123//26 8122//26
f 8022//27 8023//27 8124//27 8123//27
f 8023//27 8024//27 8125//27 8124//27
f 8024//27 8025//27 8126//27 8125//27
f 8025//28 8026//28 8127//28 8126//28
f 8026//29 8027//29 8128//29 8127//29
f 8027//29 8028//29 8129//29 8128//29
f 8028//30 8029//30 8130//30 8129//30
f 8029//31 8030//31 8131//31 8130//31
f 8030//31 8031//31 8132//31 8131//31
f 8031//32 8032//32 8133//32 8132//32
f 8032//33 8033//33 8134//33 8133//33
f 8033//33 8034//33 8135//33 8134//33
f 8034//34 8035//34 8136//34 8135//34
f 8035//35 8036//35 8137//35 8136//35
f 8036//35 8037//35 8138//35 8137//35
f 8037//35 8038//35 8139//35 8138//35
f 8038//36 8039//36 8140//36 8139//36
f 8039//37 8040//37 8141//37 8140//37
f 8040//37 8041//37 8142//37 8141//37
f 8041//38 8042//38 8143//38 8142//38
f 8042//39 8043//39 8144//39 8143//39
f 8043//39 8044//39 8145//39 8144//39
f 8044//40 8045//40 8146//40 8145//40
f 8045//41 8046//41 8147//41 8146//41
f 8046//41 8047//41 8148//41 8147//41
f 8047//42 8048//42 8149//42 8148//42
f 8048//43 8049//43 8150//43 8149//43
f 8049//43 8050//43 8151//43 8150//43
f 8050//44 8051//44 8152//44 8151//44
f 8051//45 8052//45 8153//45 8152//45
f 8052//45 8053//45 8154//45 8153//45
f 8053//45 8054//45 8155//45 8154//45
f 8054//46 8055//46 8156//46 8155//46
f 8055//47 8056//47 8157//47 8156//47
f 8056//47 8057//47 8158//47 8157//47
f 8057//48 8058//48 8159//48 8158//48
f 8058//49 8059//49 8160//49 8159//49
f 8059//49 8060//49 8161//49 8160//49
f 8060//50 8061//50 8162//50 8161//50
f 8061//51 8062//51 8163//51 8162//51
f 8062//51 8063//51 8164//51 8163//51
f 8063//52 8064//52 8165//52 8164//52
f 8064//53 8065//53 8166//53 8165//53
f 8065//53 8066//53 8167//53 8166//53
f 8066//53 8067//53 8168//53 8167//53
f 8067//54 8068//54 8169//54 8168//54
f 8068//55 8069//55 8170//55 8169//55
f 8069//55 8070//55 8171//55 8170//55
f 8070//56 8071//56 8172//56 8171//56
f 8071//57 8072//57 8173//57 8172//57
f 8072//57 8073//57 8174//57 8173//57
f 8073//58 8074//58 8175//58 8174//58
f 8074//59 8075//59 8176//59 8175//59
f 8075//59 8076//59 8177//59 8176//59
f 8076//60 8077//60 8178//60 8177//60
f 8077//61 8078//61 8179//61 8178//61
f 8078//61 8079//61 8180//61 8179//61
f 8079//61 8080//61 8181//61 8180//61
f 8081//1 8082//1 8183//1 8182//1
f 8082//1 8083//1 8184//1 8183//1
f 8083//1 8084//1 8185//1 8184//1
f 8084//2 8085//2 8186//2 8185//2
f 8085//3 8086//3 8187//3 8186//3
f 8086//3 8087//3 8188//3 8187//3
f 8087//4 8088//4 8189//4 8188//4
f 8088//5 8089//5 8190//5 8189//5
f 8089//5 8090//5 8191//5 8190//5
f 8090//6 8091//6 8192//6 8191//6
f 8091//7 8092//7 8193//7 8192//7
f 8092//7 8093//7 8194//7 8193//7
f 8093//8 8094//8 8195//8 8194//8
f 8094//9 8095//9 8196//9 8195//9
f 8095//9 8096//9 8197//9 8196//9
f 8096//9 8097//9 8198//9 8197//9
f 8097//10 8098//10 8199//10 8198//10
f 8098//11 8099//11 8200//11 8199//11
f 8099//11 8100//11 8201//11 8200//11
f 8100//12 8101//12 8202//12 8201//12
f 8101//13 8102//13 8203//13 8202//13
f 8102//13 8103//13 8204//13 8203//13
f 8103//14 8104//14 8205//14 8204//14
f 8104//15 8105//15 8206//15 8205//15
f 8105//15 8106//15 8207//15 8206//15
f 8106//16 8107//16 8208//16 8207//16
f 8107//17 8108//17 8209//17 8208//17
f 8108//17 8109//17 8210//17 8209//17
f 8109//17 8110//17 8211//17 8210//17
f 8110//18 8111//18 8212//18 8211//18
f 8111//19 8112//19 8213//19 8212//19
f 8112//19 8113//19 8214//19 8213//19
f 8113//20 8114//20 8215//20 8214//20
f 8114//21 8115//21 8216//21 8215//21
f 8115//21 8116//21 8217//21 8216//21
f 8116//22 8117//22 8218//22 8217//22
f 8117//23 8118//23 8219//23 8218//23
f 8118//23 8119//23 8220//23 8219//23
f 8119//24 8120//24 8221//24 8220//24
f 8120//25 8121//25 8222//25 8221//25
f 8121//25 8122//25 8223//25 8222//25
f 8122//26 8123//26 8224//26 8223//26
f 8123//27 8124//27 8225//27 8224//27
f 8124//27 8125//27 8226//27 8225//27
f 8125//27 8126//27 8227//27 8226//27
f 8126//28 8127//28 8228//28 8227//28
f 8127//29 8128//29 8229//29 8228//29
f 8128//29 8129//29 8230//29 8229//29
f 8129//30 8130//30 8231//30 8230//30
f 8130//31 8131//31 8232//31 8231//31
f 8131//31 8132//31 8233//31 8232//31
f 8132//32 8133//32 8234//32 8233//32
f 8133//33 8134//33 8235//33 8234//33
f 8134//33 8135//33 8236//33 8235//33
f 8135//34 8136//34 8237//34 8236//34
f 8136//35 8137//35 8238//35 8237//35
f 8137//35 8138//35 8239//35 8238//35
f 8138//35 8139//35 8240//35 8239//35
f 8139//36 8140//36 8241//36 8240//36
f 8140//37 8141//37 8242//37 8241//37
f 8141//37 8142//37 8243//37 8242//37
f 8142//38 8143//38 8244//38 8243//38
f 8143//39 8144//39 8245//39 8244//39
f 8144//39 8145//39 8246//39 8245//39
f 8145//40 8146//40 8247//40 8246//40
f 8146//41 8147//41 8248//41 8247//41
f 8147//41 8148//41 8249//41 8248//41
f 8148//42 8149//42 8250//42 8249//42
f 8149//43 8150//43 8251//43 8250//43
f 8150//43 8151//43 8252//43 8251//43
f 8151//44 8152//44 8253//44 8252//44
f 8152//45 8153//45 8254//45 8253//45
f 8153//45 8154//45 8255//45 8254//45
f 8154//45 8155//45 8256//45 8255//45
f 8155//46 8156//46 8257//46 8256//46
f 8156//47 8157//47 8258//47 8257//47
f 8157//47 8158//47 8259//47 8258//47
f 8158//48 8159//48 8260//48 8259//48
f 8159//49 8160//49 8261//49 8260//49
f 8160//49 8161//49 8262//49 8261//49
f 8161//50 8162//50 8263//50 8262//50
f 8162//51 8163//51 8264//51 8263//51
f 8163//51 8164//51 8265//51 8264//51
f 8164//52 8165//52 8266//52 8265//52
f 8165//53 8166//53 8267//53 8266//53
f 8166//53 8167//53 8268//53 8267//53
f 8167//53 8168//53 8269//53 8268//53
f 8168//54 8169//54 8270//54 8269//54
f 8169//55 8170//55 8271//55 8270//55
f 8170//55 8171//55 8272//55 8271//55
f 8171//56 8172//56 8273//56 8272//56
f 8172//57 8173//57 8274//57 8273//57
f 8173//57 8174//57 8275//57 8274//57
f 8174//58 8175//58 8276//58 8275//58
f 8175//59 8176//59 8277//59 8276//59
f 8176//59 8177//59 8278//59 8277//59
f 8177//60 8178//60 8279//60 8278//60
f 8178//61 8179//61 8280//61 8279//61
f 8179//61 8180//61 8281//61 8280//61
f 8180//61 8181//61 8282//61 8281//61
f 8182//1 8183//1 8284//1 8283//1
f 8183//1 8184//1 8285//1 8284//1
f 8184//1 8185//1 8286//1 8285//1
f 8185//2 8186//2 8287//2 8286//2
f 8186//3 8187//3 8288//3 8287//3
f 8187//3 8188//3 8289//3 8288//3
f 8188//4 8189//4 8290//4 8289//4
f 8189//5 8190//5 8291//5 8290//5
f 8190//5 8191//5 8292//5 8291//5
f 8191//6 8192//6 8293//6 8292//6
f 8192//7 8193//7 8294//7 8293//7
f 8193//7 8194//7 8295//7 8294//7
f 8194//8 8195//8 8296//8 8295//8
f 8195//9 8196//9 8297//9 8296//9
f 8196//9 8197//9 8298//9 8297//9
f 8197//9 8198//9 8299//9 8298//9
f 8198//10 8199//10 8300//10 8299//10
f 8199//11 8200//11 8301//11 8300//11
f 8200//11 8201//11 8302//11 8301//11
f 8201//12 8202//12 8303//12 8302//12
f 8202//13 8203//13 8304//13 8303//13
f 8203//13 8204//13 8305//13 8304//13
f 8204//14 8205//14 8306//14 8305//14
f 8205//15 8206//15 8307//15 8306//15
f 8206//15 8207//15 8308//15 8307//15
f 8207//16 8208//16 8309//16 8308//16
f 8208//17 8209//17 8310//17 8309//17
f 8209//17 8210//17 8311//17 8310//17
f 8210//17 8211//17 8312//17 8311//17
f 8211//18 8212//18 8313//18 8312//18
f 8212//19 8213//19 8314//19 8313//19
f 8213//19 8214//19 8315//19 8314//19
f 8214//20 8215//20 8316//20 8315//20
f 8215//21 8216//21 8317//21 8316//21
f 8216//21 8217//21 8318//21 8317//21
f 8217//22 8218//22 8319//22 8318//22
f 8218//23 8219//23 8320//23 8319//23
f 8219//23 8220//23 8321//23 8320//23
f 8220//24 8221//24 8322//24 8321//24
f 8221//25 8222//25 8323//25 8322//25
f 8222//25 8223//25 8324//25 8323//25
f 8223//26 8224//26 8325//26 8324//26
f 8224//27 8225//27 8326//27 8325//27
f 8225//27 8226//27 8327//27 8326//27
f 8226//27 8227//27 8328//27 8327//27
f 8227//28 8228//28 8329//28 8328//28
f 8228//29 8229//29 8330//29 8329//29
f 8229//29 8230//29 8331//29 8330//29
f 8230//30 8231//30 8332//30 8331//30
f 8231//31 8232//31 8333//31 8332//31
f 8232//31 8233//31 8334//31 8333//31
f 8233//32 8234//32 8335//32 8334//32
f 8234//33 8235//33 8336//33 8335//33
f 8235//33 8236//33 8337//33 8336//33
f 8236//34 8237//34 8338//34 8337//34
f 8237//35 8238//35 8339//35 8338//35
f 8238//35 8239//35 8340//35 8339//35
f 8239//35 8240//35 8341//35 8340//35
f 8240//36 8241//36 8342//36 8341//36
f 8241//37 8242//37 8343//37 8342//37
f 8242//37 8243//37 8344//37 8343//37
f 8243//38 8244//38 8345//38 8344//38
f 8244//39 8245//39 8346//39 8345//39
f 8245//39 8246//39 8347//39 8346//39
f 8246//40 8247//40 8348//40 8347//40
f 8247//41 8248//41 8349//41 8348//41
f 8248//41 8249//41 8350//41 8349//41
f 8249//42 8250//42 8351//42 8350//42
f 8250//43 8251//43 8352//43 8351//43
f 8251//43 8252//43 8353//43 8352//43
f 8252//44 8253//44 8354//44 8353//44
f 8253//45 8254//45 8355//45 8354//45
f 8254//45 8255//45 8356//45 8355//45
f 8255//45 8256//45 8357//45 8356//45
f 8256//46 8257//46 8358//46 8357//46
f 8257//47 8258//47 8359//47 8358//47
f 8258//47 8259//47 8360//47 8359//47
f 8259//48 8260//48 8361//48 8360//48
f 8260//49 8261//49 8362//49 8361//49
f 8261//49 8262//49 8363//49 8362//49
f 8262//50 8263//50 8364//50 8363//50
f 8263//51 8264//51 8365//51 8364//51
f 8264//51 8265//51 8366//51 8365//51
f 8265//52 8266//52 8367//52 8366//52
f 8266//53 8267//53 8368//53 8367//53
f 8267//53 8268//53 8369//53 8368//53
f 8268//53 8269//53 8370//53 8369//53
f 8269//54 8270//54 8371//54 8370//54
f 8270//55 8271//55 8372//55 8371//55
f 8271//55 8272//55 8373//55 8372//55
f 8272//56 8273//56 8374//56 8373//56
f 8273//57 8274//57 8375//57 8374//57
f 8274//57 8275//57 8376//57 8375//57
f 8275//58 8276//58 8377//58 8376//58
f 8276//59 8277//59 8378//59 8377//59
f 8277//59 8278//59 8379//59 8378//59
f 8278//60 8279//60 8380//60 8379//60
f 8279//61 8280//61 8381//61 8380//61
f 8280//61 8281//61 8382//61 8381//61
f 8281//61 8282//61 8383//61 8382//61
f 8283//1 8284//1 8385//1 8384//1
f 8284//1 8285//1 8386//1 8385//1
f 8285//1 8286//1 8387//1 8386//1
f 8286//2 8287//2 8388//2 8387//2
f 8287//3 8288//3 8389//3 8388//3
f 8288//3 8289//3 8390//3 8389//3
f 8289//4 8290//4 8391//4 8390//4
f 8290//5 8291//5 8392//5 8391//5
f 8291//5 8292//5 8393//5 8392//5
f 8292//6 8293//6 8394//6 8393//6
f 8293//7 8294//7 8395//7 8394//7
f 8294//7 8295//7 8396//7 8395//7
f 8295//8 8296//8 8397//8 8396//8
f 8296//9 8297//9 8398//9 8397//9
f 8297//9 8298//9 8399//9 8398//9
f 8298//9 8299//9 8400//9 8399//9
f 8299//10 8300//10 8401//10 8400//10
f 8300//11 8301//11 8402//11 8401//11
f 8301//11 8302//11 8403//11 8402//11
f 8302//12 8303//12 8404//12 8403//12
f 8303//13 8304//13 8405//13 8404//13
f 8304//13 8305//13 8406//13 8405//13
f 8305//14 8306//14 8407//14 8406//14
f 8306//15 8307//15 8408//15 8407//15
f 8307//15 8308//15 8409//15 8408//15
f 8308//16 8309//16 8410//16 8409//16
f 8309//17 8310//17 8411//17 8410//17
f 8310//17 8311//17 8412//17 8411//17
f 8311//17 8312//17 8413//17 8412//17
f 8312//18 8313//18 8414//18 8413//18
f 8313//19 8314//19 8415//19 8414//19
f 8314//19 8315//19 8416//19 8415//19
f 8315//20 8316//20 8417//20 8416//20
f 8316//21 8317//21 8418//21 8417//21
f 8317//21 8318//21 8419//21 8418//21
f 8318//22 8319//22 8420//22 8419//22
f 8319//23 8320//23 8421//23 8420//23
f 8320//23 8321//23 8422//23 8421//23
f 8321//24 8322//24 8423//24 8422//24
f 8322//25 8323//25 8424//25 8423//25
f 8323//25 8324//25 8425//25 8424//25
f 8324//26 8325//26 8426//26 8425//26
f 8325//27 8326//27 8427//27 8426//27
f 8326//27 8327//27 8428//27 8427//27
f 8327//27 8328//27 8429//27 8428//27
f 8328//28 8329//28 8430//28 8429//28
f 8329//29 8330//29 8431//29 8430//29
f 8330//29 8331//29 8432//29 8431//29
f 8331//30 8332//30 8433//30 8432//30
f 8332//31 8333//31 8434//31 8433//31
f 8333//31 8334//31 8435//31 8434//31
f 8334//32 8335//32 8436//32 8435//32
f 8335//33 8336//33 8437//33 8436//33
f 8336//33 8337//33 8438//33 8437//33
f 8337//34 8338//34 8439//34 8438//34
f 8338//35 8339//35 8440//35 8439//35
f 8339//35 8340//35 8441//35 8440//35
f 8340//35 8341//35 8442//35 8441//35
f 8341//36 8342//36 8443//36 8442//36
f 8342//37 8343//37 8444//37 8443//37
f 8343//37 8344//37 8445//37 8444//37
f 8344//38 8345//38 8446//38 8445//38
f 8345//39 8346//39 8447//39 8446//39
f 8346//39 8347//39 8448//39 8447//39
f 8347//40 8348//40 8449//40 8448//40
f 8348//41 8349//41 8450//41 8449//41
f 8349//41 8350//41 8451//41 8450//41
f 8350//42 8351//42 8452//42 8451//42
f 8351//43 8352//43 8453//43 8452//43
f 8352//43 8353//43 8454//43 8453//43
f 8353//44 8354//44 8455//44 8454//44
f 8354//45 8355//45 8456//45 8455//45
f 8355//45 8356//45 8457//45 8456//45
f 8356//45 8357//45 8458//45 8457//45
f 8357//46 8358//46 8459//46 8458//46
f 8358//47 8359//47 8460//47 8459//47
f 8359//47 8360//47 8461//47 8460//47
f 8360//48 8361//48 8462//48 8461//48
f 8361//49 8362//49 8463//49 8462//49
f 8362//49 8363//49 8464//49 8463//49
f 8363//50 8364//50 8465//50 8464//50
f 8364//51 8365//51 8466//51 8465//51
f 8365//51 8366//51 8467//51 8466//51
f 8366//52 8367//52 8468//52 8467//52
f 8367//53 8368//53 8469//53 8468//53
f 8368//53 8369//53 8470//53 8469//53
f 8369//53 8370//53 8471//53 8470//53
f 8370//54 8371//54 8472//54 8471//54
f 8371//55 8372//55 8473//55 8472//55
f 8372//55 8373//55 8474//55 8473//55
f 8373//56 8374//56 8475//56 8474//56
f 8374//57 8375//57 8476//57 8475//57
f 8375//57 8376//57 8477//57 8476//57
f 8376//58 8377//58 8478//58 8477//58
f 8377//59 8378//59 8479//59 8478//59
f 8378//59 8379//59 8480//59 8479//59
f 8379//60 8380//60 8481//60 8480//60
f 8380//61 8381//61 8482//61 8481//61
f 8381//61 8382//61 8483//61 8482//61
f 8382//61 8383//61 8484//61 8483//61
f 8384//1 8385//1 8486//1 8485//1
f 8385//1 8386//1 8487//1 8486//1
f 8386//1 8387//1 8488//1 8487//1
f 8387//2 8388//2 8489//2 8488//2
f 8388//3 8389//3 8490//3 8489//3
f 8389//3 8390//3 8491//3 8490//3
f 8390//4 8391//4 8492//4 8491//4
f 8391//5 8392//5 8493//5 8492//5
f 8392//5 8393//5 8494//5 8493//5
f 8393//6 8394//6 8495//6 8494//6
f 8394//7 8395//7 8496//7 8495//7
f 8395//7 8396//7 8497//7 8496//7
f 8396//8 8397//8 8498//8 8497//8
f 8397//9 8398//9 8499//9 8498//9
f 8398//9 8399//9 8500//9 8499//9
f 8399//9 8400//9 8501//9 8500//9
f 8400//10 8401//10 8502//10 8501//10
f 8401//11 8402//11 8503//11 8502//11
f 8402//11 8403//11 8504//11 8503//11
f 8403//12 8404//12 8505//12 8504//12
f 8404//13 8405//13 8506//13 8505//13
f 8405//13 8406//13 8507//13 8506//13
f 8406//14 8407//14 8508//14 8507//14
f 8407//15 8408//15 8509//15 8508//15
f 8408//15 8409//15 8510//15 8509//15
f 8409//16 8410//16 8511//16 8510//16
f 8410//17 8411//17 8512//17 8511//17
f 8411//17 8412//17 8513//17 8512//17
f 8412//17 8413//17 8514//17 8513//17
f 8413//18 8414//18 8515//18 8514//18
f 8414//19 8415//19 8516//19 8515//19
f 8415//19 8416//19 8517//19 8516//19
f 8416//20 8417//20 8518//20 8517//20
f 8417//21 8418//21 8519//21 8518//21
f 8418//21 8419//21 8520//21 8519//21
f 8419//22 8420//22 8521//22 8520//22
f 8420//23 8421//23 8522//23 8521//23
f 8421//23 8422//23 8523//23 8522//23
f 8422//24 8423//24 8524//24 8523//24
f 8423//25 8424//25 8525//25 8524//25
f 8424//25 8425//25 8526//25 8525//25
f 8425//26 8426//26 8527//26 8526//26
f 8426//27 8427//27 8528//27 8527//27
f 8427//27 8428//27 8529//27 8528//27
f 8428//27 8429//27 8530//27 8529//27
f 8429//28 8430//28 8531//28 8530//28
f 8430//29 8431//29 8532//29 8531//29
f 8431//29 8432//29 8533//29 8532//29
f 8432//30 8433//30 8534//30 8533//30
f 8433//31 8434//31 8535//31 8534//31
f 8434//31 8435//31 8536//31 8535//31
f 8435//32 8436//32 8537//32 8536//32
f 8436//33 8437//33 8538//33 8537//33
f 8437//33 8438//33 8539//33 8538//33
f 8438//34 8439//34 8540//34 8539//34
f 8439//35 8440//35 8541//35 8540//35
f 8440//35 8441//35 8542//35 8541//35
f 8441//35 8442//35 8543//35 8542//35
f 8442//36 8443//36 8544//36 8543//36
f 8443//37 8444//37 8545//37 8544//37
f 8444//37 8445//37 8546//37 8545//37
f 8445//38 8446//38 8547//38 8546//38
f 8446//39 8447//39 8548//39 8547//39
f 8447//39 8448//39 8549//39 8548//39
f 8448//40 8449//40 8550//40 8549//40
f 8449//41 8450//41 8551//41 8550//41
f 8450//41 8451//41 8552//41 8551//41
f 8451//42 8452//42 8553//42 8552//42
f 8452//43 8453//43 8554//43 8553//43
f 8453//43 8454//43 8555//43 8554//43
f 8454//44 8455//44 8556//44 8555//44
f 8455//45 8456//45 8557//45 8556//45
f 8456//45 8457//45 8558//45 8557//45
f 8457//45 8458//45 8559//45 8558//45
f 8458//46 8459//46 8560//46 8559//46
f 8459//47 8460//47 8561//47 8560//47
f 8460//47 8461//47 8562//47 8561//47
f 8461//48 8462//48 8563//48 8562//48
f 8462//49 8463//49 8564//49 8563//49
f 8463//49 8464//49 8565//49 8564//49
f 8464//50 8465//50 8566//50 8565//50
f 8465//51 8466//51 8567//51 8566//51
f 8466//51 8467//51 8568//51 8567//51
f 8467//52 8468//52 8569//52 8568//52
f 8468//53 8469//53 8570//53 8569//53
f 8469//53 8470//53 8571//53 8570//53
f 8470//53 8471//53 8572//53 8571//53
f 8471//54 8472//54 8573//54 8572//54
f 8472//55 8473//55 8574//55 8573//55
f 8473//55 8474//55 8575//55 8574//55
f 8474//56 8475//56 8576//56 8575//56
f 8475//57 8476//57 8577//57 8576//57
f 8476//57 8477//57 8578//57 8577//57
f 8477//58 8478//58 8579//58 8578//58
f 8478//59 8479//59 8580//59 8579//59
f 8479//59 8480//59 8581//59 8580//59
f 8480//60 8481//60 8582//60 8581//60
f 8481//61 8482//61 8583//61 8582//61
f 8482//61 8483//61 8584//61 8583//61
f 8483//61 8484//61 8585//61 8584//61
f 8485//1 8486//1 8587//1 8586//1
f 8486//1 8487//1 8588//1 8587//1
f 8487//1 8488//1 8589//1 8588//1
f 8488//2 8489//2 8590//2 8589//2
f 8489//3 8490//3 8591//3 8590//3
f 8490//3 8491//3 8592//3 8591//3
f 8491//4 8492//4 8593//4 8592//4
f 8492//5 8493//5 8594//5 8593//5
f 8493//5 8494//5 8595//5 8594//5
f 8494//6 8495//6 8596//6 8595//6
f 8495//7 8496//7 8597//7 8596//7
f 8496//7 8497//7 8598//7 8597//7
f 8497//8 8498//8 8599//8 8598//8
f 8498//9 8499//9 8600//9 8599//9
f 8499//9 8500//9 8601//9 8600//9
f 8500//9 8501//9 8602//9 8601//9
f 8501//10 8502//10 8603//10 8602//10
f 8502//11 8503//11 8604//11 8603//11
f 8503//11 8504//11 8605//11 8604//11
f 8504//12 8505//12 8606//12 8605//12
f 8505//13 8506//13 8607//13 8606//13
f 8506//13 8507//13 8608//13 8607//13
f 8507//14 8508//14 8609//14 8608//14
f 8508//15 8509//15 8610//15 8609//15
f 8509//15 8510//15 8611//15 8610//15
f 8510//16 8511//16 8612//16 8611//16
f 8511//17 8512//17 8613//17 8612//17
f 8512//17 8513//17 8614//17 8613//17
f 8513//17 8514//17 8615//17 8614//17
f 8514//18 8515//18 8616//18 8615//18
f 8515//19 8516//19 8617//19 8616//19
f 8516//19 8517//19 8618//19 8617//19
f 8517//20 8518//20 8619//20 8618//20
f 8518//21 8519//21 8620//21 8619//21
f 8519//21 8520//21 8621//21 8620//21
f 8520//22 8521//22 8622//22 8621//22
f 8521//23 8522//23 8623//23 8622//23
f 8522//23 8523//23 8624//23 8623//23
f 8523//24 8524//24 8625//24 8624//24
f 8524//25 8525//25 8626//25 8625//25
f 8525//25 8526//25 8627//25 8626//25
f 8526//26 8527//26 8628//26 8627//26
f 8527//27 8528//27 8629//27 8628//27
f 8528//27 8529//27 8630//27 8629//27
f 8529//27 8530//27 8631//27 8630//27
f 8530//28 8531//28 8632//28 8631//28
f 8531//29 8532//29 8633//29 8632//29
f 8532//29 8533//29 8634//29 8633//29
f 8533//30 8534//30 8635//30 8634//30
f 8534//31 8535//31 8636//31 8635//31
f 8535//31 8536//31 8637//31 8636//31
f 8536//32 8537//32 8638//32 8637//32
f 8537//33 8538//33 8639//33 8638//33
f 8538//33 8539//33 8640//33 8639//33
f 8539//34 8540//34 8641//34 8640//34
f 8540//35 8541//35 8642//35 8641//35
f 8541//35 8542//35 8643//35 8642//35
f 8542//35 8543//35 8644//35 8643//35
f 8543//36 8544//36 8645//36 8644//36
f 8544//37 8545//37 8646//37 8645//37
f 8545//37 8546//37 8647//37 8646//37
f 8546//38 8547//38 8648//38 8647//38
f 8547//39 8548//39 8649//39 8648//39
f 8548//39 8549//39 8650//39 8649//39
f 8549//40 8550//40 8651//40 8650//40
f 8550//41 8551//41 8652//41 8651//41
f 8551//41 8552//41 8653//41 8652//41
f 8552//42 8553//42 8654//42 8653//42
f 8553//43 8554//43 8655//43 8654//43
f 8554//43 8555//43 8656//43 8655//43
f 8555//44 8556//44 8657//44 8656//44
f 8556//45 8557//45 8658//45 8657//45
f 8557//45 8558//45 8659//45 8658//45
f 8558//45 8559//45 8660//45 8659//45
f 8559//46 8560//46 8661//46 8660//46
f 8560//47 8561//47 8662//47 8661//47
f 8561//47 8562//47 8663//47 8662//47
f 8562//48 8563//48 8664//48 8663//48
f 8563//49 8564//49 8665//49 8664//49
f 8564//49 8565//49 8666//49 8665//49
f 8565//50 8566//50 8667//50 8666//50
f 8566//51 8567//51 8668//51 8667//51
f 8567//51 8568//51 8669//51 8668//51
f 8568//52 8569//52 8670//52 8669//52
f 8569//53 8570//53 8671//53 8670//53
f 8570//53 8571//53 8672//53 8671//53
f 8571//53 8572//53 8673//53 8672//53
f 8572//54 8573//54 8674//54 8673//54
f 8573//55 8574//55 8675//55 8674//55
f 8574//55 8575//55 8676//55 8675//55
f 8575//56 8576//56 8677//56 8676//56
f 8576//57 8577//57 8678//57 8677//57
f 8577//57 8578//57 8679//57 8678//57
f 8578//58 8579//58 8680//58 8679//58
f 8579//59 8580//59 8681//59 8680//59
f 8580//59 8581//59 8682//59 8681//59
f 8581//60 8582//60 8683//60 8682//60
f 8582//61 8583//61 8684//61 8683//61
f 8583//61 8584//61 8685//61 8684//61
f 8584//61 8585//61 8686//61 8685//61
f 8586//1 8587//1 8688//1 8687//1
f 8587//1 8588//1 8689//1 8688//1
f 8588//1 8589//1 8690//1 8689//1
f 8589//2 8590//2 8691//2 8690//2
f 8590//3 8591//3 8692//3 8691//3
f 8591//3 8592//3 8693//3 8692//3
f 8592//4 8593//4 8694//4 8693//4
f 8593//5 8594//5 8695//5 8694//5
f 8594//5 8595//5 8696//5 8695//5
f 8595//6 8596//6 8697//6 8696//6
f 8596//7 8597//7 8698//7 8697//7
f 8597//7 8598//7 8699//7 8698//7
f 8598//8 8599//8 8700//8 8699//8
f 8599//9 8600//9 8701//9 8700//9
f 8600//9 8601//9 8702//9 8701//9
f 8601//9 8602//9 8703//9 8702//9
f 8602//10 8603//10 8704//10 8703//10
f 8603//11 8604//11 8705//11 8704//11
f 8604//11 8605//11 8706//11 8705//11
f 8605//12 8606//12 8707//12 8706//12
f 8606//13 8607//13 8708//13 8707//13
f 8607//13 8608//13 8709//13 8708//13
f 8608//14 8609//14 8710//14 8709//14
f 8609//15 8610//15 8711//15 8710//15
f 8610//15 8611//15 8712//15 8711//15
f 8611//16 8612//16 8713//16 8712//16
f 8612//17 8613//17 8714//17 8713//17
f 8613//17 8614//17 8715//17 8714//17
f 8614//17 8615//17 8716//17 8715//17
f 8615//18 8616//18 8717//18 8716//18
f 8616//19 8617//19 8718//19 8717//19
f 8617//19 8618//19 8719//19 8718//19
f 8618//20 8619//20 8720//20 8719//20
f 8619//21 8620//21 8721//21 8720//21
f 8620//21 8621//21 8722//21 8721//21
f 8621//22 8622//22 8723//22 8722//22
f 8622//23 8623//23 8724//23 8723//23
f 8623//23 8624//23 8725//23 8724//23
f 8624//24 8625//24 8726//24 8725//24
f 8625//25 8626//25 8727//25 8726//25
f 8626//25 8627//25 8728//25 8727//25
f 8627//26 8628//26 8729//26 8728//26
f 8628//27 8629//27 8730//27 8729//27
f 8629//27 8630//27 8731//27 8730//27
f 8630//27 8631//27 8732//27 8731//27
f 8631//28 8632//28 8733//28 8732//28
f 8632//29 8633//29 8734//29 8733//29
f 8633//29 8634//29 8735//29 8734//29
f 8634//30 8635//30 8736//30 8735//30
f 8635//31 8636//31 8737//31 8736//31
f 8636//31 8637//31 8738//31 8737//31
f 8637//32 8638//32 8739//32 8738//32
f 8638//33 8639//33 8740//33 8739//33
f 8639//33 8640//33 8741//33 8740//33
f 8640//34 8641//34 8742//34 8741//34
f 8641//35 8642//35 8743//35 8742//35
f 8642//35 8643//35 8744//35 8743//35
f 8643//35 8644//35 8745//35 8744//35
f 8644//36 8645//36 8746//36 8745//36
f 8645//37 8646//37 8747//37 8746//37
f 8646//37 8647//37 8748//37 8747//37
f 8647//38 8648//38 8749//38 8748//38
f 8648//39 8649//39 8750//39 8749//39
f 8649//39 8650//39 8751//39 8750//39
f 8650//40 8651//40 8752//40 8751//40
f 8651//41 8652//41 8753//41 8752//41
f 8652//41 8653//41 8754//41 8753//41
f 8653//42 8654//42 8755//42 8754//42
f 8654//43 8655//43 8756//43 8755//43
f 8655//43 8656//43 8757//43 8756//43
f 8656//44 8657//44 8758//44 8757//44
f 8657//45 8658//45 8759//45 8758//45
f 8658//45 8659//45 8760//45 8759//45
f 8659//45 8660//45 8761//45 8760//45
f 8660//46 8661//46 8762//46 8761//46
f 8661//47 8662//47 8763//47 8762//47
f 8662//47 8663//47 8764//47 8763//47
f 8663//48 8664//48 8765//48 8764//48
f 8664//49 8665//49 8766//49 8765//49
f 8665//49 8666//49 8767//49 8766//49
f 8666//50 8667//50 8768//50 8767//50
f 8667//51 8668//51 8769//51 8768//51
f 8668//51 8669//51 8770//51 8769//51
f 8669//52 8670//52 8771//52 8770//52
f 8670//53 8671//53 8772//53 8771//53
f 8671//53 8672//53 8773//53 8772//53
f 8672//53 8673//53 8774//53 8773//53
f 8673//54 8674//54 8775//54 8774//54
f 8674//55 8675//55 8776//55 8775//55
f 8675//55 8676//55 8777//55 8776//55
f 8676//56 8677//56 8778//56 8777//56
f 8677//57 8678//57 8779//57 8778//57
f 8678//57 8679//57 8780//57 8779//57
f 8679//58 8680//58 8781//58 8780//58
f 8680//59 8681//59 8782//59 8781//59
f 8681//59 8682//59 8783//59 8782//59
f 8682//60 8683//60 8784//60 8783//60
f 8683//61 8684//61 8785//61 8784//61
f 8684//61 8685//61 8786//61 8785//61
f 8685//61 8686//61 8787//61 8786//61
f 8687//1 8688//1 8789//1 8788//1
f 8688//1 8689//1 8790//1 8789//1
f 8689//1 8690//1 8791//1 8790//1
f 8690//2 8691//2 8792//2 8791//2
f 8691//3 8692//3 8793//3 8792//3
f 8692//3 8693//3 8794//3 8793//3
f 8693//4 8694//4 8795//4 8794//4
f 8694//5 8695//5 8796//5 8795//5
f 8695//5 8696//5 8797//5 8796//5
f 8696//6 8697//6 8798//6 8797//6
f 8697//7 8698//7 8799//7 8798//7
f 8698//7 8699//7 8800//7 8799//7
f 8699//8 8700//8 8801//8 8800//8
f 8700//9 8701//9 8802//9 8801//9
f 8701//9 8702//9 8803//9 8802//9
f 8702//9 8703//9 8804//9 8803//9
f 8703//10 8704//10 8805//10 8804//10
f 8704//11 8705//11 8806//11 8805//11
f 8705//11 8706//11 8807//11 8806//11
f 8706//12 8707//12 8808//12 8807//12
f 8707//13 8708//13 8809//13 8808//13
f 8708//13 8709//13 8810//13 8809//13
f 8709//14 8710//14 8811//14 8810//14
f 8710//15 8711//15 8812//15 8811//15
f 8711//15 8712//15 8813//15 8812//15
f 8712//16 8713//16 8814//16 8813//16
f 8713//17 8714//17 8815//17 8814//17
f 8714//17 8715//17 8816//17 8815//17
f 8715//17 8716//17 8817//17 8816//17
f 8716//18 8717//18 8818//18 8817//18
f 8717//19 8718//19 8819//19 8818//19
f 8718//19 8719//19 8820//19 8819//19
f 8719//20 8720//20 8821//20 8820//20
f 8720//21 8721//21 8822//21 8821//21
f 8721//21 8722//21 8823//21 8822//21
f 8722//22 8723//22 8824//22 8823//22
f 8723//23 8724//23 8825//23 8824//23
f 8724//23 8725//23 8826//23 8825//23
f 8725//24 8726//24 8827//24 8826//24
f 8726//25 8727//25 8828//25 8827//25
f 8727//25 8728//25 8829//25 8828//25
f 8728//26 8729//26 8830//26 8829//26
f 8729//27 8730//27 8831//27 8830//27
f 8730//27 8731//27 8832//27 8831//27
f 8731//27 8732//27 8833//27 8832//27
f 8732//28 8733//28 8834//28 8833//28
f 8733//29 8734//29 8835//29 8834//29
f 8734//29 8735//29 8836//29 8835//29
f 8735//30 8736//30 8837//30 8836//30
f 8736//31 8737//31 8838//31 8837//31
f 8737//31 8738//31 8839//31 8838//31
f 8738//32 8739//32 8840//32 8839//32
f 8739//33 8740//33 8841//33 8840//33
f 8740//33 8741//33 8842//33 8841//33
f 8741//34 8742//34 8843//34 8842//34
f 8742//35 8743//35 8844//35 8843//35
f 8743//35 8744//35 8845//35 8844//35
f 8744//35 8745//35 8846//35 8845//35
f 8745//36 8746//36 8847//36 8846//36
f 8746//37 8747//37 8848//37 8847//37
f 8747//37 8748//37 8849//37 8848//37
f 8748//38 8749//38 8850//38 8849//38
f 8749//39 8750//39 8851//39 8850//39
f 8750//39 8751//39 8852//39 8851//39
f 8751//40 8752//40 8853//40 8852//40
f 8752//41 8753//41 8854//41 8853//41
f 8753//41 8754//41 8855//41 8854//41
f 8754//42 8755//42 8856//42 8855//42
f 8755//43 8756//43 8857//43 8856//43
f 8756//43 8757//43 8858//43 8857//43
f 8757//44 8758//44 8859//44 8858//44
f 8758//45 8759//45 8860//45 8859//45
f 8759//45 8760//45 8861//45 8860//45
f 8760//45 8761//45 8862//45 8861//45
f 8761//46 8762//46 8863//46 8862//46
f 8762//47 8763//47 8864//47 8863//47
f 8763//47 8764//47 8865//47 8864//47
f 8764//48 8765//48 8866//48 8865//48
f 8765//49 8766//49 8867//49 8866//49
f 8766//49 8767//49 8868//49 8867//49
f 8767//50 8768//50 8869//50 8868//50
f 8768//51 8769//51 8870//51 8869//51
f 8769//51 8770//51 8871//51 8870//51
f 8770//52 8771//52 8872//52 8871//52
f 8771//53 8772//53 8873//53 8872//53
f 8772//53 8773//53 8874//53 8873//53
f 8773//53 8774//53 8875//53 8874//53
f 8774//54 8775//54 8876//54 8875//54
f 8775//55 8776//55 8877//55 8876//55
f 8776//55 8777//55 8878//55 8877//55
f 8777//56 8778//56 8879//56 8878//56
f 8778//57 8779//57 8880//57 8879//57
f 8779//57 8780//57 8881//57 8880//57
f 8780//58 8781//58 8882//58 8881//58
f 8781//59 8782//59 8883//59 8882//59
f 8782//59 8783//59 8884//59 8883//59
f 8783//60 8784//60 8885//60 8884//60
f 8784//61 8785//61 8886//61 8885//61
f 8785//61 8786//61 8887//61 8886//61
f 8786//61 8787//61 8888//61 8887//61
f 8788//1 8789//1 8890//1 8889//1
f 8789//1 8790//1 8891//1 8890//1
f 8790//1 8791//1 8892//1 8891//1
f 8791//2 8792//2 8893//2 8892//2
f 8792//3 8793//3 8894//3 8893//3
f 8793//3 8794//3 8895//3 8894//3
f 8794//4 8795//4 8896//4 8895//4
f 8795//5 8796//5 8897//5 8896//5
f 8796//5 8797//5 8898//5 8897//5
f 8797//6 8798//6 8899//6 8898//6
f 8798//7 8799//7 8900//7 8899//7
f 8799//7 8800//7 8901//7 8900//7
f 8800//8 8801//8 8902//8 8901//8
f 8801//9 8802//9 8903//9 8902//9
f 8802//9 8803//9 8904//9 8903//9
f 8803//9 8804//9 8905//9 8904//9
f 8804//10 8805//10 8906//10 8905//10
f 8805//11 8806//11 8907//11 8906//11
f 8806//11 8807//11 8908//11 8907//11
f 8807//12 8808//12 8909//12 8908//12
f 8808//13 8809//13 8910//13 8909//13
f 8809//13 8810//13 8911//13 8910//13
f 8810//14 8811//14 8912//14 8911//14
f 8811//15 8812//15 8913//15 8912//15
f 8812//15 8813//15 8914//15 8913//15
f 8813//16 8814//16 8915//16 8914//16
f 8814//17 8815//17 8916//17 8915//17
f 8815//17 8816//17 8917//17 8916//17
f 8816//17 8817//17 8918//17 8917//17
f 8817//18 8818//18 8919//18 8918//18
f 8818//19 8819//19 8920//19 8919//19
f 8819//19 8820//19 8921//19 8920//19
f 8820//20 8821//20 8922//20 8921//20
f 8821//21 8822//21 8923//21 8922//21
f 8822//21 8823//21 8924//21 8923//21
f 8823//22 8824//22 8925//22 8924//22
f 8824//23 8825//23 8926//23 8925//23
f 8825//23 8826//23 8927//23 8926//23
f 8826//24 8827//24 8928//24 8927//24
f 8827//25 8828//25 8929//25 8928//25
f 8828//25 8829//25 8930//25 8929//25
f 8829//26 8830//26 8931//26 8930//26
f 8830//27 8831//27 8932//27 8931//27
f 8831//27 8832//27 8933//27 8932//27
f 8832//27 8833//27 8934//27 8933//27
f 8833//28 8834//28 8935//28 8934//28
f 8834//29 8835//29 8936//29 8935//29
f 8835//29 8836//29 8937//29 8936//29
f 8836//30 8837//30 8938//30 8937//30
f 8837//31 8838//31 8939//31 8938//31
f 8838//31 8839//31 8940//31 8939//31
f 8839//32 8840//32 8941//32 8940//32
f 8840//33 8841//33 8942//33 8941//33
f 8841//33 8842//33 8943//33 8942//33
f 8842//34 8843//34 8944//34 8943//34
f 8843//35 8844//35 8945//35 8944//35
f 8844//35 8845//35 8946//35 8945//35
f 8845//35 8846//35 8947//35 8946//35
f 8846//36 8847//36 8948//36 8947//36
f 8847//37 8848//37 8949//37 8948//37
f 8848//37 8849//37 8950//37 8949//37
f 8849//38 8850//38 8951//38 8950//38
f 8850//39 8851//39 8952//39 8951//39
f 8851//39 8852//39 8953//39 8952//39
f 8852//40 8853//40 8954//40 8953//40
f 8853//41 8854//41 8955//41 8954//41
f 8854//41 8855//41 8956//41 8955//41
f 8855//42 8856//42 8957//42 8956//42
f 8856//43 8857//43 8958//43 8957//43
f 8857//43 8858//43 8959//43 8958//43
f 8858//44 8859//44 8960//44 8959//44
f 8859//45 8860//45 8961//45 8960//45
f 8860//45 8861//45 8962//45 8961//45
f 8861//45 8862//45 8963//45 8962//45
f 8862//46 8863//46 8964//46 8963//46
f 8863//47 8864//47 8965//47 8964//47
f 8864//47 8865//47 8966//47 8965//47
f 8865//48 8866//48 8967//48 8966//48
f 8866//49 8867//49 8968//49 8967//49
f 8867//49 8868//49 8969//49 8968//49
f 8868//50 8869//50 8970//50 8969//50
f 8869//51 8870//51 8971//51 8970//51
f 8870//51 8871//51 8972//51 8971//51
f 8871//52 8872//52 8973//52 8972//52
f 8872//53 8873//53 8974//53 8973//53
f 8873//53 8874//53 8975//53 8974//53
f 8874//53 8875//53 8976//53 8975//53
f 8875//54 8876//54 8977//54 8976//54
f 8876//55 8877//55 8978//55 8977//55
f 8877//55 8878//55 8979//55 8978//55
f 8878//56 8879//56 8980//56 8979//56
f 8879//57 8880//57 8981//57 8980//57
f 8880//57 8881//57 8982//57 8981//57
f 8881//58 8882//58 8983//58 8982//58
f 8882//59 8883//59 8984//59 8983//59
f 8883//59 8884//59 8985//59 8984//59
f 8884//60 8885//60 8986//60 8985//60
f 8885//61 8886//61 8987//61 8986//61
f 8886//61 8887//61 8988//61 8987//61
f 8887//61 8888//61 8989//61 8988//61
f 8889//1 8890//1 8991//1 8990//1
f 8890//1 8891//1 8992//1 8991//1
f 8891//1 8892//1 8993//1 8992//1
f 8892//2 8893//2 8994//2 8993//2
f 8893//3 8894//3 8995//3 8994//3
f 8894//3 8895//3 8996//3 8995//3
f 8895//4 8896//4 8997//4 8996//4
f 8896//5 8897//5 8998//5 8997//5
f 8897//5 8898//5 8999//5 8998//5
f 8898//6 8899//6 9000//6 8999//6
f 8899//7 8900//7 9001//7 9000//7
f 8900//7 8901//7 9002//7 9001//7
f 8901//8 8902//8 9003//8 9002//8
f 8902//9 8903//9 9004//9 9003//9
f 8903//9 8904//9 9005//9 9004//9
f 8904//9 8905//9 9006//9 9005//9
f 8905//10 8906//10 9007//10 9006//10
f 8906//11 8907//11 9008//11 9007//11
f 8907//11 8908//11 9009//11 9008//11
f 8908//12 8909//12 9010//12 9009//12
f 8909//13 8910//13 9011//13 9010//13
f 8910//13 8911//13 9012//13 9011//13
f 8911//14 8912//14 9013//14 9012//14
f 8912//15 8913//15 9014//15 9013//15
f 8913//15 8914//15 9015//15 9014//15
f 8914//16 8915//16 9016//16 9015//16
f 8915//17 8916//17 9017//17 9016//17
f 8916//17 8917//17 9018//17 9017//17
f 8917//17 8918//17 9019//17 9018//17
f 8918//18 8919//18 9020//18 9019//18
f 8919//19 8920//19 9021//19 9020//19
f 8920//19 8921//19 9022//19 9021//19
f 8921//20 8922//20 9023//20 9022//20
f 8922//21 8923//21 9024//21 9023//21
f 8923//21 8924//21 9025//21 9024//21
f 8924//22 8925//22 9026//22 9025//22
f 8925//23 8926//23 9027//23 9026//23
f 8926//23 8927//23 9028//23 9027//23
f 8927//24 8928//24 9029//24 9028//24
f 8928//25 8929//25 9030//25 9029//25
f 8929//25 8930//25 9031//25 9030//25
f 8930//26 8931//26 9032//26 9031//26
f 8931//27 8932//27 9033//27 9032//27
f 8932//27 8933//27 9034//27 9033//27
f 8933//27 8934//27 9035//27 9034//27
f 8934//28 8935//28 9036//28 9035//28
f 8935//29 8936//29 9037//29 9036//29
f 8936//29 8937//29 9038//29 9037//29
f 8937//30 8938//30 9039//30 9038//30
f 8938//31 8939//31 9040//31 9039//31
f 8939//31 8940//31 9041//31 9040//31
f 8940//32 8941//32 9042//32 9041//32
f 8941//33 8942//33 9043//33 9042//33
f 8942//33 8943//33 9044//33 9043//33
f 8943//34 8944//34 9045//34 9044//34
f 8944//35 8945//35 9046//35 9045//35
f 8945//35 8946//35 9047//35 9046//35
f 8946//35 8947//35 9048//35 9047//35
f 8947//36 8948//36 9049//36 9048//36
f 8948//37 8949//37 9050//37 9049//37
f 8949//37 8950//37 9051//37 9050//37
f 8950//38 8951//38 9052//38 9051//38
f 8951//39 8952//39 9053//39 9052//39
f 8952//39 8953//39 9054//39 9053//39
f 8953//40 8954//40 9055//40 9054//40
f 8954//41 8955//41 9056//41 9055//41
f 8955//41 8956//41 9057//41 9056//41
f 8956//42 8957//42 9058//42 9057//42
f 8957//43 8958//43 9059//43 9058//43
f 8958//43 8959//43 9060//43 9059//43
f 8959//44 8960//44 9061//44 9060//44
f 8960//45 8961//45 9062//45 9061//45
f 8961//45 8962//45 9063//45 9062//45
f 8962//45 8963//45 9064//45 9063//45
f 8963//46 8964//46 9065//46 9064//46
f 8964//47 8965//47 9066//47 9065//47
f 8965//47 8966//47 9067//47 9066//47
f 8966//48 8967//48 9068//48 9067//48
f 8967//49 8968//49 9069//49 9068//49
f 8968//49 8969//49 9070//49 9069//49
f 8969//50 8970//50 9071//50 9070//50
f 8970//51 8971//51 9072//51 9071//51
f 8971//51 8972//51 9073//51 9072//51
f 8972//52 8973//52 9074//52 9073//52
f 8973//53 8974//53 9075//53 9074//53
f 8974//53 8975//53 9076//53 9075//53
f 8975//53 8976//53 9077//53 9076//53
f 8976//54 8977//54 9078//54 9077//54
f 8977//55 8978//55 9079//55 9078//55
f 8978//55 8979//55 9080//55 9079//55
f 8979//56 8980//56 9081//56 9080//56
f 8980//57 8981//57 9082//57 9081//57
f 8981//57 8982//57 9083//57 9082//57
f 8982//58 8983//58 9084//58 9083//58
f 8983//59 8984//59 9085//59 9084//59
f 8984//59 8985//59 9086//59 9085//59
f 8985//60 8986//60 9087//60 9086//60
f 8986//61 8987//61 9088//61 9087//61
f 8987//61 8988//61 9089//61 9088//61
f 8988//61 8989//61 9090//61 9089//61
f 8990//1 8991//1 9092//1 9091//1
f 8991//1 8992//1 9093//1 9092//1
f 8992//1 8993//1 9094//1 9093//1
f 8993//2 8994//2 9095//2 9094//2
f 8994//3 8995//3 9096//3 9095//3
f 8995//3 8996//3 9097//3 9096//3
f 8996//4 8997//4 9098//4 9097//4
f 8997//5 8998//5 9099//5 9098//5
f 8998//5 8999//5 9100//5 9099//5
f 8999//6 9000//6 9101//6 9100//6
f 9000//7 9001//7 9102//7 9101//7
f 9001//7 9002//7 9103//7 9102//7
f 9002//8 9003//8 9104//8 9103//8
f 9003//9 9004//9 9105//9 9104//9
f 9004//9 9005//9 9106//9 9105//9
f 9005//9 9006//9 9107//9 9106//9
f 9006//10 9007//10 9108//10 9107//10
f 9007//11 9008//11 9109//11 9108//11
f 9008//11 9009//11 9110//11 9109//11
f 9009//12 9010//12 9111//12 9110//12
f 9010//13 9011//13 9112//13 9111//13
f 9011//13 9012//13 9113//13 9112//13
f 9012//14 9013//14 9114//14 9113//14
f 9013//15 9014//15 9115//15 9114//15
f 9014//15 9015//15 9116//15 9115//15
f 9015//16 9016//16 9117//16 9116//16
f 9016//17 9017//17 9118//17 9117//17
f 9017//17 9018//17 9119//17 9118//17
f 9018//17 9019//17 9120//17 9119//17
f 9019//18 9020//18 9121//18 9120//18
f 9020//19 9021//19 9122//19 9121//19
f 9021//19 9022//19 9123//19 9122//19
f 9022//20 9023//20 9124//20 9123//20
f 9023//21 9024//21 9125//21 9124//21
f 9024//21 9025//21 9126//21 9125//21
f 9025//22 9026//22 9127//22 9126//22
f 9026//23 9027//23 9128//23 9127//23
f 9027//23 9028//23 9129//23 9128//23
f 9028//24 9029//24 9130//24 9129//24
f 9029//25 9030//25 9131//25 9130//25
f 9030//25 9031//25 9132//25 9131//25
f 9031//26 9032//26 9133//26 9132//26
f 9032//27 9033//27 9134//27 9133//27
f 9033//27 9034//27 9135//27 9134//27
f 9034//27 9035//27 9136//27 9135//27
f 9035//28 9036//28 9137//28 9136//28
f 9036//29 9037//29 9138//29 9137//29
f 9037//29 9038//29 9139//29 9138//29
f 9038//30 9039//30 9140//30 9139//30
f 9039//31 9040//31 9141//31 9140//31
f 9040//31 9041//31 9142//31 9141//31
f 9041//32 9042//32 9143//32 9142//32
f 9042//33 9043//33 9144//33 9143//33
f 9043//33 9044//33 9145//33 9144//33
f 9044//34 9045//34 9146//34 9145//34
f 9045//35 9046//35 9147//35 9146//35
f 9046//35 9047//35 9148//35 9147//35
f 9047//35 9048//35 9149//35 9148//35
f 9048//36 9049//36 9150//36 9149//36
f 9049//37 9050//37 9151//37 9150//37
f 9050//37 9051//37 9152//37 9151//37
f 9051//38 9052//38 9153//38 9152//38
f 9052//39 9053//39 9154//39 9153//39
f 9053//39 9054//39 9155//39 9154//39
f 9054//40 9055//40 9156//40 9155//40
f 9055//41 9056//41 9157//41 9156//41
f 9056//41 9057//41 9158//41 9157//41
f 9057//42 9058//42 9159//42 9158//42
f 9058//43 9059//43 9160//43 9159//43
f 9059//43 9060//43 9161//43 9160//43
f 9060//44 9061//44 9162//44 9161//44
f 9061//45 9062//45 9163//45 9162//45
f 9062//45 9063//45 9164//45 9163//45
f 9063//45 9064//45 9165//45 9164//45
f 9064//46 9065//46 9166//46 9165//46
f 9065//47 9066//47 9167//47 9166//47
f 9066//47 9067//47 9168//47 9167//47
f 9067//48 9068//48 9169//48 9168//48
f 9068//49 9069//49 9170//49 9169//49
f 9069//49 9070//49 9171//49 9170//49
f 9070//50 9071//50 9172//50 9171//50
f 9071//51 9072//51 9173//51 9172//51
f 9072//51 9073//51 9174//51 9173//51
f 9073//52 9074//52 9175//52 9174//52
f 9074//53 9075//53 9176//53 9175//53
f 9075//53 9076//53 9177//53 9176//53
f 9076//53 9077//53 9178//53 9177//53
f 9077//54 9078//54 9179//54 9178//54
f 9078//55 9079//55 9180//55 9179//55
f 9079//55 9080//55 9181//55 9180//55
f 9080//56 9081//56 9182//56 9181//56
f 9081//57 9082//57 9183//57 9182//57
f 9082//57 9083//57 9184//57 9183//57
f 9083//58 9084//58 9185//58 9184//58
f 9084//59 9085//59 9186//59 9185//59
f 9085//59 9086//59 9187//59 9186//59
f 9086//60 9087//60 9188//60 9187//60
f 9087//61 9088//61 9189//61 9188//61
f 9088//61 9089//61 9190//61 9189//61
f 9089//61 9090//61 9191//61 9190//61
f 9091//1 9092//1 9193//1 9192//1
f 9092//1 9093//1 9194//1 9193//1
f 9093//1 9094//1 9195//1 9194//1
f 9094//2 9095//2 9196//2 9195//2
f 9095//3 9096//3 9197//3 9196//3
f 9096//3 9097//3 9198//3 9197//3
f 9097//4 9098//4 9199//4 9198//4
f 9098//5 9099//5 9200//5 9199//5
f 9099//5 9100//5 9201//5 9200//5
f 9100//6 9101//6 9202//6 9201//6
f 9101//7 9102//7 9203//7 9202//7
f 9102//7 9103//7 9204//7 9203//7
f 9103//8 9104//8 9205//8 9204//8
f 9104//9 9105//9 9206//9 9205//9
f 9105//9 9106//9 9207//9 9206//9
f 9106//9 9107//9 9208//9 9207//9
f 9107//10 9108//10 9209//10 9208//10
f 9108//11 9109//11 9210//11 9209//11
f 9109//11 9110//11 9211//11 9210//11
f 9110//12 9111//12 9212//12 9211//12
f 9111//13 9112//13 9213//13 9212//13
f 9112//13 9113//13 9214//13 9213//13
f 9113//14 9114//14 9215//14 9214//14
f 9114//15 9115//15 9216//15 9215//15
f 9115//15 9116//15 9217//15 9216//15
f 9116//16 9117//16 9218//16 9217//16
f 9117//17 9118//17 9219//17 9218//17
f 9118//17 9119//17 9220//17 9219//17
f 9119//17 9120//17 9221//17 9220//17
f 9120//18 9121//18 9222//18 9221//18
f 9121//19 9122//19 9223//19 9222//19
f 9122//19 9123//19 9224//19 9223//19
f 9123//20 9124//20 9225//20 9224//20
f 9124//21 9125//21 9226//21 9225//21
f 9125//21 9126//21 9227//21 9226//21
f 9126//22 9127//22 9228//22 9227//22
f 9127//23 9128//23 9229//23 9228//23
f 9128//23 9129//23 9230//23 9229//23
f 9129//24 9130//24 9231//24 9230//24
f 9130//25 9131//25 9232//25 9231//25
f 9131//25 9132//25 9233//25 9232//25
f 9132//26 9133//26 9234//26 9233//26
f 9133//27 9134//27 9235//27 9234//27
f 9134//27 9135//27 9236//27 9235//27
f 9135//27 9136//27 9237//27 9236//27
f 9136//28 9137//28 9238//28 9237//28
f 9137//29 9138//29 9239//29 9238//29
f 9138//29 9139//29 9240//29 9239//29
f 9139//30 9140//30 9241//30 9240//30
f 9140//31 9141//31 9242//31 9241//31
f 9141//31 9142//31 9243//31 9242//31
f 9142//32 9143//32 9244//32 9243//32
f 9143//33 9144//33 9245//33 9244//33
f 9144//33 9145//33 9246//33 9245//33
f 9145//34 9146//34 9247//34 9246//34
f 9146//35 9147//35 9248//35 9247//35
f 9147//35 9148//35 9249//35 9248//35
f 9148//35 9149//35 9250//35 9249//35
f 9149//36 9150//36 9251//36 9250//36
f 9150//37 9151//37 9252//37 9251//37
f 9151//37 9152//37 9253//37 9252//37
f 9152//38 9153//38 9254//38 9253//38
f 9153//39 9154//39 9255//39 9254//39
f 9154//39 9155//39 9256//39 9255//39
f 9155//40 9156//40 9257//40 9256//40
f 9156//41 9157//41 9258//41 9257//41
f 9157//41 9158//41 9259//41 9258//41
f 9158//42 9159//42 9260//42 9259//42
f 9159//43 9160//43 9261//43 9260//43
f 9160//43 9161//43 9262//43 9261//43
f 9161//44 9162//44 9263//44 9262//44
f 9162//45 9163//45 9264//45 9263//45
f 9163//45 9164//45 9265//45 9264//45
f 9164//45 9165//45 9266//45 9265//45
f 9165//46 9166//46 9267//46 9266//46
f 9166//47 9167//47 9268//47 9267//47
f 9167//47 9168//47 9269//47 9268//47
f 9168//48 9169//48 9270//48 9269//48
f 9169//49 9170//49 9271//49 9270//49
f 9170//49 9171//49 9272//49 9271//49
f 9171//50 9172//50 9273//50 9272//50
f 9172//51 9173//51 9274//51 9273//51
f 9173//51 9174//51 9275//51 9274//51
f 9174//52 9175//52 9276//52 9275//52
f 9175//53 9176//53 9277//53 9276//53
f 9176//53 9177//53 9278//53 9277//53
f 9177//53 9178//53 9279//53 9278//53
f 9178//54 9179//54 9280//54 9279//54
f 9179//55 9180//55 9281//55 9280//55
f 9180//55 9181//55 9282//55 9281//55
f 9181//56 9182//56 9283//56 9282//56
f 9182//57 9183//57 9284//57 9283//57
f 9183//57 9184//57 9285//57 9284//57
f 9184//58 9185//58 9286//58 9285//58
f 9185//59 9186//59 9287//59 9286//59
f 9186//59 9187//59 9288//59 9287//59
f 9187//60 9188//60 9289//60 9288//60
f 9188//61 9189//61 9290//61 9289//61
f 9189//61 9190//61 9291//61 9290//61
f 9190//61 9191//61 9292//61 9291//61
f 9192//1 9193//1 9294//1 9293//1
f 9193//1 9194//1 9295//1 9294//1
f 9194//1 9195//1 9296//1 9295//1
f 9195//2 9196//2 9297//2 9296//2
f 9196//3 9197//3 9298//3 9297//3
f 9197//3 9198//3 9299//3 9298//3
f 9198//4 9199//4 9300//4 9299//4
f 9199//5 9200//5 9301//5 9300//5
f 9200//5 9201//5 9302//5 9301//5
f 9201//6 9202//6 9303//6 9302//6
f 9202//7 9203//7 9304//7 9303//7
f 9203//7 9204//7 9305//7 9304//7
f 9204//8 9205//8 9306//8 9305//8
f 9205//9 9206//9 9307//9 9306//9
f 9206//9 9207//9 9308//9 9307//9
f 9207//9 9208//9 9309//9 9308//9
f 9208//10 9209//10 9310//10 9309//10
f 9209//11 9210//11 9311//11 9310//11
f 9210//11 9211//11 9312//11 9311//11
f 9211//12 9212//12 9313//12 9312//12
f 9212//13 9213//13 9314//13 9313//13
f 9213//13 9214//13 9315//13 9314//13
f 9214//14 9215//14 9316//14 9315//14
f 9215//15 9216//15 9317//15 9316//15
f 9216//15 9217//15 9318//15 9317//15
f 9217//16 9218//16 9319//16 9318//16
f 9218//17 9219//17 9320//17 9319//17
f 9219//17 9220//17 9321//17 9320//17
f 9220//17 9221//17 9322//17 9321//17
f 9221//18 9222//18 9323//18 9322//18
f 9222//19 9223//19 9324//19 9323//19
f 9223//19 9224//19 9325//19 9324//19
f 9224//20 9225//20 9326//20 9325//20
f 9225//21 9226//21 9327//21 9326//21
f 9226//21 9227//21 9328//21 9327//21
f 9227//22 9228//22 9329//22 9328//22
f 9228//23 9229//23 9330//23 9329//23
f 9229//23 9230//23 9331//23 9330//23
f 9230//24 9231//24 9332//24 9331//24
f 9231//25 9232//25 9333//25 9332//25
f 9232//25 9233//25 9334//25 9333//25
f 9233//26 9234//26 9335//26 9334//26
f 9234//27 9235//27 9336//27 9335//27
f 9235//27 9236//27 9337//27 9336//27
f 9236//27 9237//27 9338//27 9337//27
f 9237//28 9238//28 9339//28 9338//28
f 9238//29 9239//29 9340//29 9339//29
f 9239//29 9240//29 9341//29 9340//29
f 9240//30 9241//30 9342//30 9341//30
f 9241//31 9242//31 9343//31 9342//31
f 9242//31 9243//31 9344//31 9343//31
f 9243//32 9244//32 9345//32 9344//32
f 9244//33 9245//33 9346//33 9345//33
f 9245//33 9246//33 9347//33 9346//33
f 9246//34 9247//34 9348//34 9347//34
f 9247//35 9248//35 9349//35 9348//35
f 9248//35 9249//35 9350//35 9349//35
f 9249//35 9250//35 9351//35 9350//35
f 9250//36 9251//36 9352//36 9351//36
f 9251//37 9252//37 9353//37 9352//37
f 9252//37 9253//37 9354//37 9353//37
f 9253//38 9254//38 9355//38 9354//38
f 9254//39 9255//39 9356//39 9355//39
f 9255//39 9256//39 9357//39 9356//39
f 9256//40 9257//40 9358//40 9357//40
f 9257//41 9258//41 9359//41 9358//41
f 9258//41 9259//41 9360//41 9359//41
f 9259//42 9260//42 9361//42 9360//42
f 9260//43 9261//43 9362//43 9361//43
f 9261//43 9262//43 9363//43 9362//43
f 9262//44 9263//44 9364//44 9363//44
f 9263//45 9264//45 9365//45 9364//45
f 9264//45 9265//45 9366//45 9365//45
f 9265//45 9266//45 9367//45 9366//45
f 9266//46 9267//46 9368//46 9367//46
f 9267//47 9268//47 9369//47 9368//47
f 9268//47 9269//47 9370//47 9369//47
f 9269//48 9270//48 9371//48 9370//48
f 9270//49 9271//49 9372//49 9371//49
f 9271//49 9272//49 9373//49 9372//49
f 9272//50 9273//50 9374//50 9373//50
f 9273//51 9274//51 9375//51 9374//51
f 9274//51 9275//51 9376//51 9375//51
f 9275//52 9276//52 9377//52 9376//52
f 9276//53 9277//53 9378//53 9377//53
f 9277//53 9278//53 9379//53 9378//53
f 9278//53 9279//53 9380//53 9379//53
f 9279//54 9280//54 9381//54 9380//54
f 9280//55 9281//55 9382//55 9381//55
f 9281//55 9282//55 9383//55 9382//55
f 9282//56 9283//56 9384//56 9383//56
f 9283//57 9284//57 9385//57 9384//57
f 9284//57 9285//57 9386//57 9385//57
f 9285//58 9286//58 9387//58 9386//58
f 9286//59 9287//59 9388//59 9387//59
f 9287//59 9288//59 9389//59 9388//59
f 9288//60 9289//60 9390//60 9389//60
f 9289//61 9290//61 9391//61 9390//61
f 9290//61 9291//61 9392//61 9391//61
f 9291//61 9292//61 9393//61 9392//61
f 9293//1 9294//1 9395//1 9394//1
f 9294//1 9295//1 9396//1 9395//1
f 9295//1 9296//1 9397//1 9396//1
f 9296//2 9297//2 9398//2 9397//2
f 9297//3 9298//3 9399//3 9398//3
f 9298//3 9299//3 9400//3 9399//3
f 9299//4 9300//4 9401//4 9400//4
f 9300//5 9301//5 9402//5 9401//5
f 9301//5 9302//5 9403//5 9402//5
f 9302//6 9303//6 9404//6 9403//6
f 9303//7 9304//7 9405//7 9404//7
f 9304//7 9305//7 9406//7 9405//7
f 9305//8 9306//8 9407//8 9406//8
f 9306//9 9307//9 9408//9 9407//9
f 9307//9 9308//9 9409//9 9408//9
f 9308//9 9309//9 9410//9 9409//9
f 9309//10 9310//10 9411//10 9410//10
f 9310//11 9311//11 9412//11 9411//11
f 9311//11 9312//11 9413//11 9412//11
f 9312//12 9313//12 9414//12 9413//12
f 9313//13 9314//13 9415//13 9414//13
f 9314//13 9315//13 9416//13 9415//13
f 9315//14 9316//14 9417//14 9416//14
f 9316//15 9317//15 9418//15 9417//15
f 9317//15 9318//15 9419//15 9418//15
f 9318//16 9319//16 9420//16 9419//16
f 9319//17 9320//17 9421//17 9420//17
f 9320//17 9321//17 9422//17 9421//17
f 9321//17 9322//17 9423//17 9422//17
f 9322//18 9323//18 9424//18 9423//18
f 9323//19 9324//19 9425//19 9424//19
f 9324//19 9325//19 9426//19 9425//19
f 9325//20 9326//20 9427//20 9426//20
f 9326//21 9327//21 9428//21 9427//21
f 9327//21 9328//21 9429//21 9428//21
f 9328//22 9329//22 9430//22 9429//22
f 9329//23 9330//23 9431//23 9430//23
f 9330//23 9331//23 9432//23 9431//23
f 9331//24 9332//24 9433//24 9432//24
f 9332//25 9333//25 9434//25 9433//25
f 9333//25 9334//25 9435//25 9434//25
f 9334//26 9335//26 9436//26 9435//26
f 9335//27 9336//27 9437//27 9436//27
f 9336//27 9337//27 9438//27 9437//27
f 9337//27 9338//27 9439//27 9438//27
f 9338//28 9339//28 9440//28 9439//28
f 9339//29 9340//29 9441//29 9440//29
f 9340//29 9341//29 9442//29 9441//29
f 9341//30 9342//30 9443//30 9442//30
f 9342//31 9343//31 9444//31 9443//31
f 9343//31 9344//31 9445//31 9444//31
f 9344//32 9345//32 9446//32 9445//32
f 9345//33 9346//33 9447//33 9446//33
f 9346//33 9347//33 9448//33 9447//33
f 9347//34 9348//34 9449//34 9448//34
f 9348//35 9349//35 9450//35 9449//35
f 9349//35 9350//35 9451//35 9450//35
f 9350//35 9351//35 9452//35 9451//35
f 9351//36 9352//36 9453//36 9452//36
f 9352//37 9353//37 9454//37 9453//37
f 9353//37 9354//37 9455//37 9454//37
f 9354//38 9355//38 9456//38 9455//38
f 9355//39 9356//39 9457//39 9456//39
f 9356//39 9357//39 9458//39 9457//39
f 9357//40 9358//40 9459//40 9458//40
f 9358//41 9359//41 9460//41 9459//41
f 9359//41 9360//41 9461//41 9460//41
f 9360//42 9361//42 9462//42 9461//42
f 9361//43 9362//43 9463//43 9462//43
f 9362//43 9363//43 9464//43 9463//43
f 9363//44 9364//44 9465//44 9464//44
f 9364//45 9365//45 9466//45 9465//45
f 9365//45 9366//45 9467//45 9466//45
f 9366//45 9367//45 9468//45 9467//45
f 9367//46 9368//46 9469//46 9468//46
f 9368//47 9369//47 9470//47 9469//47
f 9369//47 9370//47 9471//47 9470//47
f 9370//48 9371//48 9472//48 9471//48
f 9371//49 9372//49 9473//49 9472//49
f 9372//49 9373//49 9474//49 9473//49
f 9373//50 9374//50 9475//50 9474//50
f 9374//51 9375//51 9476//51 9475//51
f 9375//51 9376//51 9477//51 9476//51
f 9376//52 9377//52 9478//52 9477//52
f 9377//53 9378//53 9479//53 9478//53
f 9378//53 9379//53 9480//53 9479//53
f 9379//53 9380//53 9481//53 9480//53
f 9380//54 9381//54 9482//54 9481//54
f 9381//55 9382//55 9483//55 9482//55
f 9382//55 9383//55 9484//55 9483//55
f 9383//56 9384//56 9485//56 9484//56
f 9384//57 9385//57 9486//57 9485//57
f 9385//57 9386//57 9487//57 9486//57
f 9386//58 9387//58 9488//58 9487//58
f 9387//59 9388//59 9489//59 9488//59
f 9388//59 9389//59 9490//59 9489//59
f 9389//60 9390//60 9491//60 9490//60
f 9390//61 9391//61 9492//61 9491//61
f 9391//61 9392//61 9493//61 9492//61
f 9392//61 9393//61 9494//61 9493//61
f 9394//1 9395//1 9496//1 9495//1
f 9395//1 9396//1 9497//1 9496//1
f 9396//1 9397//1 9498//1 9497//1
f 9397//2 9398//2 9499//2 9498//2
f 9398//3 9399//3 9500//3 9499//3
f 9399//3 9400//3 9501//3 9500//3
f 9400//4 9401//4 9502//4 9501//4
f 9401//5 9402//5 9503//5 9502//5
f 9402//5 9403//5 9504//5 9503//5
f 9403//6 9404//6 9505//6 9504//6
f 9404//7 9405//7 9506//7 9505//7
f 9405//7 9406//7 9507//7 9506//7
f 9406//8 9407//8 9508//8 9507//8
f 9407//9 9408//9 9509//9 9508//9
f 9408//9 9409//9 9510//9 9509//9
f 9409//9 9410//9 9511//9 9510//9
f 9410//10 9411//10 9512//10 9511//10
f 9411//11 9412//11 9513//11 9512//11
f 9412//11 9413//11 9514//11 9513//11
f 9413//12 9414//12 9515//12 9514//12
f 9414//13 9415//13 9516//13 9515//13
f 9415//13 9416//13 9517//13 9516//13
f 9416//14 9417//14 9518//14 9517//14
f 9417//15 9418//15 9519//15 9518//15
f 9418//15 9419//15 9520//15 9519//15
f 9419//16 9420//16 9521//16 9520//16
f 9420//17 9421//17 9522//17 9521//17
f 9421//17 9422//17 9523//17 9522//17
f 9422//17 9423//17 9524//17 9523//17
f 9423//18 9424//18 9525//18 9524//18
f 9424//19 9425//19 9526//19 9525//19
f 9425//19 9426//19 9527//19 9526//19
f 9426//20 9427//20 9528//20 9527//20
f 9427//21 9428//21 9529//21 9528//21
f 9428//21 9429//21 9530//21 9529//21
f 9429//22 9430//22 9531//22 9530//22
f 9430//23 9431//23 9532//23 9531//23
f 9431//23 9432//23 9533//23 9532//23
f 9432//24 9433//24 9534//24 9533//24
f 9433//25 9434//25 9535//25 9534//25
f 9434//25 9435//25 9536//25 9535//25
f 9435//26 9436//26 9537//26 9536//26
f 9436//27 9437//27 9538//27 9537//27
f 9437//27 9438//27 9539//27 9538//27
f 9438//27 9439//27 9540//27 9539//27
f 9439//28 9440//28 9541//28 9540//28
f 9440//29 9441//29 9542//29 9541//29
f 9441//29 9442//29 9543//29 9542//29
f 9442//30 9443//30 9544//30 9543//30
f 9443//31 9444//31 9545//31 9544//31
f 9444//31 9445//31 9546//31 9545//31
f 9445//32 9446//32 9547//32 9546//32
f 9446//33 9447//33 9548//33 9547//33
f 9447//33 9448//33 9549//33 9548//33
f 9448//34 9449//34 9550//34 9549//34
f 9449//35 9450//35 9551//35 9550//35
f 9450//35 9451//35 9552//35 9551//35
f 9451//35 9452//35 9553//35 9552//35
f 9452//36 9453//36 9554//36 9553//36
f 9453//37 9454//37 9555//37 9554//37
f 9454//37 9455//37 9556//37 9555//37
f 9455//38 9456//38 9557//38 9556//38
f 9456//39 9457//39 9558//39 9557//39
f 9457//39 9458//39 9559//39 9558//39
f 9458//40 9459//40 9560//40 9559//40
f 9459//41 9460//41 9561//41 9560//41
f 9460//41 9461//41 9562//41 9561//41
f 9461//42 9462//42 9563//42 9562//42
f 9462//43 9463//43 9564//43 9563//43
f 9463//43 9464//43 9565//43 9564//43
f 9464//44 9465//44 9566//44 9565//44
f 9465//45 9466//45 9567//45 9566//45
f 9466//45 9467//45 9568//45 9567//45
f 9467//45 9468//45 9569//45 9568//45
f 9468//46 9469//46 9570//46 9569//46
f 9469//47 9470//47 9571//47 9570//47
f 9470//47 9471//47 9572//47 9571//47
f 9471//48 9472//48 9573//48 9572//48
f 9472//49 9473//49 9574//49 9573//49
f 9473//49 9474//49 9575//49 9574//49
f 9474//50 9475//50 9576//50 9575//50
f 9475//51 9476//51 9577//51 9576//51
f 9476//51 9477//51 9578//51 9577//51
f 9477//52 9478//52 9579//52 9578//52
f 9478//53 9479//53 9580//53 9579//53
f 9479//53 9480//53 9581//53 9580//53
f 9480//53 9481//53 9582//53 9581//53
f 9481//54 9482//54 9583//54 9582//54
f 9482//55 9483//55 9584//55 9583//55
f 9483//55 9484//55 9585//55 9584//55
f 9484//56 9485//56 9586//56 9585//56
f 9485//57 9486//57 9587//57 9586//57
f 9486//57 9487//57 9588//57 9587//57
f 9487//58 9488//58 9589//58 9588//58
f 9488//59 9489//59 9590//59 9589//59
f 9489//59 9490//59 9591//59 9590//59
f 9490//60 9491//60 9592//60 9591//60
f 9491//61 9492//61 9593//61 9592//61
f 9492//61 9493//61 9594//61 9593//61
f 9493//61 9494//61 9595//61 9594//61
f 9495//1 9496//1 9597//1 9596//1
f 9496//1 9497//1 9598//1 9597//1
f 9497//1 9498//1 9599//1 9598//1
f 9498//2 9499//2 9600//2 9599//2
f 9499//3 9500//3 9601//3 9600//3
f 9500//3 9501//3 9602//3 9601//3
f 9501//4 9502//4 9603//4 9602//4
f 9502//5 9503//5 9604//5 9603//5
f 9503//5 9504//5 9605//5 9604//5
f 9504//6 9505//6 9606//6 9605//6
f 9505//7 9506//7 9607//7 9606//7
f 9506//7 9507//7 9608//7 9607//7
f 9507//8 9508//8 9609//8 9608//8
f 9508//9 9509//9 9610//9 9609//9
f 9509//9 9510//9 9611//9 9610//9
f 9510//9 9511//9 9612//9 9611//9
f 9511//10 9512//10 9613//10 9612//10
f 9512//11 9513//11 9614//11 9613//11
f 9513//11 9514//11 9615//11 9614//11
f 9514//12 9515//12 9616//12 9615//12
f 9515//13 9516//13 9617//13 9616//13
f 9516//13 9517//13 9618//13 9617//13
f 9517//14 9518//14 9619//14 9618//14
f 9518//15 9519//15 9620//15 9619//15
f 9519//15 9520//15 9621//15 9620//15
f 9520//16 9521//16 9622//16 9621//16
f 9521//17 9522//17 9623//17 9622//17
f 9522//17 9523//17 9624//17 9623//17
f 9523//17 9524//17 9625//17 9624//17
f 9524//18 9525//18 9626//18 9625//18
f 9525//19 9526//19 9627//19 9626//19
f 9526//19 9527//19 9628//19 9627//19
f 9527//20 9528//20 9629//20 9628//20
f 9528//21 9529//21 9630//21 9629//21
f 9529//21 9530//21 9631//21 9630//21
f 9530//22 9531//22 9632//22 9631//22
f 9531//23 9532//23 9633//23 9632//23
f 9532//23 9533//23 9634//23 9633//23
f 9533//24 9534//24 9635//24 9634//24
f 9534//25 9535//25 9636//25 9635//25
f 9535//25 9536//25 9637//25 9636//25
f 9536//26 9537//26 9638//26 9637//26
f 9537//27 9538//27 9639//27 9638//27
f 9538//27 9539//27 9640//27 9639//27
f 9539//27 9540//27 9641//27 9640//27
f 9540//28 9541//28 9642//28 9641//28
f 9541//29 9542//29 9643//29 9642//29
f 9542//29 9543//29 9644//29 9643//29
f 9543//30 9544//30 9645//30 9644//30
f 9544//31 9545//31 9646//31 9645//31
f 9545//31 9546//31 9647//31 9646//31
f 9546//32 9547//32 9648//32 9647//32
f 9547//33 9548//33 9649//33 9648//33
f 9548//33 9549//33 9650//33 9649//33
f 9549//34 9550//34 9651//34 9650//34
f 9550//35 9551//35 9652//35 9651//35
f 9551//35 9552//35 9653//35 9652//35
f 9552//35 9553//35 9654//35 9653//35
f 9553//36 9554//36 9655//36 9654//36
f 9554//37 9555//37 9656//37 9655//37
f 9555//37 9556//37 9657//37 9656//37
f 9556//38 9557//38 9658//38 9657//38
f 9557//39 9558//39 9659//39 9658//39
f 9558//39 9559//39 9660//39 9659//39
f 9559//40 9560//40 9661//40 9660//40
f 9560//41 9561//41 9662//41 9661//41
f 9561//41 9562//41 9663//41 9662//41
f 9562//42 9563//42 9664//42 9663//42
f 9563//43 9564//43 9665//43 9664//43
f 9564//43 9565//43 9666//43 9665//43
f 9565//44 9566//44 9667//44 9666//44
f 9566//45 9567//45 9668//45 9667//45
f 9567//45 9568//45 9669//45 9668//45
f 9568//45 9569//45 9670//45 9669//45
f 9569//46 9570//46 9671//46 9670//46
f 9570//47 9571//47 9672//47 9671//47
f 9571//47 9572//47 9673//47 9672//47
f 9572//48 9573//48 9674//48 9673//48
f 9573//49 9574//49 9675//49 9674//49
f 9574//49 9575//49 9676//49 9675//49
f 9575//50 9576//50 9677//50 9676//50
f 9576//51 9577//51 9678//51 9677//51
f 9577//51 9578//51 9679//51 9678//51
f 9578//52 9579//52 9680//52 9679//52
f 9579//53 9580//53 9681//53 9680//53
f 9580//53 9581//53 9682//53 9681//53
f 9581//53 9582//53 9683//53 9682//53
f 9582//54 9583//54 9684//54 9683//54
f 9583//55 9584//55 9685//55 9684//55
f 9584//55 9585//55 9686//55 9685//55
f 9585//56 9586//56 9687//56 9686//56
f 9586//57 9587//57 9688//57 9687//57
f 9587//57 9588//57 9689//57 9688//57
f 9588//58 9589//58 9690//58 9689//58
f 9589//59 9590//59 9691//59 9690//59
f 9590//59 9591//59 9692//59 9691//59
f 9591//60 9592//60 9693//60 9692//60
f 9592//61 9593//61 9694//61 9693//61
f 9593//61 9594//61 9695//61 9694//61
f 9594//61 9595//61 9696//61 9695//61
f 9596//1 9597//1 9698//1 9697//1
f 9597//1 9598//1 9699//1 9698//1
f 9598//1 9599//1 9700//1 9699//1
f 9599//2 9600//2 9701//2 9700//2
f 9600//3 9601//3 9702//3 9701//3
f 9601//3 9602//3 9703//3 9702//3
f 9602//4 9603//4 9704//4 9703//4
f 9603//5 9604//5 9705//5 9704//5
f 9604//5 9605//5 9706//5 9705//5
f 9605//6 9606//6 9707//6 9706//6
f 9606//7 9607//7 9708//7 9707//7
f 9607//7 9608//7 9709//7 9708//7
f 9608//8 9609//8 9710//8 9709//8
f 9609//9 9610//9 9711//9 9710//9
f 9610//9 9611//9 9712//9 9711//9
f 9611//9 9612//9 9713//9 9712//9
f 9612//10 9613//10 9714//10 9713//10
f 9613//11 9614//11 9715//11 9714//11
f 9614//11 9615//11 9716//11 9715//11
f 9615//12 9616//12 9717//12 9716//12
f 9616//13 9617//13 9718//13 9717//13
f 9617//13 9618//13 9719//13 9718//13
f 9618//14 9619//14 9720//14 9719//14
f 9619//15 9620//15 9721//15 9720//15
f 9620//15 9621//15 9722//15 9721//15
f 9621//16 9622//16 9723//16 9722//16
f 9622//17 9623//17 9724//17 9723//17
f 9623//17 9624//17 9725//17 9724//17
f 9624//17 9625//17 9726//17 9725//17
f 9625//18 9626//18 9727//18 9726//18
f 9626//19 9627//19 9728//19 9727//19
f 9627//19 9628//19 9729//19 9728//19
f 9628//20 9629//20 9730//20 9729//20
f 9629//21 9630//21 9731//21 9730//21
f 9630//21 9631//21 9732//21 9731//21
f 9631//22 9632//22 9733//22 9732//22
f 9632//23 9633//23 9734//23 9733//23
f 9633//23 9634//23 9735//23 9734//23
f 9634//24 9635//24 9736//24 9735//24
f 9635//25 9636//25 9737//25 9736//25
f 9636//25 9637//25 9738//25 9737//25
f 9637//26 9638//26 9739//26 9738//26
f 9638//27 9639//27 9740//27 9739//27
f 9639//27 9640//27 9741//27 9740//27
f 9640//27 9641//27 9742//27 9741//27
f 9641//28 9642//28 9743//28 9742//28
f 9642//29 9643//29 9744//29 9743//29
f 9643//29 9644//29 9745//29 9744//29
f 9644//30 9645//30 9746//30 9745//30
f 9645//31 9646//31 9747//31 9746//31
f 9646//31 9647//31 9748//31 9747//31
f 9647//32 9648//32 9749//32 9748//32
f 9648//33 9649//33 9750//33 9749//33
f 9649//33 9650//33 9751//33 9750//33
f 9650//34 9651//34 9752//34 9751//34
f 9651//35 9652//35 9753//35 9752//35
f 9652//35 9653//35 9754//35 9753//35
f 9653//35 9654//35 9755//35 9754//35
f 9654//36 9655//36 9756//36 9755//36
f 9655//37 9656//37 9757//37 9756//37
f 9656//37 9657//37 9758//37 9757//37
f 9657//38 9658//38 9759//38 9758//38
f 9658//39 9659//39 9760//39 9759//39
f 9659//39 9660//39 9761//39 9760//39
f 9660//40 9661//40 9762//40 9761//40
f 9661//41 9662//41 9763//41 9762//41
f 9662//41 9663//41 9764//41 9763//41
f 9663//42 9664//42 9765//42 9764//42
f 9664//43 9665//43 9766//43 9765//43
f 9665//43 9666//43 9767//43 9766//43
f 9666//44 9667//44 9768//44 9767//44
f 9667//45 9668//45 9769//45 9768//45
f 9668//45 9669//45 9770//45 9769//45
f 9669//45 9670//45 9771//45 9770//45
f 9670//46 9671//46 9772//46 9771//46
f 9671//47 9672//47 9773//47 9772//47
f 9672//47 9673//47 9774//47 9773//47
f 9673//48 9674//48 9775//48 9774//48
f 9674//49 9675//49 9776//49 9775//49
f 9675//49 9676//49 9777//49 9776//49
f 9676//50 9677//50 9778//50 9777//50
f 9677//51 9678//51 9779//51 9778//51
f 9678//51 9679//51 9780//51 9779//51
f 9679//52 9680//52 9781//52 9780//52
f 9680//53 9681//53 9782//53 9781//53
f 9681//53 9682//53 9783//53 9782//53
f 9682//53 9683//53 9784//53 9783//53
f 9683//54 9684//54 9785//54 9784//54
f 9684//55 9685//55 9786//55 9785//55
f 9685//55 9686//55 9787//55 9786//55
f 9686//56 9687//56 9788//56 9787//56
f 9687//57 9688//57 9789//57 9788//57
f 9688//57 9689//57 9790//57 9789//57
f 9689//58 9690//58 9791//58 9790//58
f 9690//59 9691//59 9792//59 9791//59
f 9691//59 9692//59 9793//59 9792//59
f 9692//60 9693//60 9794//60 9793//60
f 9693//61 9694//61 9795//61 9794//61
f 9694//61 9695//61 9796//61 9795//61
f 9695//61 9696//61 9797//61 9796//61
f 9697//1 9698//1 9799//1 9798//1
f 9698//1 9699//1 9800//1 9799//1
f 9699//1 9700//1 9801//1 9800//1
f 9700//2 9701//2 9802//2 9801//2
f 9701//3 9702//3 9803//3 9802//3
f 9702//3 9703//3 9804//3 9803//3
f 9703//4 9704//4 9805//4 9804//4
f 9704//5 9705//5 9806//5 9805//5
f 9705//5 9706//5 9807//5 9806//5
f 9706//6 9707//6 9808//6 9807//6
f 9707//7 9708//7 9809//7 9808//7
f 9708//7 9709//7 9810//7 9809//7
f 9709//8 9710//8 9811//8 9810//8
f 9710//9 9711//9 9812//9 9811//9
f 9711//9 9712//9 9813//9 9812//9
f 9712//9 9713//9 9814//9 9813//9
f 9713//10 9714//10 9815//10 9814//10
f 9714//11 9715//11 9816//11 9815//11
f 9715//11 9716//11 9817//11 9816//11
f 9716//12 9717//12 9818//12 9817//12
f 9717//13 9718//13 9819//13 9818//13
f 9718//13 9719//13 9820//13 9819//13
f 9719//14 9720//14 9821//14 9820//14
f 9720//15 9721//15 9822//15 9821//15
f 9721//15 9722//15 9823//15 9822//15
f 9722//16 9723//16 9824//16 9823//16
f 9723//17 9724//17 9825//17 9824//17
f 9724//17 9725//17 9826//17 9825//17
f 9725//17 9726//17 9827//17 9826//17
f 9726//18 9727//18 9828//18 9827//18
f 9727//19 9728//19 9829//19 9828//19
f 9728//19 9729//19 9830//19 9829//19
f 9729//20 9730//20 9831//20 9830//20
f 9730//21 9731//21 9832//21 9831//21
f 9731//21 9732//21 9833//21 9832//21
f 9732//22 9733//22 9834//22 9833//22
f 9733//23 9734//23 9835//23 9834//23
f 9734//23 9735//23 9836//23 9835//23
f 9735//24 9736//24 9837//24 9836//24
f 9736//25 9737//25 9838//25 9837//25
f 9737//25 9738//25 9839//25 9838//25
f 9738//26 9739//26 9840//26 9839//26
f 9739//27 9740//27 9841//27 9840//27
f 9740//27 9741//27 9842//27 9841//27
f 9741//27 9742//27 9843//27 9842//27
f 9742//28 9743//28 9844//28 9843//28
f 9743//29 9744//29 9845//29 9844//29
f 9744//29 9745//29 9846//29 9845//29
f 9745//30 9746//30 9847//30 9846//30
f 9746//31 9747//31 9848//31 9847//31
f 9747//31 9748//31 9849//31 9848//31
f 9748//32 9749//32 9850//32 9849//32
f 9749//33 9750//33 9851//33 9850//33
f 9750//33 9751//33 9852//33 9851//33
f 9751//34 9752//34 9853//34 9852//34
f 9752//35 9753//35 9854//35 9853//35
f 9753//35 9754//35 9855//35 9854//35
f 9754//35 9755//35 9856//35 9855//35
f 9755//36 9756//36 9857//36 9856//36
f 9756//37 9757//37 9858//37 9857//37
f 9757//37 9758//37 9859//37 9858//37
f 9758//38 9759//38 9860//38 9859//38
f 9759//39 9760//39 9861//39 9860//39
f 9760//39 9761//39 9862//39 9861//39
f 9761//40 9762//40 9863//40 9862//40
f 9762//41 9763//41 9864//41 9863//41
f 9763//41 9764//41 9865//41 9864//41
f 9764//42 9765//42 9866//42 9865//42
f 9765//43 9766//43 9867//43 9866//43
f 9766//43 9767//43 9868//43 9867//43
f 9767//44 9768//44 9869//44 9868//44
f 9768//45 9769//45 9870//45 9869//45
f 9769//45 9770//45 9871//45 9870//45
f 9770//45 9771//45 9872//45 9871//45
f 9771//46 9772//46 9873//46 9872//46
f 9772//47 9773//47 9874//47 9873//47
f 9773//47 9774//47 9875//47 9874//47
f 9774//48 9775//48 9876//48 9875//48
f 9775//49 9776//49 9877//49 9876//49
f 9776//49 9777//49 9878//49 9877//49
f 9777//50 9778//50 9879//50 9878//50
f 9778//51 9779//51 9880//51 9879//51
f 9779//51 9780//51 9881//51 9880//51
f 9780//52 9781//52 9882//52 9881//52
f 9781//53 9782//53 9883//53 9882//53
f 9782//53 9783//53 9884//53 9883//53
f 9783//53 9784//53 9885//53 9884//53
f 9784//54 9785//54 9886//54 9885//54
f 9785//55 9786//55 9887//55 9886//55
f 9786//55 9787//55 9888//55 9887//55
f 9787//56 9788//56 9889//56 9888//56
f 9788//57 9789//57 9890//57 9889//57
f 9789//57 9790//57 9891//57 9890//57
f 9790//58 9791//58 9892//58 9891//58
f 9791//59 9792//59 9893//59 9892//59
f 9792//59 9793//59 9894//59 9893//59
f 9793//60 9794//60 9895//60 9894//60
f 9794//61 9795//61 9896//61 9895//61
f 9795//61 9796//61 9897//61 9896//61
f 9796//61 9797//61 9898//61 9897//61
f 9798//1 9799//1 9900//1 9899//1
f 9799//1 9800//1 9901//1 9900//1
f 9800//1 9801//1 9902//1 9901//1
f 9801//2 9802//2 9903//2 9902//2
f 9802//3 9803//3 9904//3 9903//3
f 9803//3 9804//3 9905//3 9904//3
f 9804//4 9805//4 9906//4 9905//4
f 9805//5 9806//5 9907//5 9906//5
f 9806//5 9807//5 9908//5 9907//5
f 9807//6 9808//6 9909//6 9908//6
f 9808//7 9809//7 9910//7 9909//7
f 9809//7 9810//7 9911//7 9910//7
f 9810//8 9811//8 9912//8 9911//8
f 9811//9 9812//9 9913//9 9912//9
f 9812//9 9813//9 9914//9 9913//9
f 9813//9 9814//9 9915//9 9914//9
f 9814//10 9815//10 9916//10 9915//10
f 9815//11 9816//11 9917//11 9916//11
f 9816//11 9817//11 9918//11 9917//11
f 9817//12 9818//12 9919//12 9918//12
f 9818//13 9819//13 9920//13 9919//13
f 9819//13 9820//13 9921//13 9920//13
f 9820//14 9821//14 9922//14 9921//14
f 9821//15 9822//15 9923//15 9922//15
f 9822//15 9823//15 9924//15 9923//15
f 9823//16 9824//16 9925//16 9924//16
f 9824//17 9825//17 9926//17 9925//17
f 9825//17 9826//17 9927//17 9926//17
f 9826//17 9827//17 9928//17 9927//17
f 9827//18 9828//18 9929//18 9928//18
f 9828//19 9829//19 9930//19 9929//19
f 9829//19 9830//19 9931//19 9930//19
f 9830//20 9831//20 9932//20 9931//20
f 9831//21 9832//21 9933//21 9932//21
f 9832//21 9833//21 9934//21 9933//21
f 9833//22 9834//22 9935//22 9934//22
f 9834//23 9835//23 9936//23 9935//23
f 9835//23 9836//23 9937//23 9936//23
f 9836//24 9837//24 9938//24 9937//24
f 9837//25 9838//25 9939//25 9938//25
f 9838//25 9839//25 9940//25 9939//25
f 9839//26 9840//26 9941//26 9940//26
f 9840//27 9841//27 9942//27 9941//27
f 9841//27 9842//27 9943//27 9942//27
f 9842//27 9843//27 9944//27 9943//27
f 9843//28 9844//28 9945//28 9944//28
f 9844//29 9845//29 9946//29 9945//29
f 9845//29 9846//29 9947//29 9946//29
f 9846//30 9847//30 9948//30 9947//30
f 9847//31 9848//31 9949//31 9948//31
f 9848//31 9849//31 9950//31 9949//31
f 9849//32 9850//32 9951//32 9950//32
f 9850//33 9851//33 9952//33 9951//33
f 9851//33 9852//33 9953//33 9952//33
f 9852//34 9853//34 9954//34 9953//34
f 9853//35 9854//35 9955//35 9954//35
f 9854//35 9855//35 9956//35 9955//35
f 9855//35 9856//35 9957//35 9956//35
f 9856//36 9857//36 9958//36 9957//36
f 9857//37 9858//37 9959//37 9958//37
f 9858//37 9859//37 9960//37 9959//37
f 9859//38 9860//38 9961//38 9960//38
f 9860//39 9861//39 9962//39 9961//39
f 9861//39 9862//39 9963//39 9962//39
f 9862//40 9863//40 9964//40 9963//40
f 9863//41 9864//41 9965//41 9964//41
f 9864//41 9865//41 9966//41 9965//41
f 9865//42 9866//42 9967//42 9966//42
f 9866//43 9867//43 9968//43 9967//43
f 9867//43 9868//43 9969//43 9968//43
f 9868//44 9869//44 9970//44 9969//44
f 9869//45 9870//45 9971//45 9970//45
f 9870//45 9871//45 9972//45 9971//45
f 9871//45 9872//45 9973//45 9972//45
f 9872//46 9873//46 9974//46 9973//46
f 9873//47 9874//47 9975//47 9974//47
f 9874//47 9875//47 9976//47 9975//47
f 9875//48 9876//48 9977//48 9976//48
f 9876//49 9877//49 9978//49 9977//49
f 9877//49 9878//49 9979//49 9978//49
f 9878//50 9879//50 9980//50 9979//50
f 9879//51 9880//51 9981//51 9980//51
f 9880//51 9881//51 9982//51 9981//51
f 9881//52 9882//52 9983//52 9982//52
f 9882//53 9883//53 9984//53 9983//53
f 9883//53 9884//53 9985//53 9984//53
f 9884//53 9885//53 9986//53 9985//53
f 9885//54 9886//54 9987//54 9986//54
f 9886//55 9887//55 9988//55 9987//55
f 9887//55 9888//55 9989//55 9988//55
f 9888//56 9889//56 9990//56 9989//56
f 9889//57 9890//57 9991//57 9990//57
f 9890//57 9891//57 9992//57 9991//57
f 9891//58 9892//58 9993//58 9992//58
f 9892//59 9893//59 9994//59 9993//59
f 9893//59 9894//59 9995//59 9994//59
f 9894//60 9895//60 9996//60 9995//60
f 9895//61 9896//61 9997//61 9996//61
f 9896//61 9897//61 9998//61 9997//61
f 9897//61 9898//61 9999//61 9998//61
f 9899//1 9900//1 10001//1 10000//1
f 9900//1 9901//1 10002//1 10001//1
f 9901//1 9902//1 10003//1 10002//1
f 9902//2 9903//2 10004//2 10003//2
f 9903//3 9904//3 10005//3 10004//3
f 9904//3 9905//3 10006//3 10005//3
f 9905//4 9906//4 10007//4 10006//4
f 9906//5 9907//5 10008//5 10007//5
f 9907//5 9908//5 10009//5 10008//5
f 9908//6 9909//6 10010//6 10009//6
f 9909//7 9910//7 10011//7 10010//7
f 9910//7 9911//7 10012//7 10011//7
f 9911//8 9912//8 10013//8 10012//8
f 9912//9 9913//9 10014//9 10013//9
f 9913//9 9914//9 10015//9 10014//9
f 9914//9 9915//9 10016//9 10015//9
f 9915//10 9916//10 10017//10 10016//10
f 9916//11 9917//11 10018//11 10017//11
f 9917//11 9918//11 10019//11 10018//11
f 9918//12 9919//12 10020//12 10019//12
f 9919//13 9920//13 10021//13 10020//13
f 9920//13 9921//13 10022//13 10021//13
f 9921//14 9922//14 10023//14 10022//14
f 9922//15 9923//15 10024//15 10023//15
f 9923//15 9924//15 10025//15 10024//15
f 9924//16 9925//16 10026//16 10025//16
f 9925//17 9926//17 10027//17 10026//17
f 9926//17 9927//17 10028//17 10027//17
f 9927//17 9928//17 10029//17 10028//17
f 9928//18 9929//18 10030//18 10029//18
f 9929//19 9930//19 10031//19 10030//19
f 9930//19 9931//19 10032//19 10031//19
f 9931//20 9932//20 10033//20 10032//20
f 9932//21 9933//21 10034//21 10033//21
f 9933//21 9934//21 10035//21 10034//21
f 9934//22 9935//22 10036//22 10035//22
f 9935//23 9936//23 10037//23 10036//23
f 9936//23 9937//23 10038//23 10037//23
f 9937//24 9938//24 10039//24 10038//24
f 9938//25 9939//25 10040//25 10039//25
f 9939//25 9940//25 10041//25 10040//25
f 9940//26 9941//26 10042//26 10041//26
f 9941//27 9942//27 10043//27 10042//27
f 9942//27 9943//27 10044//27 10043//27
f 9943//27 9944//27 10045//27 10044//27
f 9944//28 9945//28 10046//28 10045//28
f 9945//29 9946//29 10047//29 10046//29
f 9946//29 9947//29 10048//29 10047//29
f 9947//30 9948//30 10049//30 10048//30
f 9948//31 9949//31 10050//31 10049//31
f 9949//31 9950//31 10051//31 10050//31
f 9950//32 9951//32 10052//32 10051//32
f 9951//33 9952//33 10053//33 10052//33
f 9952//33 9953//33 10054//33 10053//33
f 9953//34 9954//34 10055//34 10054//34
f 9954//35 9955//35 10056//35 10055//35
f 9955//35 9956//35 10057//35 10056//35
f 9956//35 9957//35 10058//35 10057//35
f 9957//36 9958//36 10059//36 10058//36
f 9958//37 9959//37 10060//37 10059//37
f 9959//37 9960//37 10061//37 10060//37
f 9960//38 9961//38 10062//38 10061//38
f 9961//39 9962//39 10063//39 10062//39
f 9962//39 9963//39 10064//39 10063//39
f 9963//40 9964//40 10065//40 10064//40
f 9964//41 9965//41 10066//41 10065//41
f 9965//41 9966//41 10067//41 10066//41
f 9966//42 9967//42 10068//42 10067//42
f 9967//43 9968//43 10069//43 10068//43
f 9968//43 9969//43 10070//43 10069//43
f 9969//44 9970//44 10071//44 10070//44
f 9970//45 9971//45 10072//45 10071//45
f 9971//45 9972//45 10073//45 10072//45
f 9972//45 9973//45 10074//45 10073//45
f 9973//46 9974//46 10075//46 10074//46
f 9974//47 9975//47 10076//47 10075//47
f 9975//47 9976//47 10077//47 10076//47
f 9976//48 9977//48 10078//48 10077//48
f 9977//49 9978//49 10079//49 10078//49
f 9978//49 9979//49 10080//49 10079//49
f 9979//50 9980//50 10081//50 10080//50
f 9980//51 9981//51 10082//51 10081//51
f 9981//51 9982//51 10083//51 10082//51
f 9982//52 9983//52 10084//52 10083//52
f 9983//53 9984//53 10085//53 10084//53
f 9984//53 9985//53 10086//53 10085//53
f 9985//53 9986//53 10087//53 10086//53
f 9986//54 9987//54 10088//54 10087//54
f 9987//55 9988//55 10089//55 10088//55
f 9988//55 9989//55 10090//55 10089//55
f 9989//56 9990//56 10091//56 10090//56
f 9990//57 9991//57 10092//57 10091//57
f 9991//57 9992//57 10093//57 10092//57
f 9992//58 9993//58 10094//58 10093//58
f 9993//59 9994//59 10095//59 10094//59
f 9994//59 9995//59 10096//59 10095//59
f 9995//60 9996//60 10097//60 10096//60
f 9996//61 9997//61 10098//61 10097//61
f 9997//61 9998//61 10099//61 10098//61
f 9998//61 9999//61 10100//61 10099//61
f 10000//1 10001//1 10102//1 10101//1
f 10001//1 10002//1 10103//1 10102//1
f 10002//1 10003//1 10104//1 10103//1
f 10003//2 10004//2 10105//2 10104//2
f 10004//3 10005//3 10106//3 10105//3
f 10005//3 10006//3 10107//3 10106//3
f 10006//4 10007//4 10108//4 10107//4
f 10007//5 10008//5 10109//5 10108//5
f 10008//5 10009//5 10110//5 10109//5
f 10009//6 10010//6 10111//6 10110//6
f 10010//7 10011//7 10112//7 10111//7
f 10011//7 10012//7 10113//7 10112//7
f 10012//8 10013//8 10114//8 10113//8
f 10013//9 10014//9 10115//9 10114//9
f 10014//9 10015//9 10116//9 10115//9
f 10015//9 10016//9 10117//9 10116//9
f 10016//10 10017//10 10118//10 10117//10
f 10017//11 10018//11 10119//11 10118//11
f 10018//11 10019//11 10120//11 10119//11
f 10019//63 10020//63 10121//63 10120//63
f 10020//13 10021//13 10122//13 10121//13
f 10021//13 10022//13 10123//13 10122//13
f 10022//14 10023//14 10124//14 10123//14
f 10023//15 10024//15 10125//15 10124//15
f 10024//15 10025//15 10126//15 10125//15
f 10025//16 10026//16 10127//16 10126//16
f 10026//17 10027//17 10128//17 10127//17
f 10027//17 10028//17 10129//17 10128//17
f 10028//17 10029//17 10130//17 10129//17
f 10029//18 10030//18 10131//18 10130//18
f 10030//19 10031//19 10132//19 10131//19
f 10031//19 10032//19 10133//19 10132//19
f 10032//20 10033//20 10134//20 10133//20
f 10033//21 10034//21 10135//21 10134//21
f 10034//21 10035//21 10136//21 10135//21
f 10035//22 10036//22 10137//22 10136//22
f 10036//23 10037//23 10138//23 10137//23
f 10037//23 10038//23 10139//23 10138//23
f 10038//24 10039//24 10140//24 10139//24
f 10039//25 10040//25 10141//25 10140//25
f 10040//25 10041//25 10142//25 10141//25
f 10041//26 10042//26 10143//26 10142//26
f 10042//27 10043//27 10144//27 10143//27
f 10043//27 10044//27 10145//27 10144//27
f 10044//27 10045//27 10146//27 10145//27
f 10045//28 10046//28 10147//28 10146//28
f 10046//29 10047//29 10148//29 10147//29
f 10047//29 10048//29 10149//29 10148//29
f 10048//30 10049//30 10150//30 10149//30
f 10049//31 10050//31 10151//31 10150//31
f 10050//31 10051//31 10152//31 10151//31
f 10051//32 10052//32 10153//32 10152//32
f 10052//33 10053//33 10154//33 10153//33
f 10053//33 10054//33 10155//33 10154//33
f 10054//34 10055//34 10156//34 10155//34
f 10055//35 10056//35 10157//35 10156//35
f 10056//35 10057//35 10158//35 10157//35
f 10057//35 10058//35 10159//35 10158//35
f 10058//36 10059//36 10160//36 10159//36
f 10059//37 10060//37 10161//37 10160//37
f 10060//37 10061//37 10162//37 10161//37
f 10061//38 10062//38 10163//38 10162//38
f 10062//39 10063//39 10164//39 10163//39
f 10063//39 10064//39 10165//39 10164//39
f 10064//40 10065//40 10166//40 10165//40
f 10065//41 10066//41 10167//41 10166//41
f 10066//41 10067//41 10168//41 10167//41
f 10067//42 10068//42 10169//42 10168//42
f 10068//43 10069//43 10170//43 10169//43
f 10069//43 10070//43 10171//43 10170//43
f 10070//44 10071//44 10172//44 10171//44
f 10071//45 10072//45 10173//45 10172//45
f 10072//45 10073//45 10174//45 10173//45
f 10073//45 10074//45 10175//45 10174//45
f 10074//46 10075//46 10176//46 10175//46
f 10075//47 10076//47 10177//47 10176//47
f 10076//47 10077//47 10178//47 10177//47
f 10077//48 10078//48 10179//48 10178//48
f 10078//49 10079//49 10180//49 10179//49
f 10079//49 10080//49 10181//49 10180//49
f 10080//50 10081//50 10182//50 10181//50
f 10081//51 10082//51 10183//51 10182//51
f 10082//51 10083//51 10184//51 10183//51
f 10083//52 10084//52 10185//52 10184//52
f 10084//53 10085//53 10186//53 10185//53
f 10085//53 10086//53 10187//53 10186//53
f 10086//53 10087//53 10188//53 10187//53
f 10087//54 10088//54 10189//54 10188//54
f 10088//55 10089//55 10190//55 10189//55
f 10089//55 10090//55 10191//55 10190//55
f 10090//56 10091//56 10192//56 10191//56
f 10091//57 10092//57 10193//57 10192//57
f 10092//57 10093//57 10194//57 10193//57
f 10093//58 10094//58 10195//58 10194//58
f 10094//59 10095//59 10196//59 10195//59
f 10095//59 10096//59 10197//59 10196//59
f 10096//60 10097//60 10198//60 10197//60
f 10097//61 10098//61 10199//61 10198//61
f 10098//61 10099//61 10200//61 10199//61
f 10099//61 10100//61 10201//61 10200//61
