# Blender 3.6.5
# www.blender.org
o SpiralPlane5
v 0.756458 0.000000 1.000000
v 0.537925 0.267545 1.000000
v 0.319393 0.535090 1.000000
v 0.100861 0.802635 1.000000
v 0.055679 0.937610 1.000000
v 0.159082 0.958954 1.000000
v 0.262485 0.980298 1.000000
v 0.361050 0.999618 1.000000
v 0.401558 0.994654 1.000000
v 0.442066 0.989691 1.000000
v 0.482575 0.984727 1.000000
v 0.523083 0.975181 1.000000
v 0.563592 0.962772 1.000000
v 0.604100 0.950363 1.000000
v 0.648872 0.935281 1.000000
v 0.717097 0.905498 1.000000
v 0.785322 0.875716 1.000000
v 0.853547 0.845934 1.000000
v 0.852399 0.812715 1.000000
v 0.820418 0.777969 1.000000
v 0.788438 0.743223 1.000000
v 0.751291 0.712715 1.000000
v 0.696925 0.696334 1.000000
v 0.642558 0.679954 1.000000
v 0.588192 0.663574 1.000000
v 0.499385 0.636884 1.000000
v 0.400246 0.607102 1.000000
v 0.301107 0.577320 1.000000
v 0.217712 0.541581 1.000000
v 0.169742 0.492440 1.000000
v 0.121771 0.443299 1.000000
v 0.073801 0.394158 1.000000
v 0.115129 0.408018 1.000000
v 0.172694 0.433333 1.000000
v 0.230258 0.458648 1.000000
v 0.306273 0.456281 1.000000
v 0.411808 0.409622 1.000000
v 0.517343 0.362963 1.000000
v 0.622878 0.316304 1.000000
v 0.684133 0.313631 1.000000
v 0.741697 0.314624 1.000000
v 0.799262 0.315617 1.000000
v 0.852891 0.291180 1.000000
v 0.901927 0.237075 1.000000
v 0.950963 0.182971 1.000000
v 1.000000 0.128866 1.000000
v 0.756458 0.000000 0.955556
v 0.537925 0.267545 0.955556
v 0.319393 0.535090 0.955556
v 0.100861 0.802635 0.955556
v 0.055679 0.937610 0.955556
v 0.159082 0.958954 0.955556
v 0.262485 0.980298 0.955556
v 0.361050 0.999618 0.955556
v 0.401558 0.994654 0.955556
v 0.442066 0.989691 0.955556
v 0.482575 0.984727 0.955556
v 0.523083 0.975181 0.955556
v 0.563592 0.962772 0.955556
v 0.604100 0.950363 0.955556
v 0.648872 0.935281 0.955556
v 0.717097 0.905498 0.955556
v 0.785322 0.875716 0.955556
v 0.853547 0.845934 0.955556
v 0.852399 0.812715 0.955556
v 0.820418 0.777969 0.955556
v 0.788438 0.743223 0.955556
v 0.751291 0.712715 0.955556
v 0.696925 0.696334 0.955556
v 0.642558 0.679954 0.955556
v 0.588192 0.663574 0.955556
v 0.499385 0.636884 0.955556
v 0.400246 0.607102 0.955556
v 0.301107 0.577320 0.955556
v 0.217712 0.541581 0.955556
v 0.169742 0.492440 0.955556
v 0.121771 0.443299 0.955556
v 0.073801 0.394158 0.955556
v 0.115129 0.408018 0.955556
v 0.172694 0.433333 0.955556
v 0.230258 0.458648 0.955556
v 0.306273 0.456281 0.955556
v 0.411808 0.409622 0.955556
v 0.517343 0.362963 0.955556
v 0.622878 0.316304 0.955556
v 0.684133 0.313631 0.955556
v 0.741697 0.314624 0.955556
v 0.799262 0.315617 0.955556
v 0.852891 0.291180 0.955556
v 0.901927 0.237075 0.955556
v 0.950963 0.182971 0.955556
v 1.000000 0.128866 0.955556
v 0.756458 0.000000 0.911111
v 0.537925 0.267545 0.911111
v 0.319393 0.535090 0.911111
v 0.100861 0.802635 0.911111
v 0.055679 0.937610 0.911111
v 0.159082 0.958954 0.911111
v 0.262485 0.980298 0.911111
v 0.361050 0.999618 0.911111
v 0.401558 0.994654 0.911111
v 0.442066 0.989691 0.911111
v 0.482575 0.984727 0.911111
v 0.523083 0.975181 0.911111
v 0.563592 0.962772 0.911111
v 0.604100 0.950363 0.911111
v 0.648872 0.935281 0.911111
v 0.717097 0.905498 0.911111
v 0.785322 0.875716 0.911111
v 0.853547 0.845934 0.911111
v 0.852399 0.812715 0.911111
v 0.820418 0.777969 0.911111
v 0.788438 0.743223 0.911111
v 0.751291 0.712715 0.911111
v 0.696925 0.696334 0.911111
v 0.642558 0.679954 0.911111
v 0.588192 0.663574 0.911111
v 0.499385 0.636884 0.911111
v 0.400246 0.607102 0.911111
v 0.301107 0.577320 0.911111
v 0.217712 0.541581 0.911111
v 0.169742 0.492440 0.911111
v 0.121771 0.443299 0.911111
v 0.073801 0.394158 0.911111
v 0.115129 0.408018 0.911111
v 0.172694 0.433333 0.911111
v 0.230258 0.458648 0.911111
v 0.306273 0.456281 0.911111
v 0.411808 0.409622 0.911111
v 0.517343 0.362963 0.911111
v 0.622878 0.316304 0.911111
v 0.684133 0.313631 0.911111
v 0.741697 0.314624 0.911111
v 0.799262 0.315617 0.911111
v 0.852891 0.291180 0.911111
v 0.901927 0.237075 0.911111
v 0.950963 0.182971 0.911111
v 1.000000 0.128866 0.911111
v 0.756458 0.000000 0.866667
v 0.537925 0.267545 0.866667
v 0.319393 0.535090 0.866667
v 0.100861 0.802635 0.866667
v 0.055679 0.937610 0.866667
v 0.159082 0.958954 0.866667
v 0.262485 0.980298 0.866667
v 0.361050 0.999618 0.866667
v 0.401558 0.994654 0.866667
v 0.442066 0.989691 0.866667
v 0.482575 0.984727 0.866667
v 0.523083 0.975181 0.866667
v 0.563592 0.962772 0.866667
v 0.604100 0.950363 0.866667
v 0.648872 0.935281 0.866667
v 0.717097 0.905498 0.866667
v 0.785322 0.875716 0.866667
v 0.853547 0.845934 0.866667
v 0.852399 0.812715 0.866667
v 0.820418 0.777969 0.866667
v 0.788438 0.743223 0.866667
v 0.751291 0.712715 0.866667
v 0.696925 0.696334 0.866667
v 0.642558 0.679954 0.866667
v 0.588192 0.663574 0.866667
v 0.499385 0.636884 0.866667
v 0.400246 0.607102 0.866667
v 0.301107 0.577320 0.866667
v 0.217712 0.541581 0.866667
v 0.169742 0.492440 0.866667
v 0.121771 0.443299 0.866667
v 0.073801 0.394158 0.866667
v 0.115129 0.408018 0.866667
v 0.172694 0.433333 0.866667
v 0.230258 0.458648 0.866667
v 0.306273 0.456281 0.866667
v 0.411808 0.409622 0.866667
v 0.517343 0.362963 0.866667
v 0.622878 0.316304 0.866667
v 0.684133 0.313631 0.866667
v 0.741697 0.314624 0.866667
v 0.799262 0.315617 0.866667
v 0.852891 0.291180 0.866667
v 0.901927 0.237075 0.866667
v 0.950963 0.182971 0.866667
v 1.000000 0.128866 0.866667
v 0.756458 0.000000 0.822222
v 0.537925 0.267545 0.822222
v 0.319393 0.535090 0.822222
v 0.100861 0.802635 0.822222
v 0.055679 0.937610 0.822222
v 0.159082 0.958954 0.822222
v 0.262485 0.980298 0.822222
v 0.361050 0.999618 0.822222
v 0.401558 0.994654 0.822222
v 0.442066 0.989691 0.822222
v 0.482575 0.984727 0.822222
v 0.523083 0.975181 0.822222
v 0.563592 0.962772 0.822222
v 0.604100 0.950363 0.822222
v 0.648872 0.935281 0.822222
v 0.717097 0.905498 0.822222
v 0.785322 0.875716 0.822222
v 0.853547 0.845934 0.822222
v 0.852399 0.812715 0.822222
v 0.820418 0.777969 0.822222
v 0.788438 0.743223 0.822222
v 0.751291 0.712715 0.822222
v 0.696925 0.696334 0.822222
v 0.642558 0.679954 0.822222
v 0.588192 0.663574 0.822222
v 0.499385 0.636884 0.822222
v 0.400246 0.607102 0.822222
v 0.301107 0.577320 0.822222
v 0.217712 0.541581 0.822222
v 0.169742 0.492440 0.822222
v 0.121771 0.443299 0.822222
v 0.073801 0.394158 0.822222
v 0.115129 0.408018 0.822222
v 0.172694 0.433333 0.822222
v 0.230258 0.458648 0.822222
v 0.306273 0.456281 0.822222
v 0.411808 0.409622 0.822222
v 0.517343 0.362963 0.822222
v 0.622878 0.316304 0.822222
v 0.684133 0.313631 0.822222
v 0.741697 0.314624 0.822222
v 0.799262 0.315617 0.822222
v 0.852891 0.291180 0.822222
v 0.901927 0.237075 0.822222
v 0.950963 0.182971 0.822222
v 1.000000 0.128866 0.822222
v 0.756458 0.000000 0.777778
v 0.537925 0.267545 0.777778
v 0.319393 0.535090 0.777778
v 0.100861 0.802635 0.777778
v 0.055679 0.937610 0.777778
v 0.159082 0.958954 0.777778
v 0.262485 0.980298 0.777778
v 0.361050 0.999618 0.777778
v 0.401558 0.994654 0.777778
v 0.442066 0.989691 0.777778
v 0.482575 0.984727 0.777778
v 0.523083 0.975181 0.777778
v 0.563592 0.962772 0.777778
v 0.604100 0.950363 0.777778
v 0.648872 0.935281 0.777778
v 0.717097 0.905498 0.777778
v 0.785322 0.875716 0.777778
v 0.853547 0.845934 0.777778
v 0.852399 0.812715 0.777778
v 0.820418 0.777969 0.777778
v 0.788438 0.743223 0.777778
v 0.751291 0.712715 0.777778
v 0.696925 0.696334 0.777778
v 0.642558 0.679954 0.777778
v 0.588192 0.663574 0.777778
v 0.499385 0.636884 0.777778
v 0.400246 0.607102 0.777778
v 0.301107 0.577320 0.777778
v 0.217712 0.541581 0.777778
v 0.169742 0.492440 0.777778
v 0.121771 0.443299 0.777778
v 0.073801 0.394158 0.777778
v 0.115129 0.408018 0.777778
v 0.172694 0.433333 0.777778
v 0.230258 0.458648 0.777778
v 0.306273 0.456281 0.777778
v 0.411808 0.409622 0.777778
v 0.517343 0.362963 0.777778
v 0.622878 0.316304 0.777778
v 0.684133 0.313631 0.777778
v 0.741697 0.314624 0.777778
v 0.799262 0.315617 0.777778
v 0.852891 0.291180 0.777778
v 0.901927 0.237075 0.777778
v 0.950963 0.182971 0.777778
v 1.000000 0.128866 0.777778
v 0.756458 0.000000 0.733333
v 0.537925 0.267545 0.733333
v 0.319393 0.535090 0.733333
v 0.100861 0.802635 0.733333
v 0.055679 0.937610 0.733333
v 0.159082 0.958954 0.733333
v 0.262485 0.980298 0.733333
v 0.361050 0.999618 0.733333
v 0.401558 0.994654 0.733333
v 0.442066 0.989691 0.733333
v 0.482575 0.984727 0.733333
v 0.523083 0.975181 0.733333
v 0.563592 0.962772 0.733333
v 0.604100 0.950363 0.733333
v 0.648872 0.935281 0.733333
v 0.717097 0.905498 0.733333
v 0.785322 0.875716 0.733333
v 0.853547 0.845934 0.733333
v 0.852399 0.812715 0.733333
v 0.820418 0.777969 0.733333
v 0.788438 0.743223 0.733333
v 0.751291 0.712715 0.733333
v 0.696925 0.696334 0.733333
v 0.642558 0.679954 0.733333
v 0.588192 0.663574 0.733333
v 0.499385 0.636884 0.733333
v 0.400246 0.607102 0.733333
v 0.301107 0.577320 0.733333
v 0.217712 0.541581 0.733333
v 0.169742 0.492440 0.733333
v 0.121771 0.443299 0.733333
v 0.073801 0.394158 0.733333
v 0.115129 0.408018 0.733333
v 0.172694 0.433333 0.733333
v 0.230258 0.458648 0.733333
v 0.306273 0.456281 0.733333
v 0.411808 0.409622 0.733333
v 0.517343 0.362963 0.733333
v 0.622878 0.316304 0.733333
v 0.684133 0.313631 0.733333
v 0.741697 0.314624 0.733333
v 0.799262 0.315617 0.733333
v 0.852891 0.291180 0.733333
v 0.901927 0.237075 0.733333
v 0.950963 0.182971 0.733333
v 1.000000 0.128866 0.733333
v 0.756458 0.000000 0.688889
v 0.537925 0.267545 0.688889
v 0.319393 0.535090 0.688889
v 0.100861 0.802635 0.688889
v 0.055679 0.937610 0.688889
v 0.159082 0.958954 0.688889
v 0.262485 0.980298 0.688889
v 0.361050 0.999618 0.688889
v 0.401558 0.994654 0.688889
v 0.442066 0.989691 0.688889
v 0.482575 0.984727 0.688889
v 0.523083 0.975181 0.688889
v 0.563592 0.962772 0.688889
v 0.604100 0.950363 0.688889
v 0.648872 0.935281 0.688889
v 0.717097 0.905498 0.688889
v 0.785322 0.875716 0.688889
v 0.853547 0.845934 0.688889
v 0.852399 0.812715 0.688889
v 0.820418 0.777969 0.688889
v 0.788438 0.743223 0.688889
v 0.751291 0.712715 0.688889
v 0.696925 0.696334 0.688889
v 0.642558 0.679954 0.688889
v 0.588192 0.663574 0.688889
v 0.499385 0.636884 0.688889
v 0.400246 0.607102 0.688889
v 0.301107 0.577320 0.688889
v 0.217712 0.541581 0.688889
v 0.169742 0.492440 0.688889
v 0.121771 0.443299 0.688889
v 0.073801 0.394158 0.688889
v 0.115129 0.408018 0.688889
v 0.172694 0.433333 0.688889
v 0.230258 0.458648 0.688889
v 0.306273 0.456281 0.688889
v 0.411808 0.409622 0.688889
v 0.517343 0.362963 0.688889
v 0.622878 0.316304 0.688889
v 0.684133 0.313631 0.688889
v 0.741697 0.314624 0.688889
v 0.799262 0.315617 0.688889
v 0.852891 0.291180 0.688889
v 0.901927 0.237075 0.688889
v 0.950963 0.182971 0.688889
v 1.000000 0.128866 0.688889
v 0.756458 0.000000 0.644444
v 0.537925 0.267545 0.644444
v 0.319393 0.535090 0.644444
v 0.100861 0.802635 0.644444
v 0.055679 0.937610 0.644444
v 0.159082 0.958954 0.644444
v 0.262485 0.980298 0.644444
v 0.361050 0.999618 0.644444
v 0.401558 0.994654 0.644444
v 0.442066 0.989691 0.644444
v 0.482575 0.984727 0.644444
v 0.523083 0.975181 0.644444
v 0.563592 0.962772 0.644444
v 0.604100 0.950363 0.644444
v 0.648872 0.935281 0.644444
v 0.717097 0.905498 0.644444
v 0.785322 0.875716 0.644444
v 0.853547 0.845934 0.644444
v 0.852399 0.812715 0.644444
v 0.820418 0.777969 0.644444
v 0.788438 0.743223 0.644444
v 0.751291 0.712715 0.644444
v 0.696925 0.696334 0.644444
v 0.642558 0.679954 0.644444
v 0.588192 0.663574 0.644444
v 0.499385 0.636884 0.644444
v 0.400246 0.607102 0.644444
v 0.301107 0.577320 0.644444
v 0.217712 0.541581 0.644444
v 0.169742 0.492440 0.644444
v 0.121771 0.443299 0.644444
v 0.073801 0.394158 0.644444
v 0.115129 0.408018 0.644444
v 0.172694 0.433333 0.644444
v 0.230258 0.458648 0.644444
v 0.306273 0.456281 0.644444
v 0.411808 0.409622 0.644444
v 0.517343 0.362963 0.644444
v 0.622878 0.316304 0.644444
v 0.684133 0.313631 0.644444
v 0.741697 0.314624 0.644444
v 0.799262 0.315617 0.644444
v 0.852891 0.291180 0.644444
v 0.901927 0.237075 0.644444
v 0.950963 0.182971 0.644444
v 1.000000 0.128866 0.644444
v 0.756458 0.000000 0.600000
v 0.537925 0.267545 0.600000
v 0.319393 0.535090 0.600000
v 0.100861 0.802635 0.600000
v 0.055679 0.937610 0.600000
v 0.159082 0.958954 0.600000
v 0.262485 0.980298 0.600000
v 0.361050 0.999618 0.600000
v 0.401558 0.994654 0.600000
v 0.442066 0.989691 0.600000
v 0.482575 0.984727 0.600000
v 0.523083 0.975181 0.600000
v 0.563592 0.962772 0.600000
v 0.604100 0.950363 0.600000
v 0.648872 0.935281 0.600000
v 0.717097 0.905498 0.600000
v 0.785322 0.875716 0.600000
v 0.853547 0.845934 0.600000
v 0.852399 0.812715 0.600000
v 0.820418 0.777969 0.600000
v 0.788438 0.743223 0.600000
v 0.751291 0.712715 0.600000
v 0.696925 0.696334 0.600000
v 0.642558 0.679954 0.600000
v 0.588192 0.663574 0.600000
v 0.499385 0.636884 0.600000
v 0.400246 0.607102 0.600000
v 0.301107 0.577320 0.600000
v 0.217712 0.541581 0.600000
v 0.169742 0.492440 0.600000
v 0.121771 0.443299 0.600000
v 0.073801 0.394158 0.600000
v 0.115129 0.408018 0.600000
v 0.172694 0.433333 0.600000
v 0.230258 0.458648 0.600000
v 0.306273 0.456281 0.600000
v 0.411808 0.409622 0.600000
v 0.517343 0.362963 0.600000
v 0.622878 0.316304 0.600000
v 0.684133 0.313631 0.600000
v 0.741697 0.314624 0.600000
v 0.799262 0.315617 0.600000
v 0.852891 0.291180 0.600000
v 0.901927 0.237075 0.600000
v 0.950963 0.182971 0.600000
v 1.000000 0.128866 0.600000
v 0.756458 0.000000 0.555556
v 0.537925 0.267545 0.555556
v 0.319393 0.535090 0.555556
v 0.100861 0.802635 0.555556
v 0.055679 0.937610 0.555556
v 0.159082 0.958954 0.555556
v 0.262485 0.980298 0.555556
v 0.361050 0.999618 0.555556
v 0.401558 0.994654 0.555556
v 0.442066 0.989691 0.555556
v 0.482575 0.984727 0.555556
v 0.523083 0.975181 0.555556
v 0.563592 0.962772 0.555556
v 0.604100 0.950363 0.555556
v 0.648872 0.935281 0.555556
v 0.717097 0.905498 0.555556
v 0.785322 0.875716 0.555556
v 0.853547 0.845934 0.555556
v 0.852399 0.812715 0.555556
v 0.820418 0.777969 0.555556
v 0.788438 0.743223 0.555556
v 0.751291 0.712715 0.555556
v 0.696925 0.696334 0.555556
v 0.642558 0.679954 0.555556
v 0.588192 0.663574 0.555556
v 0.499385 0.636884 0.555556
v 0.400246 0.607102 0.555556
v 0.301107 0.577320 0.555556
v 0.217712 0.541581 0.555556
v 0.169742 0.492440 0.555556
v 0.121771 0.443299 0.555556
v 0.073801 0.394158 0.555556
v 0.115129 0.408018 0.555556
v 0.172694 0.433333 0.555556
v 0.230258 0.458648 0.555556
v 0.306273 0.456281 0.555556
v 0.411808 0.409622 0.555556
v 0.517343 0.362963 0.555556
v 0.622878 0.316304 0.555556
v 0.684133 0.313631 0.555556
v 0.741697 0.314624 0.555556
v 0.799262 0.315617 0.555556
v 0.852891 0.291180 0.555556
v 0.901927 0.237075 0.555556
v 0.950963 0.182971 0.555556
v 1.000000 0.128866 0.555556
v 0.756458 0.000000 0.511111
v 0.537925 0.267545 0.511111
v 0.319393 0.535090 0.511111
v 0.100861 0.802635 0.511111
v 0.055679 0.937610 0.511111
v 0.159082 0.958954 0.511111
v 0.262485 0.980298 0.511111
v 0.361050 0.999618 0.511111
v 0.401558 0.994654 0.511111
v 0.442066 0.989691 0.511111
v 0.482575 0.984727 0.511111
v 0.523083 0.975181 0.511111
v 0.563592 0.962772 0.511111
v 0.604100 0.950363 0.511111
v 0.648872 0.935281 0.511111
v 0.717097 0.905498 0.511111
v 0.785322 0.875716 0.511111
v 0.853547 0.845934 0.511111
v 0.852399 0.812715 0.511111
v 0.820418 0.777969 0.511111
v 0.788438 0.743223 0.511111
v 0.751291 0.712715 0.511111
v 0.696925 0.696334 0.511111
v 0.642558 0.679954 0.511111
v 0.588192 0.663574 0.511111
v 0.499385 0.636884 0.511111
v 0.400246 0.607102 0.511111
v 0.301107 0.577320 0.511111
v 0.217712 0.541581 0.511111
v 0.169742 0.492440 0.511111
v 0.121771 0.443299 0.511111
v 0.073801 0.394158 0.511111
v 0.115129 0.408018 0.511111
v 0.172694 0.433333 0.511111
v 0.230258 0.458648 0.511111
v 0.306273 0.456281 0.511111
v 0.411808 0.409622 0.511111
v 0.517343 0.362963 0.511111
v 0.622878 0.316304 0.511111
v 0.684133 0.313631 0.511111
v 0.741697 0.314624 0.511111
v 0.799262 0.315617 0.511111
v 0.852891 0.291180 0.511111
v 0.901927 0.237075 0.511111
v 0.950963 0.182971 0.511111
v 1.000000 0.128866 0.511111
v 0.756458 0.000000 0.466667
v 0.537925 0.267545 0.466667
v 0.319393 0.535090 0.466667
v 0.100861 0.802635 0.466667
v 0.055679 0.937610 0.466667
v 0.159082 0.958954 0.466667
v 0.262485 0.980298 0.466667
v 0.361050 0.999618 0.466667
v 0.401558 0.994654 0.466667
v 0.442066 0.989691 0.466667
v 0.482575 0.984727 0.466667
v 0.523083 0.975181 0.466667
v 0.563592 0.962772 0.466667
v 0.604100 0.950363 0.466667
v 0.648872 0.935281 0.466667
v 0.717097 0.905498 0.466667
v 0.785322 0.875716 0.466667
v 0.853547 0.845934 0.466667
v 0.852399 0.812715 0.466667
v 0.820418 0.777969 0.466667
v 0.788438 0.743223 0.466667
v 0.751291 0.712715 0.466667
v 0.696925 0.696334 0.466667
v 0.642558 0.679954 0.466667
v 0.588192 0.663574 0.466667
v 0.499385 0.636884 0.466667
v 0.400246 0.607102 0.466667
v 0.301107 0.577320 0.466667
v 0.217712 0.541581 0.466667
v 0.169742 0.492440 0.466667
v 0.121771 0.443299 0.466667
v 0.073801 0.394158 0.466667
v 0.115129 0.408018 0.466667
v 0.172694 0.433333 0.466667
v 0.230258 0.458648 0.466667
v 0.306273 0.456281 0.466667
v 0.411808 0.409622 0.466667
v 0.517343 0.362963 0.466667
v 0.622878 0.316304 0.466667
v 0.684133 0.313631 0.466667
v 0.741697 0.314624 0.466667
v 0.799262 0.315617 0.466667
v 0.852891 0.291180 0.466667
v 0.901927 0.237075 0.466667
v 0.950963 0.182971 0.466667
v 1.000000 0.128866 0.466667
v 0.756458 0.000000 0.422222
v 0.537925 0.267545 0.422222
v 0.319393 0.535090 0.422222
v 0.100861 0.802635 0.422222
v 0.055679 0.937610 0.422222
v 0.159082 0.958954 0.422222
v 0.262485 0.980298 0.422222
v 0.361050 0.999618 0.422222
v 0.401558 0.994654 0.422222
v 0.442066 0.989691 0.422222
v 0.482575 0.984727 0.422222
v 0.523083 0.975181 0.422222
v 0.563592 0.962772 0.422222
v 0.604100 0.950363 0.422222
v 0.648872 0.935281 0.422222
v 0.717097 0.905498 0.422222
v 0.785322 0.875716 0.422222
v 0.853547 0.845934 0.422222
v 0.852399 0.812715 0.422222
v 0.820418 0.777969 0.422222
v 0.788438 0.743223 0.422222
v 0.751291 0.712715 0.422222
v 0.696925 0.696334 0.422222
v 0.642558 0.679954 0.422222
v 0.588192 0.663574 0.422222
v 0.499385 0.636884 0.422222
v 0.400246 0.607102 0.422222
v 0.301107 0.577320 0.422222
v 0.217712 0.541581 0.422222
v 0.169742 0.492440 0.422222
v 0.121771 0.443299 0.422222
v 0.073801 0.394158 0.422222
v 0.115129 0.408018 0.422222
v 0.172694 0.433333 0.422222
v 0.230258 0.458648 0.422222
v 0.306273 0.456281 0.422222
v 0.411808 0.409622 0.422222
v 0.517343 0.362963 0.422222
v 0.622878 0.316304 0.422222
v 0.684133 0.313631 0.422222
v 0.741697 0.314624 0.422222
v 0.799262 0.315617 0.422222
v 0.852891 0.291180 0.422222
v 0.901927 0.237075 0.422222
v 0.950963 0.182971 0.422222
v 1.000000 0.128866 0.422222
v 0.756458 0.000000 0.377778
v 0.537925 0.267545 0.377778
v 0.319393 0.535090 0.377778
v 0.100861 0.802635 0.377778
v 0.055679 0.937610 0.377778
v 0.159082 0.958954 0.377778
v 0.262485 0.980298 0.377778
v 0.361050 0.999618 0.377778
v 0.401558 0.994654 0.377778
v 0.442066 0.989691 0.377778
v 0.482575 0.984727 0.377778
v 0.523083 0.975181 0.377778
v 0.563592 0.962772 0.377778
v 0.604100 0.950363 0.377778
v 0.648872 0.935281 0.377778
v 0.717097 0.905498 0.377778
v 0.785322 0.875716 0.377778
v 0.853547 0.845934 0.377778
v 0.852399 0.812715 0.377778
v 0.820418 0.777969 0.377778
v 0.788438 0.743223 0.377778
v 0.751291 0.712715 0.377778
v 0.696925 0.696334 0.377778
v 0.642558 0.679954 0.377778
v 0.588192 0.663574 0.377778
v 0.499385 0.636884 0.377778
v 0.400246 0.607102 0.377778
v 0.301107 0.577320 0.377778
v 0.217712 0.541581 0.377778
v 0.169742 0.492440 0.377778
v 0.121771 0.443299 0.377778
v 0.073801 0.394158 0.377778
v 0.115129 0.408018 0.377778
v 0.172694 0.433333 0.377778
v 0.230258 0.458648 0.377778
v 0.306273 0.456281 0.377778
v 0.411808 0.409622 0.377778
v 0.517343 0.362963 0.377778
v 0.622878 0.316304 0.377778
v 0.684133 0.313631 0.377778
v 0.741697 0.314624 0.377778
v 0.799262 0.315617 0.377778
v 0.852891 0.291180 0.377778
v 0.901927 0.237075 0.377778
v 0.950963 0.182971 0.377778
v 1.000000 0.128866 0.377778
v 0.756458 0.000000 0.333333
v 0.537925 0.267545 0.333333
v 0.319393 0.535090 0.333333
v 0.100861 0.802635 0.333333
v 0.055679 0.937610 0.333333
v 0.159082 0.958954 0.333333
v 0.262485 0.980298 0.333333
v 0.361050 0.999618 0.333333
v 0.401558 0.994654 0.333333
v 0.442066 0.989691 0.333333
v 0.482575 0.984727 0.333333
v 0.523083 0.975181 0.333333
v 0.563592 0.962772 0.333333
v 0.604100 0.950363 0.333333
v 0.648872 0.935281 0.333333
v 0.717097 0.905498 0.333333
v 0.785322 0.875716 0.333333
v 0.853547 0.845934 0.333333
v 0.852399 0.812715 0.333333
v 0.820418 0.777969 0.333333
v 0.788438 0.743223 0.333333
v 0.751291 0.712715 0.333333
v 0.696925 0.696334 0.333333
v 0.642558 0.679954 0.333333
v 0.588192 0.663574 0.333333
v 0.499385 0.636884 0.333333
v 0.400246 0.607102 0.333333
v 0.301107 0.577320 0.333333
v 0.217712 0.541581 0.333333
v 0.169742 0.492440 0.333333
v 0.121771 0.443299 0.333333
v 0.073801 0.394158 0.333333
v 0.115129 0.408018 0.333333
v 0.172694 0.433333 0.333333
v 0.230258 0.458648 0.333333
v 0.306273 0.456281 0.333333
v 0.411808 0.409622 0.333333
v 0.517343 0.362963 0.333333
v 0.622878 0.316304 0.333333
v 0.684133 0.313631 0.333333
v 0.741697 0.314624 0.333333
v 0.799262 0.315617 0.333333
v 0.852891 0.291180 0.333333
v 0.901927 0.237075 0.333333
v 0.950963 0.182971 0.333333
v 1.000000 0.128866 0.333333
v 0.756458 0.000000 0.288889
v 0.537925 0.267545 0.288889
v 0.319393 0.535090 0.288889
v 0.100861 0.802635 0.288889
v 0.055679 0.937610 0.288889
v 0.159082 0.958954 0.288889
v 0.262485 0.980298 0.288889
v 0.361050 0.999618 0.288889
v 0.401558 0.994654 0.288889
v 0.442066 0.989691 0.288889
v 0.482575 0.984727 0.288889
v 0.523083 0.975181 0.288889
v 0.563592 0.962772 0.288889
v 0.604100 0.950363 0.288889
v 0.648872 0.935281 0.288889
v 0.717097 0.905498 0.288889
v 0.785322 0.875716 0.288889
v 0.853547 0.845934 0.288889
v 0.852399 0.812715 0.288889
v 0.820418 0.777969 0.288889
v 0.788438 0.743223 0.288889
v 0.751291 0.712715 0.288889
v 0.696925 0.696334 0.288889
v 0.642558 0.679954 0.288889
v 0.588192 0.663574 0.288889
v 0.499385 0.636884 0.288889
v 0.400246 0.607102 0.288889
v 0.301107 0.577320 0.288889
v 0.217712 0.541581 0.288889
v 0.169742 0.492440 0.288889
v 0.121771 0.443299 0.288889
v 0.073801 0.394158 0.288889
v 0.115129 0.408018 0.288889
v 0.172694 0.433333 0.288889
v 0.230258 0.458648 0.288889
v 0.306273 0.456281 0.288889
v 0.411808 0.409622 0.288889
v 0.517343 0.362963 0.288889
v 0.622878 0.316304 0.288889
v 0.684133 0.313631 0.288889
v 0.741697 0.314624 0.288889
v 0.799262 0.315617 0.288889
v 0.852891 0.291180 0.288889
v 0.901927 0.237075 0.288889
v 0.950963 0.182971 0.288889
v 1.000000 0.128866 0.288889
v 0.756458 0.000000 0.244444
v 0.537925 0.267545 0.244444
v 0.319393 0.535090 0.244444
v 0.100861 0.802635 0.244444
v 0.055679 0.937610 0.244444
v 0.159082 0.958954 0.244444
v 0.262485 0.980298 0.244444
v 0.361050 0.999618 0.244444
v 0.401558 0.994654 0.244444
v 0.442066 0.989691 0.244444
v 0.482575 0.984727 0.244444
v 0.523083 0.975181 0.244444
v 0.563592 0.962772 0.244444
v 0.604100 0.950363 0.244444
v 0.648872 0.935281 0.244444
v 0.717097 0.905498 0.244444
v 0.785322 0.875716 0.244444
v 0.853547 0.845934 0.244444
v 0.852399 0.812715 0.244444
v 0.820418 0.777969 0.244444
v 0.788438 0.743223 0.244444
v 0.751291 0.712715 0.244444
v 0.696925 0.696334 0.244444
v 0.642558 0.679954 0.244444
v 0.588192 0.663574 0.244444
v 0.499385 0.636884 0.244444
v 0.400246 0.607102 0.244444
v 0.301107 0.577320 0.244444
v 0.217712 0.541581 0.244444
v 0.169742 0.492440 0.244444
v 0.121771 0.443299 0.244444
v 0.073801 0.394158 0.244444
v 0.115129 0.408018 0.244444
v 0.172694 0.433333 0.244444
v 0.230258 0.458648 0.244444
v 0.306273 0.456281 0.244444
v 0.411808 0.409622 0.244444
v 0.517343 0.362963 0.244444
v 0.622878 0.316304 0.244444
v 0.684133 0.313631 0.244444
v 0.741697 0.314624 0.244444
v 0.799262 0.315617 0.244444
v 0.852891 0.291180 0.244444
v 0.901927 0.237075 0.244444
v 0.950963 0.182971 0.244444
v 1.000000 0.128866 0.244444
v 0.756458 0.000000 0.200000
v 0.537925 0.267545 0.200000
v 0.319393 0.535090 0.200000
v 0.100861 0.802635 0.200000
v 0.055679 0.937610 0.200000
v 0.159082 0.958954 0.200000
v 0.262485 0.980298 0.200000
v 0.361050 0.999618 0.200000
v 0.401558 0.994654 0.200000
v 0.442066 0.989691 0.200000
v 0.482575 0.984727 0.200000
v 0.523083 0.975181 0.200000
v 0.563592 0.962772 0.200000
v 0.604100 0.950363 0.200000
v 0.648872 0.935281 0.200000
v 0.717097 0.905498 0.200000
v 0.785322 0.875716 0.200000
v 0.853547 0.845934 0.200000
v 0.852399 0.812715 0.200000
v 0.820418 0.777969 0.200000
v 0.788438 0.743223 0.200000
v 0.751291 0.712715 0.200000
v 0.696925 0.696334 0.200000
v 0.642558 0.679954 0.200000
v 0.588192 0.663574 0.200000
v 0.499385 0.636884 0.200000
v 0.400246 0.607102 0.200000
v 0.301107 0.577320 0.200000
v 0.217712 0.541581 0.200000
v 0.169742 0.492440 0.200000
v 0.121771 0.443299 0.200000
v 0.073801 0.394158 0.200000
v 0.115129 0.408018 0.200000
v 0.172694 0.433333 0.200000
v 0.230258 0.458648 0.200000
v 0.306273 0.456281 0.200000
v 0.411808 0.409622 0.200000
v 0.517343 0.362963 0.200000
v 0.622878 0.316304 0.200000
v 0.684133 0.313631 0.200000
v 0.741697 0.314624 0.200000
v 0.799262 0.315617 0.200000
v 0.852891 0.291180 0.200000
v 0.901927 0.237075 0.200000
v 0.950963 0.182971 0.200000
v 1.000000 0.128866 0.200000
v 0.756458 0.000000 0.155556
v 0.537925 0.267545 0.155556
v 0.319393 0.535090 0.155556
v 0.100861 0.802635 0.155556
v 0.055679 0.937610 0.155556
v 0.159082 0.958954 0.155556
v 0.262485 0.980298 0.155556
v 0.361050 0.999618 0.155556
v 0.401558 0.994654 0.155556
v 0.442066 0.989691 0.155556
v 0.482575 0.984727 0.155556
v 0.523083 0.975181 0.155556
v 0.563592 0.962772 0.155556
v 0.604100 0.950363 0.155556
v 0.648872 0.935281 0.155556
v 0.717097 0.905498 0.155556
v 0.785322 0.875716 0.155556
v 0.853547 0.845934 0.155556
v 0.852399 0.812715 0.155556
v 0.820418 0.777969 0.155556
v 0.788438 0.743223 0.155556
v 0.751291 0.712715 0.155556
v 0.696925 0.696334 0.155556
v 0.642558 0.679954 0.155556
v 0.588192 0.663574 0.155556
v 0.499385 0.636884 0.155556
v 0.400246 0.607102 0.155556
v 0.301107 0.577320 0.155556
v 0.217712 0.541581 0.155556
v 0.169742 0.492440 0.155556
v 0.121771 0.443299 0.155556
v 0.073801 0.394158 0.155556
v 0.115129 0.408018 0.155556
v 0.172694 0.433333 0.155556
v 0.230258 0.458648 0.155556
v 0.306273 0.456281 0.155556
v 0.411808 0.409622 0.155556
v 0.517343 0.362963 0.155556
v 0.622878 0.316304 0.155556
v 0.684133 0.313631 0.155556
v 0.741697 0.314624 0.155556
v 0.799262 0.315617 0.155556
v 0.852891 0.291180 0.155556
v 0.901927 0.237075 0.155556
v 0.950963 0.182971 0.155556
v 1.000000 0.128866 0.155556
v 0.756458 0.000000 0.111111
v 0.537925 0.267545 0.111111
v 0.319393 0.535090 0.111111
v 0.100861 0.802635 0.111111
v 0.055679 0.937610 0.111111
v 0.159082 0.958954 0.111111
v 0.262485 0.980298 0.111111
v 0.361050 0.999618 0.111111
v 0.401558 0.994654 0.111111
v 0.442066 0.989691 0.111111
v 0.482575 0.984727 0.111111
v 0.523083 0.975181 0.111111
v 0.563592 0.962772 0.111111
v 0.604100 0.950363 0.111111
v 0.648872 0.935281 0.111111
v 0.717097 0.905498 0.111111
v 0.785322 0.875716 0.111111
v 0.853547 0.845934 0.111111
v 0.852399 0.812715 0.111111
v 0.820418 0.777969 0.111111
v 0.788438 0.743223 0.111111
v 0.751291 0.712715 0.111111
v 0.696925 0.696334 0.111111
v 0.642558 0.679954 0.111111
v 0.588192 0.663574 0.111111
v 0.499385 0.636884 0.111111
v 0.400246 0.607102 0.111111
v 0.301107 0.577320 0.111111
v 0.217712 0.541581 0.111111
v 0.169742 0.492440 0.111111
v 0.121771 0.443299 0.111111
v 0.073801 0.394158 0.111111
v 0.115129 0.408018 0.111111
v 0.172694 0.433333 0.111111
v 0.230258 0.458648 0.111111
v 0.306273 0.456281 0.111111
v 0.411808 0.409622 0.111111
v 0.517343 0.362963 0.111111
v 0.622878 0.316304 0.111111
v 0.684133 0.313631 0.111111
v 0.741697 0.314624 0.111111
v 0.799262 0.315617 0.111111
v 0.852891 0.291180 0.111111
v 0.901927 0.237075 0.111111
v 0.950963 0.182971 0.111111
v 1.000000 0.128866 0.111111
v 0.756458 0.000000 0.066667
v 0.537925 0.267545 0.066667
v 0.319393 0.535090 0.066667
v 0.100861 0.802635 0.066667
v 0.055679 0.937610 0.066667
v 0.159082 0.958954 0.066667
v 0.262485 0.980298 0.066667
v 0.361050 0.999618 0.066667
v 0.401558 0.994654 0.066667
v 0.442066 0.989691 0.066667
v 0.482575 0.984727 0.066667
v 0.523083 0.975181 0.066667
v 0.563592 0.962772 0.066667
v 0.604100 0.950363 0.066667
v 0.648872 0.935281 0.066667
v 0.717097 0.905498 0.066667
v 0.785322 0.875716 0.066667
v 0.853547 0.845934 0.066667
v 0.852399 0.812715 0.066667
v 0.820418 0.777969 0.066667
v 0.788438 0.743223 0.066667
v 0.751291 0.712715 0.066667
v 0.696925 0.696334 0.066667
v 0.642558 0.679954 0.066667
v 0.588192 0.663574 0.066667
v 0.499385 0.636884 0.066667
v 0.400246 0.607102 0.066667
v 0.301107 0.577320 0.066667
v 0.217712 0.541581 0.066667
v 0.169742 0.492440 0.066667
v 0.121771 0.443299 0.066667
v 0.073801 0.394158 0.066667
v 0.115129 0.408018 0.066667
v 0.172694 0.433333 0.066667
v 0.230258 0.458648 0.066667
v 0.306273 0.456281 0.066667
v 0.411808 0.409622 0.066667
v 0.517343 0.362963 0.066667
v 0.622878 0.316304 0.066667
v 0.684133 0.313631 0.066667
v 0.741697 0.314624 0.066667
v 0.799262 0.315617 0.066667
v 0.852891 0.291180 0.066667
v 0.901927 0.237075 0.066667
v 0.950963 0.182971 0.066667
v 1.000000 0.128866 0.066667
v 0.756458 0.000000 0.022222
v 0.537925 0.267545 0.022222
v 0.319393 0.535090 0.022222
v 0.100861 0.802635 0.022222
v 0.055679 0.937610 0.022222
v 0.159082 0.958954 0.022222
v 0.262485 0.980298 0.022222
v 0.361050 0.999618 0.022222
v 0.401558 0.994654 0.022222
v 0.442066 0.989691 0.022222
v 0.482575 0.984727 0.022222
v 0.523083 0.975181 0.022222
v 0.563592 0.962772 0.022222
v 0.604100 0.950363 0.022222
v 0.648872 0.935281 0.022222
v 0.717097 0.905498 0.022222
v 0.785322 0.875716 0.022222
v 0.853547 0.845934 0.022222
v 0.852399 0.812715 0.022222
v 0.820418 0.777969 0.022222
v 0.788438 0.743223 0.022222
v 0.751291 0.712715 0.022222
v 0.696925 0.696334 0.022222
v 0.642558 0.679954 0.022222
v 0.588192 0.663574 0.022222
v 0.499385 0.636884 0.022222
v 0.400246 0.607102 0.022222
v 0.301107 0.577320 0.022222
v 0.217712 0.541581 0.022222
v 0.169742 0.492440 0.022222
v 0.121771 0.443299 0.022222
v 0.073801 0.394158 0.022222
v 0.115129 0.408018 0.022222
v 0.172694 0.433333 0.022222
v 0.230258 0.458648 0.022222
v 0.306273 0.456281 0.022222
v 0.411808 0.409622 0.022222
v 0.517343 0.362963 0.022222
v 0.622878 0.316304 0.022222
v 0.684133 0.313631 0.022222
v 0.741697 0.314624 0.022222
v 0.799262 0.315617 0.022222
v 0.852891 0.291180 0.022222
v 0.901927 0.237075 0.022222
v 0.950963 0.182971 0.022222
v 1.000000 0.128866 0.022222
v 0.756458 0.000000 -0.022222
v 0.537925 0.267545 -0.022222
v 0.319393 0.535090 -0.022222
v 0.100861 0.802635 -0.022222
v 0.055679 0.937610 -0.022222
v 0.159082 0.958954 -0.022222
v 0.262485 0.980298 -0.022222
v 0.361050 0.999618 -0.022222
v 0.401558 0.994654 -0.022222
v 0.442066 0.989691 -0.022222
v 0.482575 0.984727 -0.022222
v 0.523083 0.975181 -0.022222
v 0.563592 0.962772 -0.022222
v 0.604100 0.950363 -0.022222
v 0.648872 0.935281 -0.022222
v 0.717097 0.905498 -0.022222
v 0.785322 0.875716 -0.022222
v 0.853547 0.845934 -0.022222
v 0.852399 0.812715 -0.022222
v 0.820418 0.777969 -0.022222
v 0.788438 0.743223 -0.022222
v 0.751291 0.712715 -0.022222
v 0.696925 0.696334 -0.022222
v 0.642558 0.679954 -0.022222
v 0.588192 0.663574 -0.022222
v 0.499385 0.636884 -0.022222
v 0.400246 0.607102 -0.022222
v 0.301107 0.577320 -0.022222
v 0.217712 0.541581 -0.022222
v 0.169742 0.492440 -0.022222
v 0.121771 0.443299 -0.022222
v 0.073801 0.394158 -0.022222
v 0.115129 0.408018 -0.022222
v 0.172694 0.433333 -0.022222
v 0.230258 0.458648 -0.022222
v 0.306273 0.456281 -0.022222
v 0.411808 0.409622 -0.022222
v 0.517343 0.362963 -0.022222
v 0.622878 0.316304 -0.022222
v 0.684133 0.313631 -0.022222
v 0.741697 0.314624 -0.022222
v 0.799262 0.315617 -0.022222
v 0.852891 0.291180 -0.022222
v 0.901927 0.237075 -0.022222
v 0.950963 0.182971 -0.022222
v 1.000000 0.128866 -0.022222
v 0.756458 0.000000 -0.066667
v 0.537925 0.267545 -0.066667
v 0.319393 0.535090 -0.066667
v 0.100861 0.802635 -0.066667
v 0.055679 0.937610 -0.066667
v 0.159082 0.958954 -0.066667
v 0.262485 0.980298 -0.066667
v 0.361050 0.999618 -0.066667
v 0.401558 0.994654 -0.066667
v 0.442066 0.989691 -0.066667
v 0.482575 0.984727 -0.066667
v 0.523083 0.975181 -0.066667
v 0.563592 0.962772 -0.066667
v 0.604100 0.950363 -0.066667
v 0.648872 0.935281 -0.066667
v 0.717097 0.905498 -0.066667
v 0.785322 0.875716 -0.066667
v 0.853547 0.845934 -0.066667
v 0.852399 0.812715 -0.066667
v 0.820418 0.777969 -0.066667
v 0.788438 0.743223 -0.066667
v 0.751291 0.712715 -0.066667
v 0.696925 0.696334 -0.066667
v 0.642558 0.679954 -0.066667
v 0.588192 0.663574 -0.066667
v 0.499385 0.636884 -0.066667
v 0.400246 0.607102 -0.066667
v 0.301107 0.577320 -0.066667
v 0.217712 0.541581 -0.066667
v 0.169742 0.492440 -0.066667
v 0.121771 0.443299 -0.066667
v 0.073801 0.394158 -0.066667
v 0.115129 0.408018 -0.066667
v 0.172694 0.433333 -0.066667
v 0.230258 0.458648 -0.066667
v 0.306273 0.456281 -0.066667
v 0.411808 0.409622 -0.066667
v 0.517343 0.362963 -0.066667
v 0.622878 0.316304 -0.066667
v 0.684133 0.313631 -0.066667
v 0.741697 0.314624 -0.066667
v 0.799262 0.315617 -0.066667
v 0.852891 0.291180 -0.066667
v 0.901927 0.237075 -0.066667
v 0.950963 0.182971 -0.066667
v 1.000000 0.128866 -0.066667
v 0.756458 0.000000 -0.111111
v 0.537925 0.267545 -0.111111
v 0.319393 0.535090 -0.111111
v 0.100861 0.802635 -0.111111
v 0.055679 0.937610 -0.111111
v 0.159082 0.958954 -0.111111
v 0.262485 0.980298 -0.111111
v 0.361050 0.999618 -0.111111
v 0.401558 0.994654 -0.111111
v 0.442066 0.989691 -0.111111
v 0.482575 0.984727 -0.111111
v 0.523083 0.975181 -0.111111
v 0.563592 0.962772 -0.111111
v 0.604100 0.950363 -0.111111
v 0.648872 0.935281 -0.111111
v 0.717097 0.905498 -0.111111
v 0.785322 0.875716 -0.111111
v 0.853547 0.845934 -0.111111
v 0.852399 0.812715 -0.111111
v 0.820418 0.777969 -0.111111
v 0.788438 0.743223 -0.111111
v 0.751291 0.712715 -0.111111
v 0.696925 0.696334 -0.111111
v 0.642558 0.679954 -0.111111
v 0.588192 0.663574 -0.111111
v 0.499385 0.636884 -0.111111
v 0.400246 0.607102 -0.111111
v 0.301107 0.577320 -0.111111
v 0.217712 0.541581 -0.111111
v 0.169742 0.492440 -0.111111
v 0.121771 0.443299 -0.111111
v 0.073801 0.394158 -0.111111
v 0.115129 0.408018 -0.111111
v 0.172694 0.433333 -0.111111
v 0.230258 0.458648 -0.111111
v 0.306273 0.456281 -0.111111
v 0.411808 0.409622 -0.111111
v 0.517343 0.362963 -0.111111
v 0.622878 0.316304 -0.111111
v 0.684133 0.313631 -0.111111
v 0.741697 0.314624 -0.111111
v 0.799262 0.315617 -0.111111
v 0.852891 0.291180 -0.111111
v 0.901927 0.237075 -0.111111
v 0.950963 0.182971 -0.111111
v 1.000000 0.128866 -0.111111
v 0.756458 0.000000 -0.155556
v 0.537925 0.267545 -0.155556
v 0.319393 0.535090 -0.155556
v 0.100861 0.802635 -0.155556
v 0.055679 0.937610 -0.155556
v 0.159082 0.958954 -0.155556
v 0.262485 0.980298 -0.155556
v 0.361050 0.999618 -0.155556
v 0.401558 0.994654 -0.155556
v 0.442066 0.989691 -0.155556
v 0.482575 0.984727 -0.155556
v 0.523083 0.975181 -0.155556
v 0.563592 0.962772 -0.155556
v 0.604100 0.950363 -0.155556
v 0.648872 0.935281 -0.155556
v 0.717097 0.905498 -0.155556
v 0.785322 0.875716 -0.155556
v 0.853547 0.845934 -0.155556
v 0.852399 0.812715 -0.155556
v 0.820418 0.777969 -0.155556
v 0.788438 0.743223 -0.155556
v 0.751291 0.712715 -0.155556
v 0.696925 0.696334 -0.155556
v 0.642558 0.679954 -0.155556
v 0.588192 0.663574 -0.155556
v 0.499385 0.636884 -0.155556
v 0.400246 0.607102 -0.155556
v 0.301107 0.577320 -0.155556
v 0.217712 0.541581 -0.155556
v 0.169742 0.492440 -0.155556
v 0.121771 0.443299 -0.155556
v 0.073801 0.394158 -0.155556
v 0.115129 0.408018 -0.155556
v 0.172694 0.433333 -0.155556
v 0.230258 0.458648 -0.155556
v 0.306273 0.456281 -0.155556
v 0.411808 0.409622 -0.155556
v 0.517343 0.362963 -0.155556
v 0.622878 0.316304 -0.155556
v 0.684133 0.313631 -0.155556
v 0.741697 0.314624 -0.155556
v 0.799262 0.315617 -0.155556
v 0.852891 0.291180 -0.155556
v 0.901927 0.237075 -0.155556
v 0.950963 0.182971 -0.155556
v 1.000000 0.128866 -0.155556
v 0.756458 0.000000 -0.200000
v 0.537925 0.267545 -0.200000
v 0.319393 0.535090 -0.200000
v 0.100861 0.802635 -0.200000
v 0.055679 0.937610 -0.200000
v 0.159082 0.958954 -0.200000
v 0.262485 0.980298 -0.200000
v 0.361050 0.999618 -0.200000
v 0.401558 0.994654 -0.200000
v 0.442066 0.989691 -0.200000
v 0.482575 0.984727 -0.200000
v 0.523083 0.975181 -0.200000
v 0.563592 0.962772 -0.200000
v 0.604100 0.950363 -0.200000
v 0.648872 0.935281 -0.200000
v 0.717097 0.905498 -0.200000
v 0.785322 0.875716 -0.200000
v 0.853547 0.845934 -0.200000
v 0.852399 0.812715 -0.200000
v 0.820418 0.777969 -0.200000
v 0.788438 0.743223 -0.200000
v 0.751291 0.712715 -0.200000
v 0.696925 0.696334 -0.200000
v 0.642558 0.679954 -0.200000
v 0.588192 0.663574 -0.200000
v 0.499385 0.636884 -0.200000
v 0.400246 0.607102 -0.200000
v 0.301107 0.577320 -0.200000
v 0.217712 0.541581 -0.200000
v 0.169742 0.492440 -0.200000
v 0.121771 0.443299 -0.200000
v 0.073801 0.394158 -0.200000
v 0.115129 0.408018 -0.200000
v 0.172694 0.433333 -0.200000
v 0.230258 0.458648 -0.200000
v 0.306273 0.456281 -0.200000
v 0.411808 0.409622 -0.200000
v 0.517343 0.362963 -0.200000
v 0.622878 0.316304 -0.200000
v 0.684133 0.313631 -0.200000
v 0.741697 0.314624 -0.200000
v 0.799262 0.315617 -0.200000
v 0.852891 0.291180 -0.200000
v 0.901927 0.237075 -0.200000
v 0.950963 0.182971 -0.200000
v 1.000000 0.128866 -0.200000
v 0.756458 0.000000 -0.244444
v 0.537925 0.267545 -0.244444
v 0.319393 0.535090 -0.244444
v 0.100861 0.802635 -0.244444
v 0.055679 0.937610 -0.244444
v 0.159082 0.958954 -0.244444
v 0.262485 0.980298 -0.244444
v 0.361050 0.999618 -0.244444
v 0.401558 0.994654 -0.244444
v 0.442066 0.989691 -0.244444
v 0.482575 0.984727 -0.244444
v 0.523083 0.975181 -0.244444
v 0.563592 0.962772 -0.244444
v 0.604100 0.950363 -0.244444
v 0.648872 0.935281 -0.244444
v 0.717097 0.905498 -0.244444
v 0.785322 0.875716 -0.244444
v 0.853547 0.845934 -0.244444
v 0.852399 0.812715 -0.244444
v 0.820418 0.777969 -0.244444
v 0.788438 0.743223 -0.244444
v 0.751291 0.712715 -0.244444
v 0.696925 0.696334 -0.244444
v 0.642558 0.679954 -0.244444
v 0.588192 0.663574 -0.244444
v 0.499385 0.636884 -0.244444
v 0.400246 0.607102 -0.244444
v 0.301107 0.577320 -0.244444
v 0.217712 0.541581 -0.244444
v 0.169742 0.492440 -0.244444
v 0.121771 0.443299 -0.244444
v 0.073801 0.394158 -0.244444
v 0.115129 0.408018 -0.244444
v 0.172694 0.433333 -0.244444
v 0.230258 0.458648 -0.244444
v 0.306273 0.456281 -0.244444
v 0.411808 0.409622 -0.244444
v 0.517343 0.362963 -0.244444
v 0.622878 0.316304 -0.244444
v 0.684133 0.313631 -0.244444
v 0.741697 0.314624 -0.244444
v 0.799262 0.315617 -0.244444
v 0.852891 0.291180 -0.244444
v 0.901927 0.237075 -0.244444
v 0.950963 0.182971 -0.244444
v 1.000000 0.128866 -0.244444
v 0.756458 0.000000 -0.288889
v 0.537925 0.267545 -0.288889
v 0.319393 0.535090 -0.288889
v 0.100861 0.802635 -0.288889
v 0.055679 0.937610 -0.288889
v 0.159082 0.958954 -0.288889
v 0.262485 0.980298 -0.288889
v 0.361050 0.999618 -0.288889
v 0.401558 0.994654 -0.288889
v 0.442066 0.989691 -0.288889
v 0.482575 0.984727 -0.288889
v 0.523083 0.975181 -0.288889
v 0.563592 0.962772 -0.288889
v 0.604100 0.950363 -0.288889
v 0.648872 0.935281 -0.288889
v 0.717097 0.905498 -0.288889
v 0.785322 0.875716 -0.288889
v 0.853547 0.845934 -0.288889
v 0.852399 0.812715 -0.288889
v 0.820418 0.777969 -0.288889
v 0.788438 0.743223 -0.288889
v 0.751291 0.712715 -0.288889
v 0.696925 0.696334 -0.288889
v 0.642558 0.679954 -0.288889
v 0.588192 0.663574 -0.288889
v 0.499385 0.636884 -0.288889
v 0.400246 0.607102 -0.288889
v 0.301107 0.577320 -0.288889
v 0.217712 0.541581 -0.288889
v 0.169742 0.492440 -0.288889
v 0.121771 0.443299 -0.288889
v 0.073801 0.394158 -0.288889
v 0.115129 0.408018 -0.288889
v 0.172694 0.433333 -0.288889
v 0.230258 0.458648 -0.288889
v 0.306273 0.456281 -0.288889
v 0.411808 0.409622 -0.288889
v 0.517343 0.362963 -0.288889
v 0.622878 0.316304 -0.288889
v 0.684133 0.313631 -0.288889
v 0.741697 0.314624 -0.288889
v 0.799262 0.315617 -0.288889
v 0.852891 0.291180 -0.288889
v 0.901927 0.237075 -0.288889
v 0.950963 0.182971 -0.288889
v 1.000000 0.128866 -0.288889
v 0.756458 0.000000 -0.333333
v 0.537925 0.267545 -0.333333
v 0.319393 0.535090 -0.333333
v 0.100861 0.802635 -0.333333
v 0.055679 0.937610 -0.333333
v 0.159082 0.958954 -0.333333
v 0.262485 0.980298 -0.333333
v 0.361050 0.999618 -0.333333
v 0.401558 0.994654 -0.333333
v 0.442066 0.989691 -0.333333
v 0.482575 0.984727 -0.333333
v 0.523083 0.975181 -0.333333
v 0.563592 0.962772 -0.333333
v 0.604100 0.950363 -0.333333
v 0.648872 0.935281 -0.333333
v 0.717097 0.905498 -0.333333
v 0.785322 0.875716 -0.333333
v 0.853547 0.845934 -0.333333
v 0.852399 0.812715 -0.333333
v 0.820418 0.777969 -0.333333
v 0.788438 0.743223 -0.333333
v 0.751291 0.712715 -0.333333
v 0.696925 0.696334 -0.333333
v 0.642558 0.679954 -0.333333
v 0.588192 0.663574 -0.333333
v 0.499385 0.636884 -0.333333
v 0.400246 0.607102 -0.333333
v 0.301107 0.577320 -0.333333
v 0.217712 0.541581 -0.333333
v 0.169742 0.492440 -0.333333
v 0.121771 0.443299 -0.333333
v 0.073801 0.394158 -0.333333
v 0.115129 0.408018 -0.333333
v 0.172694 0.433333 -0.333333
v 0.230258 0.458648 -0.333333
v 0.306273 0.456281 -0.333333
v 0.411808 0.409622 -0.333333
v 0.517343 0.362963 -0.333333
v 0.622878 0.316304 -0.333333
v 0.684133 0.313631 -0.333333
v 0.741697 0.314624 -0.333333
v 0.799262 0.315617 -0.333333
v 0.852891 0.291180 -0.333333
v 0.901927 0.237075 -0.333333
v 0.950963 0.182971 -0.333333
v 1.000000 0.128866 -0.333333
v 0.756458 0.000000 -0.377778
v 0.537925 0.267545 -0.377778
v 0.319393 0.535090 -0.377778
v 0.100861 0.802635 -0.377778
v 0.055679 0.937610 -0.377778
v 0.159082 0.958954 -0.377778
v 0.262485 0.980298 -0.377778
v 0.361050 0.999618 -0.377778
v 0.401558 0.994654 -0.377778
v 0.442066 0.989691 -0.377778
v 0.482575 0.984727 -0.377778
v 0.523083 0.975181 -0.377778
v 0.563592 0.962772 -0.377778
v 0.604100 0.950363 -0.377778
v 0.648872 0.935281 -0.377778
v 0.717097 0.905498 -0.377778
v 0.785322 0.875716 -0.377778
v 0.853547 0.845934 -0.377778
v 0.852399 0.812715 -0.377778
v 0.820418 0.777969 -0.377778
v 0.788438 0.743223 -0.377778
v 0.751291 0.712715 -0.377778
v 0.696925 0.696334 -0.377778
v 0.642558 0.679954 -0.377778
v 0.588192 0.663574 -0.377778
v 0.499385 0.636884 -0.377778
v 0.400246 0.607102 -0.377778
v 0.301107 0.577320 -0.377778
v 0.217712 0.541581 -0.377778
v 0.169742 0.492440 -0.377778
v 0.121771 0.443299 -0.377778
v 0.073801 0.394158 -0.377778
v 0.115129 0.408018 -0.377778
v 0.172694 0.433333 -0.377778
v 0.230258 0.458648 -0.377778
v 0.306273 0.456281 -0.377778
v 0.411808 0.409622 -0.377778
v 0.517343 0.362963 -0.377778
v 0.622878 0.316304 -0.377778
v 0.684133 0.313631 -0.377778
v 0.741697 0.314624 -0.377778
v 0.799262 0.315617 -0.377778
v 0.852891 0.291180 -0.377778
v 0.901927 0.237075 -0.377778
v 0.950963 0.182971 -0.377778
v 1.000000 0.128866 -0.377778
v 0.756458 0.000000 -0.422222
v 0.537925 0.267545 -0.422222
v 0.319393 0.535090 -0.422222
v 0.100861 0.802635 -0.422222
v 0.055679 0.937610 -0.422222
v 0.159082 0.958954 -0.422222
v 0.262485 0.980298 -0.422222
v 0.361050 0.999618 -0.422222
v 0.401558 0.994654 -0.422222
v 0.442066 0.989691 -0.422222
v 0.482575 0.984727 -0.422222
v 0.523083 0.975181 -0.422222
v 0.563592 0.962772 -0.422222
v 0.604100 0.950363 -0.422222
v 0.648872 0.935281 -0.422222
v 0.717097 0.905498 -0.422222
v 0.785322 0.875716 -0.422222
v 0.853547 0.845934 -0.422222
v 0.852399 0.812715 -0.422222
v 0.820418 0.777969 -0.422222
v 0.788438 0.743223 -0.422222
v 0.751291 0.712715 -0.422222
v 0.696925 0.696334 -0.422222
v 0.642558 0.679954 -0.422222
v 0.588192 0.663574 -0.422222
v 0.499385 0.636884 -0.422222
v 0.400246 0.607102 -0.422222
v 0.301107 0.577320 -0.422222
v 0.217712 0.541581 -0.422222
v 0.169742 0.492440 -0.422222
v 0.121771 0.443299 -0.422222
v 0.073801 0.394158 -0.422222
v 0.115129 0.408018 -0.422222
v 0.172694 0.433333 -0.422222
v 0.230258 0.458648 -0.422222
v 0.306273 0.456281 -0.422222
v 0.411808 0.409622 -0.422222
v 0.517343 0.362963 -0.422222
v 0.622878 0.316304 -0.422222
v 0.684133 0.313631 -0.422222
v 0.741697 0.314624 -0.422222
v 0.799262 0.315617 -0.422222
v 0.852891 0.291180 -0.422222
v 0.901927 0.237075 -0.422222
v 0.950963 0.182971 -0.422222
v 1.000000 0.128866 -0.422222
v 0.756458 0.000000 -0.466667
v 0.537925 0.267545 -0.466667
v 0.319393 0.535090 -0.466667
v 0.100861 0.802635 -0.466667
v 0.055679 0.937610 -0.466667
v 0.159082 0.958954 -0.466667
v 0.262485 0.980298 -0.466667
v 0.361050 0.999618 -0.466667
v 0.401558 0.994654 -0.466667
v 0.442066 0.989691 -0.466667
v 0.482575 0.984727 -0.466667
v 0.523083 0.975181 -0.466667
v 0.563592 0.962772 -0.466667
v 0.604100 0.950363 -0.466667
v 0.648872 0.935281 -0.466667
v 0.717097 0.905498 -0.466667
v 0.785322 0.875716 -0.466667
v 0.853547 0.845934 -0.466667
v 0.852399 0.812715 -0.466667
v 0.820418 0.777969 -0.466667
v 0.788438 0.743223 -0.466667
v 0.751291 0.712715 -0.466667
v 0.696925 0.696334 -0.466667
v 0.642558 0.679954 -0.466667
v 0.588192 0.663574 -0.466667
v 0.499385 0.636884 -0.466667
v 0.400246 0.607102 -0.466667
v 0.301107 0.577320 -0.466667
v 0.217712 0.541581 -0.466667
v 0.169742 0.492440 -0.466667
v 0.121771 0.443299 -0.466667
v 0.073801 0.394158 -0.466667
v 0.115129 0.408018 -0.466667
v 0.172694 0.433333 -0.466667
v 0.230258 0.458648 -0.466667
v 0.306273 0.456281 -0.466667
v 0.411808 0.409622 -0.466667
v 0.517343 0.362963 -0.466667
v 0.622878 0.316304 -0.466667
v 0.684133 0.313631 -0.466667
v 0.741697 0.314624 -0.466667
v 0.799262 0.315617 -0.466667
v 0.852891 0.291180 -0.466667
v 0.901927 0.237075 -0.466667
v 0.950963 0.182971 -0.466667
v 1.000000 0.128866 -0.466667
v 0.756458 0.000000 -0.511111
v 0.537925 0.267545 -0.511111
v 0.319393 0.535090 -0.511111
v 0.100861 0.802635 -0.511111
v 0.055679 0.937610 -0.511111
v 0.159082 0.958954 -0.511111
v 0.262485 0.980298 -0.511111
v 0.361050 0.999618 -0.511111
v 0.401558 0.994654 -0.511111
v 0.442066 0.989691 -0.511111
v 0.482575 0.984727 -0.511111
v 0.523083 0.975181 -0.511111
v 0.563592 0.962772 -0.511111
v 0.604100 0.950363 -0.511111
v 0.648872 0.935281 -0.511111
v 0.717097 0.905498 -0.511111
v 0.785322 0.875716 -0.511111
v 0.853547 0.845934 -0.511111
v 0.852399 0.812715 -0.511111
v 0.820418 0.777969 -0.511111
v 0.788438 0.743223 -0.511111
v 0.751291 0.712715 -0.511111
v 0.696925 0.696334 -0.511111
v 0.642558 0.679954 -0.511111
v 0.588192 0.663574 -0.511111
v 0.499385 0.636884 -0.511111
v 0.400246 0.607102 -0.511111
v 0.301107 0.577320 -0.511111
v 0.217712 0.541581 -0.511111
v 0.169742 0.492440 -0.511111
v 0.121771 0.443299 -0.511111
v 0.073801 0.394158 -0.511111
v 0.115129 0.408018 -0.511111
v 0.172694 0.433333 -0.511111
v 0.230258 0.458648 -0.511111
v 0.306273 0.456281 -0.511111
v 0.411808 0.409622 -0.511111
v 0.517343 0.362963 -0.511111
v 0.622878 0.316304 -0.511111
v 0.684133 0.313631 -0.511111
v 0.741697 0.314624 -0.511111
v 0.799262 0.315617 -0.511111
v 0.852891 0.291180 -0.511111
v 0.901927 0.237075 -0.511111
v 0.950963 0.182971 -0.511111
v 1.000000 0.128866 -0.511111
v 0.756458 0.000000 -0.555556
v 0.537925 0.267545 -0.555556
v 0.319393 0.535090 -0.555556
v 0.100861 0.802635 -0.555556
v 0.055679 0.937610 -0.555556
v 0.159082 0.958954 -0.555556
v 0.262485 0.980298 -0.555556
v 0.361050 0.999618 -0.555556
v 0.401558 0.994654 -0.555556
v 0.442066 0.989691 -0.555556
v 0.482575 0.984727 -0.555556
v 0.523083 0.975181 -0.555556
v 0.563592 0.962772 -0.555556
v 0.604100 0.950363 -0.555556
v 0.648872 0.935281 -0.555556
v 0.717097 0.905498 -0.555556
v 0.785322 0.875716 -0.555556
v 0.853547 0.845934 -0.555556
v 0.852399 0.812715 -0.555556
v 0.820418 0.777969 -0.555556
v 0.788438 0.743223 -0.555556
v 0.751291 0.712715 -0.555556
v 0.696925 0.696334 -0.555556
v 0.642558 0.679954 -0.555556
v 0.588192 0.663574 -0.555556
v 0.499385 0.636884 -0.555556
v 0.400246 0.607102 -0.555556
v 0.301107 0.577320 -0.555556
v 0.217712 0.541581 -0.555556
v 0.169742 0.492440 -0.555556
v 0.121771 0.443299 -0.555556
v 0.073801 0.394158 -0.555556
v 0.115129 0.408018 -0.555556
v 0.172694 0.433333 -0.555556
v 0.230258 0.458648 -0.555556
v 0.306273 0.456281 -0.555556
v 0.411808 0.409622 -0.555556
v 0.517343 0.362963 -0.555556
v 0.622878 0.316304 -0.555556
v 0.684133 0.313631 -0.555556
v 0.741697 0.314624 -0.555556
v 0.799262 0.315617 -0.555556
v 0.852891 0.291180 -0.555556
v 0.901927 0.237075 -0.555556
v 0.950963 0.182971 -0.555556
v 1.000000 0.128866 -0.555556
v 0.756458 0.000000 -0.600000
v 0.537925 0.267545 -0.600000
v 0.319393 0.535090 -0.600000
v 0.100861 0.802635 -0.600000
v 0.055679 0.937610 -0.600000
v 0.159082 0.958954 -0.600000
v 0.262485 0.980298 -0.600000
v 0.361050 0.999618 -0.600000
v 0.401558 0.994654 -0.600000
v 0.442066 0.989691 -0.600000
v 0.482575 0.984727 -0.600000
v 0.523083 0.975181 -0.600000
v 0.563592 0.962772 -0.600000
v 0.604100 0.950363 -0.600000
v 0.648872 0.935281 -0.600000
v 0.717097 0.905498 -0.600000
v 0.785322 0.875716 -0.600000
v 0.853547 0.845934 -0.600000
v 0.852399 0.812715 -0.600000
v 0.820418 0.777969 -0.600000
v 0.788438 0.743223 -0.600000
v 0.751291 0.712715 -0.600000
v 0.696925 0.696334 -0.600000
v 0.642558 0.679954 -0.600000
v 0.588192 0.663574 -0.600000
v 0.499385 0.636884 -0.600000
v 0.400246 0.607102 -0.600000
v 0.301107 0.577320 -0.600000
v 0.217712 0.541581 -0.600000
v 0.169742 0.492440 -0.600000
v 0.121771 0.443299 -0.600000
v 0.073801 0.394158 -0.600000
v 0.115129 0.408018 -0.600000
v 0.172694 0.433333 -0.600000
v 0.230258 0.458648 -0.600000
v 0.306273 0.456281 -0.600000
v 0.411808 0.409622 -0.600000
v 0.517343 0.362963 -0.600000
v 0.622878 0.316304 -0.600000
v 0.684133 0.313631 -0.600000
v 0.741697 0.314624 -0.600000
v 0.799262 0.315617 -0.600000
v 0.852891 0.291180 -0.600000
v 0.901927 0.237075 -0.600000
v 0.950963 0.182971 -0.600000
v 1.000000 0.128866 -0.600000
v 0.756458 0.000000 -0.644444
v 0.537925 0.267545 -0.644444
v 0.319393 0.535090 -0.644444
v 0.100861 0.802635 -0.644444
v 0.055679 0.937610 -0.644444
v 0.159082 0.958954 -0.644444
v 0.262485 0.980298 -0.644444
v 0.361050 0.999618 -0.644444
v 0.401558 0.994654 -0.644444
v 0.442066 0.989691 -0.644444
v 0.482575 0.984727 -0.644444
v 0.523083 0.975181 -0.644444
v 0.563592 0.962772 -0.644444
v 0.604100 0.950363 -0.644444
v 0.648872 0.935281 -0.644444
v 0.717097 0.905498 -0.644444
v 0.785322 0.875716 -0.644444
v 0.853547 0.845934 -0.644444
v 0.852399 0.812715 -0.644444
v 0.820418 0.777969 -0.644444
v 0.788438 0.743223 -0.644444
v 0.751291 0.712715 -0.644444
v 0.696925 0.696334 -0.644444
v 0.642558 0.679954 -0.644444
v 0.588192 0.663574 -0.644444
v 0.499385 0.636884 -0.644444
v 0.400246 0.607102 -0.644444
v 0.301107 0.577320 -0.644444
v 0.217712 0.541581 -0.644444
v 0.169742 0.492440 -0.644444
v 0.121771 0.443299 -0.644444
v 0.073801 0.394158 -0.644444
v 0.115129 0.408018 -0.644444
v 0.172694 0.433333 -0.644444
v 0.230258 0.458648 -0.644444
v 0.306273 0.456281 -0.644444
v 0.411808 0.409622 -0.644444
v 0.517343 0.362963 -0.644444
v 0.622878 0.316304 -0.644444
v 0.684133 0.313631 -0.644444
v 0.741697 0.314624 -0.644444
v 0.799262 0.315617 -0.644444
v 0.852891 0.291180 -0.644444
v 0.901927 0.237075 -0.644444
v 0.950963 0.182971 -0.644444
v 1.000000 0.128866 -0.644444
v 0.756458 0.000000 -0.688889
v 0.537925 0.267545 -0.688889
v 0.319393 0.535090 -0.688889
v 0.100861 0.802635 -0.688889
v 0.055679 0.937610 -0.688889
v 0.159082 0.958954 -0.688889
v 0.262485 0.980298 -0.688889
v 0.361050 0.999618 -0.688889
v 0.401558 0.994654 -0.688889
v 0.442066 0.989691 -0.688889
v 0.482575 0.984727 -0.688889
v 0.523083 0.975181 -0.688889
v 0.563592 0.962772 -0.688889
v 0.604100 0.950363 -0.688889
v 0.648872 0.935281 -0.688889
v 0.717097 0.905498 -0.688889
v 0.785322 0.875716 -0.688889
v 0.853547 0.845934 -0.688889
v 0.852399 0.812715 -0.688889
v 0.820418 0.777969 -0.688889
v 0.788438 0.743223 -0.688889
v 0.751291 0.712715 -0.688889
v 0.696925 0.696334 -0.688889
v 0.642558 0.679954 -0.688889
v 0.588192 0.663574 -0.688889
v 0.499385 0.636884 -0.688889
v 0.400246 0.607102 -0.688889
v 0.301107 0.577320 -0.688889
v 0.217712 0.541581 -0.688889
v 0.169742 0.492440 -0.688889
v 0.121771 0.443299 -0.688889
v 0.073801 0.394158 -0.688889
v 0.115129 0.408018 -0.688889
v 0.172694 0.433333 -0.688889
v 0.230258 0.458648 -0.688889
v 0.306273 0.456281 -0.688889
v 0.411808 0.409622 -0.688889
v 0.517343 0.362963 -0.688889
v 0.622878 0.316304 -0.688889
v 0.684133 0.313631 -0.688889
v 0.741697 0.314624 -0.688889
v 0.799262 0.315617 -0.688889
v 0.852891 0.291180 -0.688889
v 0.901927 0.237075 -0.688889
v 0.950963 0.182971 -0.688889
v 1.000000 0.128866 -0.688889
v 0.756458 0.000000 -0.733333
v 0.537925 0.267545 -0.733333
v 0.319393 0.535090 -0.733333
v 0.100861 0.802635 -0.733333
v 0.055679 0.937610 -0.733333
v 0.159082 0.958954 -0.733333
v 0.262485 0.980298 -0.733333
v 0.361050 0.999618 -0.733333
v 0.401558 0.994654 -0.733333
v 0.442066 0.989691 -0.733333
v 0.482575 0.984727 -0.733333
v 0.523083 0.975181 -0.733333
v 0.563592 0.962772 -0.733333
v 0.604100 0.950363 -0.733333
v 0.648872 0.935281 -0.733333
v 0.717097 0.905498 -0.733333
v 0.785322 0.875716 -0.733333
v 0.853547 0.845934 -0.733333
v 0.852399 0.812715 -0.733333
v 0.820418 0.777969 -0.733333
v 0.788438 0.743223 -0.733333
v 0.751291 0.712715 -0.733333
v 0.696925 0.696334 -0.733333
v 0.642558 0.679954 -0.733333
v 0.588192 0.663574 -0.733333
v 0.499385 0.636884 -0.733333
v 0.400246 0.607102 -0.733333
v 0.301107 0.577320 -0.733333
v 0.217712 0.541581 -0.733333
v 0.169742 0.492440 -0.733333
v 0.121771 0.443299 -0.733333
v 0.073801 0.394158 -0.733333
v 0.115129 0.408018 -0.733333
v 0.172694 0.433333 -0.733333
v 0.230258 0.458648 -0.733333
v 0.306273 0.456281 -0.733333
v 0.411808 0.409622 -0.733333
v 0.517343 0.362963 -0.733333
v 0.622878 0.316304 -0.733333
v 0.684133 0.313631 -0.733333
v 0.741697 0.314624 -0.733333
v 0.799262 0.315617 -0.733333
v 0.852891 0.291180 -0.733333
v 0.901927 0.237075 -0.733333
v 0.950963 0.182971 -0.733333
v 1.000000 0.128866 -0.733333
v 0.756458 0.000000 -0.777778
v 0.537925 0.267545 -0.777778
v 0.319393 0.535090 -0.777778
v 0.100861 0.802635 -0.777778
v 0.055679 0.937610 -0.777778
v 0.159082 0.958954 -0.777778
v 0.262485 0.980298 -0.777778
v 0.361050 0.999618 -0.777778
v 0.401558 0.994654 -0.777778
v 0.442066 0.989691 -0.777778
v 0.482575 0.984727 -0.777778
v 0.523083 0.975181 -0.777778
v 0.563592 0.962772 -0.777778
v 0.604100 0.950363 -0.777778
v 0.648872 0.935281 -0.777778
v 0.717097 0.905498 -0.777778
v 0.785322 0.875716 -0.777778
v 0.853547 0.845934 -0.777778
v 0.852399 0.812715 -0.777778
v 0.820418 0.777969 -0.777778
v 0.788438 0.743223 -0.777778
v 0.751291 0.712715 -0.777778
v 0.696925 0.696334 -0.777778
v 0.642558 0.679954 -0.777778
v 0.588192 0.663574 -0.777778
v 0.499385 0.636884 -0.777778
v 0.400246 0.607102 -0.777778
v 0.301107 0.577320 -0.777778
v 0.217712 0.541581 -0.777778
v 0.169742 0.492440 -0.777778
v 0.121771 0.443299 -0.777778
v 0.073801 0.394158 -0.777778
v 0.115129 0.408018 -0.777778
v 0.172694 0.433333 -0.777778
v 0.230258 0.458648 -0.777778
v 0.306273 0.456281 -0.777778
v 0.411808 0.409622 -0.777778
v 0.517343 0.362963 -0.777778
v 0.622878 0.316304 -0.777778
v 0.684133 0.313631 -0.777778
v 0.741697 0.314624 -0.777778
v 0.799262 0.315617 -0.777778
v 0.852891 0.291180 -0.777778
v 0.901927 0.237075 -0.777778
v 0.950963 0.182971 -0.777778
v 1.000000 0.128866 -0.777778
v 0.756458 0.000000 -0.822222
v 0.537925 0.267545 -0.822222
v 0.319393 0.535090 -0.822222
v 0.100861 0.802635 -0.822222
v 0.055679 0.937610 -0.822222
v 0.159082 0.958954 -0.822222
v 0.262485 0.980298 -0.822222
v 0.361050 0.999618 -0.822222
v 0.401558 0.994654 -0.822222
v 0.442066 0.989691 -0.822222
v 0.482575 0.984727 -0.822222
v 0.523083 0.975181 -0.822222
v 0.563592 0.962772 -0.822222
v 0.604100 0.950363 -0.822222
v 0.648872 0.935281 -0.822222
v 0.717097 0.905498 -0.822222
v 0.785322 0.875716 -0.822222
v 0.853547 0.845934 -0.822222
v 0.852399 0.812715 -0.822222
v 0.820418 0.777969 -0.822222
v 0.788438 0.743223 -0.822222
v 0.751291 0.712715 -0.822222
v 0.696925 0.696334 -0.822222
v 0.642558 0.679954 -0.822222
v 0.588192 0.663574 -0.822222
v 0.499385 0.636884 -0.822222
v 0.400246 0.607102 -0.822222
v 0.301107 0.577320 -0.822222
v 0.217712 0.541581 -0.822222
v 0.169742 0.492440 -0.822222
v 0.121771 0.443299 -0.822222
v 0.073801 0.394158 -0.822222
v 0.115129 0.408018 -0.822222
v 0.172694 0.433333 -0.822222
v 0.230258 0.458648 -0.822222
v 0.306273 0.456281 -0.822222
v 0.411808 0.409622 -0.822222
v 0.517343 0.362963 -0.822222
v 0.622878 0.316304 -0.822222
v 0.684133 0.313631 -0.822222
v 0.741697 0.314624 -0.822222
v 0.799262 0.315617 -0.822222
v 0.852891 0.291180 -0.822222
v 0.901927 0.237075 -0.822222
v 0.950963 0.182971 -0.822222
v 1.000000 0.128866 -0.822222
v 0.756458 0.000000 -0.866667
v 0.537925 0.267545 -0.866667
v 0.319393 0.535090 -0.866667
v 0.100861 0.802635 -0.866667
v 0.055679 0.937610 -0.866667
v 0.159082 0.958954 -0.866667
v 0.262485 0.980298 -0.866667
v 0.361050 0.999618 -0.866667
v 0.401558 0.994654 -0.866667
v 0.442066 0.989691 -0.866667
v 0.482575 0.984727 -0.866667
v 0.523083 0.975181 -0.866667
v 0.563592 0.962772 -0.866667
v 0.604100 0.950363 -0.866667
v 0.648872 0.935281 -0.866667
v 0.717097 0.905498 -0.866667
v 0.785322 0.875716 -0.866667
v 0.853547 0.845934 -0.866667
v 0.852399 0.812715 -0.866667
v 0.820418 0.777969 -0.866667
v 0.788438 0.743223 -0.866667
v 0.751291 0.712715 -0.866667
v 0.696925 0.696334 -0.866667
v 0.642558 0.679954 -0.866667
v 0.588192 0.663574 -0.866667
v 0.499385 0.636884 -0.866667
v 0.400246 0.607102 -0.866667
v 0.301107 0.577320 -0.866667
v 0.217712 0.541581 -0.866667
v 0.169742 0.492440 -0.866667
v 0.121771 0.443299 -0.866667
v 0.073801 0.394158 -0.866667
v 0.115129 0.408018 -0.866667
v 0.172694 0.433333 -0.866667
v 0.230258 0.458648 -0.866667
v 0.306273 0.456281 -0.866667
v 0.411808 0.409622 -0.866667
v 0.517343 0.362963 -0.866667
v 0.622878 0.316304 -0.866667
v 0.684133 0.313631 -0.866667
v 0.741697 0.314624 -0.866667
v 0.799262 0.315617 -0.866667
v 0.852891 0.291180 -0.866667
v 0.901927 0.237075 -0.866667
v 0.950963 0.182971 -0.866667
v 1.000000 0.128866 -0.866667
v 0.756458 0.000000 -0.911111
v 0.537925 0.267545 -0.911111
v 0.319393 0.535090 -0.911111
v 0.100861 0.802635 -0.911111
v 0.055679 0.937610 -0.911111
v 0.159082 0.958954 -0.911111
v 0.262485 0.980298 -0.911111
v 0.361050 0.999618 -0.911111
v 0.401558 0.994654 -0.911111
v 0.442066 0.989691 -0.911111
v 0.482575 0.984727 -0.911111
v 0.523083 0.975181 -0.911111
v 0.563592 0.962772 -0.911111
v 0.604100 0.950363 -0.911111
v 0.648872 0.935281 -0.911111
v 0.717097 0.905498 -0.911111
v 0.785322 0.875716 -0.911111
v 0.853547 0.845934 -0.911111
v 0.852399 0.812715 -0.911111
v 0.820418 0.777969 -0.911111
v 0.788438 0.743223 -0.911111
v 0.751291 0.712715 -0.911111
v 0.696925 0.696334 -0.911111
v 0.642558 0.679954 -0.911111
v 0.588192 0.663574 -0.911111
v 0.499385 0.636884 -0.911111
v 0.400246 0.607102 -0.911111
v 0.301107 0.577320 -0.911111
v 0.217712 0.541581 -0.911111
v 0.169742 0.492440 -0.911111
v 0.121771 0.443299 -0.911111
v 0.073801 0.394158 -0.911111
v 0.115129 0.408018 -0.911111
v 0.172694 0.433333 -0.911111
v 0.230258 0.458648 -0.911111
v 0.306273 0.456281 -0.911111
v 0.411808 0.409622 -0.911111
v 0.517343 0.362963 -0.911111
v 0.622878 0.316304 -0.911111
v 0.684133 0.313631 -0.911111
v 0.741697 0.314624 -0.911111
v 0.799262 0.315617 -0.911111
v 0.852891 0.291180 -0.911111
v 0.901927 0.237075 -0.911111
v 0.950963 0.182971 -0.911111
v 1.000000 0.128866 -0.911111
v 0.756458 0.000000 -0.955556
v 0.537925 0.267545 -0.955556
v 0.319393 0.535090 -0.955556
v 0.100861 0.802635 -0.955556
v 0.055679 0.937610 -0.955556
v 0.159082 0.958954 -0.955556
v 0.262485 0.980298 -0.955556
v 0.361050 0.999618 -0.955556
v 0.401558 0.994654 -0.955556
v 0.442066 0.989691 -0.955556
v 0.482575 0.984727 -0.955556
v 0.523083 0.975181 -0.955556
v 0.563592 0.962772 -0.955556
v 0.604100 0.950363 -0.955556
v 0.648872 0.935281 -0.955556
v 0.717097 0.905498 -0.955556
v 0.785322 0.875716 -0.955556
v 0.853547 0.845934 -0.955556
v 0.852399 0.812715 -0.955556
v 0.820418 0.777969 -0.955556
v 0.788438 0.743223 -0.955556
v 0.751291 0.712715 -0.955556
v 0.696925 0.696334 -0.955556
v 0.642558 0.679954 -0.955556
v 0.588192 0.663574 -0.955556
v 0.499385 0.636884 -0.955556
v 0.400246 0.607102 -0.955556
v 0.301107 0.577320 -0.955556
v 0.217712 0.541581 -0.955556
v 0.169742 0.492440 -0.955556
v 0.121771 0.443299 -0.955556
v 0.073801 0.394158 -0.955556
v 0.115129 0.408018 -0.955556
v 0.172694 0.433333 -0.955556
v 0.230258 0.458648 -0.955556
v 0.306273 0.456281 -0.955556
v 0.411808 0.409622 -0.955556
v 0.517343 0.362963 -0.955556
v 0.622878 0.316304 -0.955556
v 0.684133 0.313631 -0.955556
v 0.741697 0.314624 -0.955556
v 0.799262 0.315617 -0.955556
v 0.852891 0.291180 -0.955556
v 0.901927 0.237075 -0.955556
v 0.950963 0.182971 -0.955556
v 1.000000 0.128866 -0.955556
v 0.756458 0.000000 -1.000000
v 0.537925 0.267545 -1.000000
v 0.319393 0.535090 -1.000000
v 0.100861 0.802635 -1.000000
v 0.055679 0.937610 -1.000000
v 0.159082 0.958954 -1.000000
v 0.262485 0.980298 -1.000000
v 0.361050 0.999618 -1.000000
v 0.401558 0.994654 -1.000000
v 0.442066 0.989691 -1.000000
v 0.482575 0.984727 -1.000000
v 0.523083 0.975181 -1.000000
v 0.563592 0.962772 -1.000000
v 0.604100 0.950363 -1.000000
v 0.648872 0.935281 -1.000000
v 0.717097 0.905498 -1.000000
v 0.785322 0.875716 -1.000000
v 0.853547 0.845934 -1.000000
v 0.852399 0.812715 -1.000000
v 0.820418 0.777969 -1.000000
v 0.788438 0.743223 -1.000000
v 0.751291 0.712715 -1.000000
v 0.696925 0.696334 -1.000000
v 0.642558 0.679954 -1.000000
v 0.588192 0.663574 -1.000000
v 0.499385 0.636884 -1.000000
v 0.400246 0.607102 -1.000000
v 0.301107 0.577320 -1.000000
v 0.217712 0.541581 -1.000000
v 0.169742 0.492440 -1.000000
v 0.121771 0.443299 -1.000000
v 0.073801 0.394158 -1.000000
v 0.115129 0.408018 -1.000000
v 0.172694 0.433333 -1.000000
v 0.230258 0.458648 -1.000000
v 0.306273 0.456281 -1.000000
v 0.411808 0.409622 -1.000000
v 0.517343 0.362963 -1.000000
v 0.622878 0.316304 -1.000000
v 0.684133 0.313631 -1.000000
v 0.741697 0.314624 -1.000000
v 0.799262 0.315617 -1.000000
v 0.852891 0.291180 -1.000000
v 0.901927 0.237075 -1.000000
v 0.950963 0.182971 -1.000000
v 1.000000 0.128866 -1.000000
vn -0.7745 -0.6326 -0.0000
vn -0.9483 -0.3174 -0.0000
vn -0.2022 0.9794 -0.0000
vn -0.1924 0.9813 -0.0000
vn 0.1216 0.9926 -0.0000
vn 0.2294 0.9733 -0.0000
vn 0.2929 0.9561 -0.0000
vn 0.3192 0.9477 -0.0000
vn 0.4001 0.9165 -0.0000
vn 0.9994 -0.0345 -0.0000
vn 0.7358 -0.6772 -0.0000
vn 0.6347 -0.7728 -0.0000
vn 0.2885 -0.9575 -0.0000
vn 0.2878 -0.9577 -0.0000
vn 0.2877 -0.9577 -0.0000
vn 0.3939 -0.9192 -0.0000
vn 0.7156 -0.6985 -0.0000
vn -0.3180 0.9481 -0.0000
vn -0.4026 0.9154 -0.0000
vn 0.0311 0.9995 -0.0000
vn 0.4044 0.9146 -0.0000
vn 0.0436 0.9990 -0.0000
vn -0.0172 0.9999 -0.0000
vn 0.4146 0.9100 -0.0000
vn 0.7410 0.6716 -0.0000
vn 0.4147 0.9100 -0.0000
s 0
f 1//1 2//1 48//1 47//1
f 2//1 3//1 49//1 48//1
f 3//1 4//1 50//1 49//1
f 4//2 5//2 51//2 50//2
f 5//3 6//3 52//3 51//3
f 6//3 7//3 53//3 52//3
f 7//4 8//4 54//4 53//4
f 8//5 9//5 55//5 54//5
f 9//5 10//5 56//5 55//5
f 10//5 11//5 57//5 56//5
f 11//6 12//6 58//6 57//6
f 12//7 13//7 59//7 58//7
f 13//7 14//7 60//7 59//7
f 14//8 15//8 61//8 60//8
f 15//9 16//9 62//9 61//9
f 16//9 17//9 63//9 62//9
f 17//9 18//9 64//9 63//9
f 18//10 19//10 65//10 64//10
f 19//11 20//11 66//11 65//11
f 20//11 21//11 67//11 66//11
f 21//12 22//12 68//12 67//12
f 22//13 23//13 69//13 68//13
f 23//13 24//13 70//13 69//13
f 24//13 25//13 71//13 70//13
f 25//14 26//14 72//14 71//14
f 26//15 27//15 73//15 72//15
f 27//15 28//15 74//15 73//15
f 28//16 29//16 75//16 74//16
f 29//17 30//17 76//17 75//17
f 30//17 31//17 77//17 76//17
f 31//17 32//17 78//17 77//17
f 32//18 33//18 79//18 78//18
f 33//19 34//19 80//19 79//19
f 34//19 35//19 81//19 80//19
f 35//20 36//20 82//20 81//20
f 36//21 37//21 83//21 82//21
f 37//21 38//21 84//21 83//21
f 38//21 39//21 85//21 84//21
f 39//22 40//22 86//22 85//22
f 40//23 41//23 87//23 86//23
f 41//23 42//23 88//23 87//23
f 42//24 43//24 89//24 88//24
f 43//25 44//25 90//25 89//25
f 44//25 45//25 91//25 90//25
f 45//25 46//25 92//25 91//25
f 47//1 48//1 94//1 93//1
f 48//1 49//1 95//1 94//1
f 49//1 50//1 96//1 95//1
f 50//2 51//2 97//2 96//2
f 51//3 52//3 98//3 97//3
f 52//3 53//3 99//3 98//3
f 53//4 54//4 100//4 99//4
f 54//5 55//5 101//5 100//5
f 55//5 56//5 102//5 101//5
f 56//5 57//5 103//5 102//5
f 57//6 58//6 104//6 103//6
f 58//7 59//7 105//7 104//7
f 59//7 60//7 106//7 105//7
f 60//8 61//8 107//8 106//8
f 61//9 62//9 108//9 107//9
f 62//9 63//9 109//9 108//9
f 63//9 64//9 110//9 109//9
f 64//10 65//10 111//10 110//10
f 65//11 66//11 112//11 111//11
f 66//11 67//11 113//11 112//11
f 67//12 68//12 114//12 113//12
f 68//13 69//13 115//13 114//13
f 69//13 70//13 116//13 115//13
f 70//13 71//13 117//13 116//13
f 71//14 72//14 118//14 117//14
f 72//15 73//15 119//15 118//15
f 73//15 74//15 120//15 119//15
f 74//16 75//16 121//16 120//16
f 75//17 76//17 122//17 121//17
f 76//17 77//17 123//17 122//17
f 77//17 78//17 124//17 123//17
f 78//18 79//18 125//18 124//18
f 79//19 80//19 126//19 125//19
f 80//19 81//19 127//19 126//19
f 81//20 82//20 128//20 127//20
f 82//21 83//21 129//21 128//21
f 83//21 84//21 130//21 129//21
f 84//21 85//21 131//21 130//21
f 85//22 86//22 132//22 131//22
f 86//23 87//23 133//23 132//23
f 87//23 88//23 134//23 133//23
f 88//24 89//24 135//24 134//24
f 89//25 90//25 136//25 135//25
f 90//25 91//25 137//25 136//25
f 91//25 92//25 138//25 137//25
f 93//1 94//1 140//1 139//1
f 94//1 95//1 141//1 140//1
f 95//1 96//1 142//1 141//1
f 96//2 97//2 143//2 142//2
f 97//3 98//3 144//3 143//3
f 98//3 99//3 145//3 144//3
f 99//4 100//4 146//4 145//4
f 100//5 101//5 147//5 146//5
f 101//5 102//5 148//5 147//5
f 102//5 103//5 149//5 148//5
f 103//6 104//6 150//6 149//6
f 104//7 105//7 151//7 150//7
f 105//7 106//7 152//7 151//7
f 106//8 107//8 153//8 152//8
f 107//9 108//9 154//9 153//9
f 108//9 109//9 155//9 154//9
f 109//9 110//9 156//9 155//9
f 110//10 111//10 157//10 156//10
f 111//11 112//11 158//11 157//11
f 112//11 113//11 159//11 158//11
f 113//12 114//12 160//12 159//12
f 114//13 115//13 161//13 160//13
f 115//13 116//13 162//13 161//13
f 116//13 117//13 163//13 162//13
f 117//14 118//14 164//14 163//14
f 118//15 119//15 165//15 164//15
f 119//15 120//15 166//15 165//15
f 120//16 121//16 167//16 166//16
f 121//17 122//17 168//17 167//17
f 122//17 123//17 169//17 168//17
f 123//17 124//17 170//17 169//17
f 124//18 125//18 171//18 170//18
f 125//19 126//19 172//19 171//19
f 126//19 127//19 173//19 172//19
f 127//20 128//20 174//20 173//20
f 128//21 129//21 175//21 174//21
f 129//21 130//21 176//21 175//21
f 130//21 131//21 177//21 176//21
f 131//22 132//22 178//22 177//22
f 132//23 133//23 179//23 178//23
f 133//23 134//23 180//23 179//23
f 134//24 135//24 181//24 180//24
f 135//25 136//25 182//25 181//25
f 136//25 137//25 183//25 182//25
f 137//25 138//25 184//25 183//25
f 139//1 140//1 186//1 185//1
f 140//1 141//1 187//1 186//1
f 141//1 142//1 188//1 187//1
f 142//2 143//2 189//2 188//2
f 143//3 144//3 190//3 189//3
f 144//3 145//3 191//3 190//3
f 145//4 146//4 192//4 191//4
f 146//5 147//5 193//5 192//5
f 147//5 148//5 194//5 193//5
f 148//5 149//5 195//5 194//5
f 149//6 150//6 196//6 195//6
f 150//7 151//7 197//7 196//7
f 151//7 152//7 198//7 197//7
f 152//8 153//8 199//8 198//8
f 153//9 154//9 200//9 199//9
f 154//9 155//9 201//9 200//9
f 155//9 156//9 202//9 201//9
f 156//10 157//10 203//10 202//10
f 157//11 158//11 204//11 203//11
f 158//11 159//11 205//11 204//11
f 159//12 160//12 206//12 205//12
f 160//13 161//13 207//13 206//13
f 161//13 162//13 208//13 207//13
f 162//13 163//13 209//13 208//13
f 163//14 164//14 210//14 209//14
f 164//15 165//15 211//15 210//15
f 165//15 166//15 212//15 211//15
f 166//16 167//16 213//16 212//16
f 167//17 168//17 214//17 213//17
f 168//17 169//17 215//17 214//17
f 169//17 170//17 216//17 215//17
f 170//18 171//18 217//18 216//18
f 171//19 172//19 218//19 217//19
f 172//19 173//19 219//19 218//19
f 173//20 174//20 220//20 219//20
f 174//21 175//21 221//21 220//21
f 175//21 176//21 222//21 221//21
f 176//21 177//21 223//21 222//21
f 177//22 178//22 224//22 223//22
f 178//23 179//23 225//23 224//23
f 179//23 180//23 226//23 225//23
f 180//24 181//24 227//24 226//24
f 181//25 182//25 228//25 227//25
f 182//25 183//25 229//25 228//25
f 183//25 184//25 230//25 229//25
f 185//1 186//1 232//1 231//1
f 186//1 187//1 233//1 232//1
f 187//1 188//1 234//1 233//1
f 188//2 189//2 235//2 234//2
f 189//3 190//3 236//3 235//3
f 190//3 191//3 237//3 236//3
f 191//4 192//4 238//4 237//4
f 192//5 193//5 239//5 238//5
f 193//5 194//5 240//5 239//5
f 194//5 195//5 241//5 240//5
f 195//6 196//6 242//6 241//6
f 196//7 197//7 243//7 242//7
f 197//7 198//7 244//7 243//7
f 198//8 199//8 245//8 244//8
f 199//9 200//9 246//9 245//9
f 200//9 201//9 247//9 246//9
f 201//9 202//9 248//9 247//9
f 202//10 203//10 249//10 248//10
f 203//11 204//11 250//11 249//11
f 204//11 205//11 251//11 250//11
f 205//12 206//12 252//12 251//12
f 206//13 207//13 253//13 252//13
f 207//13 208//13 254//13 253//13
f 208//13 209//13 255//13 254//13
f 209//14 210//14 256//14 255//14
f 210//15 211//15 257//15 256//15
f 211//15 212//15 258//15 257//15
f 212//16 213//16 259//16 258//16
f 213//17 214//17 260//17 259//17
f 214//17 215//17 261//17 260//17
f 215//17 216//17 262//17 261//17
f 216//18 217//18 263//18 262//18
f 217//19 218//19 264//19 263//19
f 218//19 219//19 265//19 264//19
f 219//20 220//20 266//20 265//20
f 220//21 221//21 267//21 266//21
f 221//21 222//21 268//21 267//21
f 222//21 223//21 269//21 268//21
f 223//22 224//22 270//22 269//22
f 224//23 225//23 271//23 270//23
f 225//23 226//23 272//23 271//23
f 226//24 227//24 273//24 272//24
f 227//25 228//25 274//25 273//25
f 228//25 229//25 275//25 274//25
f 229//25 230//25 276//25 275//25
f 231//1 232//1 278//1 277//1
f 232//1 233//1 279//1 278//1
f 233//1 234//1 280//1 279//1
f 234//2 235//2 281//2 280//2
f 235//3 236//3 282//3 281//3
f 236//3 237//3 283//3 282//3
f 237//4 238//4 284//4 283//4
f 238//5 239//5 285//5 284//5
f 239//5 240//5 286//5 285//5
f 240//5 241//5 287//5 286//5
f 241//6 242//6 288//6 287//6
f 242//7 243//7 289//7 288//7
f 243//7 244//7 290//7 289//7
f 244//8 245//8 291//8 290//8
f 245//9 246//9 292//9 291//9
f 246//9 247//9 293//9 292//9
f 247//9 248//9 294//9 293//9
f 248//10 249//10 295//10 294//10
f 249//11 250//11 296//11 295//11
f 250//11 251//11 297//11 296//11
f 251//12 252//12 298//12 297//12
f 252//13 253//13 299//13 298//13
f 253//13 254//13 300//13 299//13
f 254//13 255//13 301//13 300//13
f 255//14 256//14 302//14 301//14
f 256//15 257//15 303//15 302//15
f 257//15 258//15 304//15 303//15
f 258//16 259//16 305//16 304//16
f 259//17 260//17 306//17 305//17
f 260//17 261//17 307//17 306//17
f 261//17 262//17 308//17 307//17
f 262//18 263//18 309//18 308//18
f 263//19 264//19 310//19 309//19
f 264//19 265//19 311//19 310//19
f 265//20 266//20 312//20 311//20
f 266//21 267//21 313//21 312//21
f 267//21 268//21 314//21 313//21
f 268//21 269//21 315//21 314//21
f 269//22 270//22 316//22 315//22
f 270//23 271//23 317//23 316//23
f 271//23 272//23 318//23 317//23
f 272//24 273//24 319//24 318//24
f 273//25 274//25 320//25 319//25
f 274//25 275//25 321//25 320//25
f 275//25 276//25 322//25 321//25
f 277//1 278//1 324//1 323//1
f 278//1 279//1 325//1 324//1
f 279//1 280//1 326//1 325//1
f 280//2 281//2 327//2 326//2
f 281//3 282//3 328//3 327//3
f 282//3 283//3 329//3 328//3
f 283//4 284//4 330//4 329//4
f 284//5 285//5 331//5 330//5
f 285//5 286//5 332//5 331//5
f 286//5 287//5 333//5 332//5
f 287//6 288//6 334//6 333//6
f 288//7 289//7 335//7 334//7
f 289//7 290//7 336//7 335//7
f 290//8 291//8 337//8 336//8
f 291//9 292//9 338//9 337//9
f 292//9 293//9 339//9 338//9
f 293//9 294//9 340//9 339//9
f 294//10 295//10 341//10 340//10
f 295//11 296//11 342//11 341//11
f 296//11 297//11 343//11 342//11
f 297//12 298//12 344//12 343//12
f 298//13 299//13 345//13 344//13
f 299//13 300//13 346//13 345//13
f 300//13 301//13 347//13 346//13
f 301//14 302//14 348//14 347//14
f 302//15 303//15 349//15 348//15
f 303//15 304//15 350//15 349//15
f 304//16 305//16 351//16 350//16
f 305//17 306//17 352//17 351//17
f 306//17 307//17 353//17 352//17
f 307//17 308//17 354//17 353//17
f 308//18 309//18 355//18 354//18
f 309//19 310//19 356//19 355//19
f 310//19 311//19 357//19 356//19
f 311//20 312//20 358//20 357//20
f 312//21 313//21 359//21 358//21
f 313//21 314//21 360//21 359//21
f 314//21 315//21 361//21 360//21
f 315//22 316//22 362//22 361//22
f 316//23 317//23 363//23 362//23
f 317//23 318//23 364//23 363//23
f 318//24 319//24 365//24 364//24
f 319//25 320//25 366//25 365//25
f 320//25 321//25 367//25 366//25
f 321//25 322//25 368//25 367//25
f 323//1 324//1 370//1 369//1
f 324//1 325//1 371//1 370//1
f 325//1 326//1 372//1 371//1
f 326//2 327//2 373//2 372//2
f 327//3 328//3 374//3 373//3
f 328//3 329//3 375//3 374//3
f 329//4 330//4 376//4 375//4
f 330//5 331//5 377//5 376//5
f 331//5 332//5 378//5 377//5
f 332//5 333//5 379//5 378//5
f 333//6 334//6 380//6 379//6
f 334//7 335//7 381//7 380//7
f 335//7 336//7 382//7 381//7
f 336//8 337//8 383//8 382//8
f 337//9 338//9 384//9 383//9
f 338//9 339//9 385//9 384//9
f 339//9 340//9 386//9 385//9
f 340//10 341//10 387//10 386//10
f 341//11 342//11 388//11 387//11
f 342//11 343//11 389//11 388//11
f 343//12 344//12 390//12 389//12
f 344//13 345//13 391//13 390//13
f 345//13 346//13 392//13 391//13
f 346//13 347//13 393//13 392//13
f 347//14 348//14 394//14 393//14
f 348//15 349//15 395//15 394//15
f 349//15 350//15 396//15 395//15
f 350//16 351//16 397//16 396//16
f 351//17 352//17 398//17 397//17
f 352//17 353//17 399//17 398//17
f 353//17 354//17 400//17 399//17
f 354//18 355//18 401//18 400//18
f 355//19 356//19 402//19 401//19
f 356//19 357//19 403//19 402//19
f 357//20 358//20 404//20 403//20
f 358//21 359//21 405//21 404//21
f 359//21 360//21 406//21 405//21
f 360//21 361//21 407//21 406//21
f 361//22 362//22 408//22 407//22
f 362//23 363//23 409//23 408//23
f 363//23 364//23 410//23 409//23
f 364//24 365//24 411//24 410//24
f 365//25 366//25 412//25 411//25
f 366//25 367//25 413//25 412//25
f 367//25 368//25 414//25 413//25
f 369//1 370//1 416//1 415//1
f 370//1 371//1 417//1 416//1
f 371//1 372//1 418//1 417//1
f 372//2 373//2 419//2 418//2
f 373//3 374//3 420//3 419//3
f 374//3 375//3 421//3 420//3
f 375//4 376//4 422//4 421//4
f 376//5 377//5 423//5 422//5
f 377//5 378//5 424//5 423//5
f 378//5 379//5 425//5 424//5
f 379//6 380//6 426//6 425//6
f 380//7 381//7 427//7 426//7
f 381//7 382//7 428//7 427//7
f 382//8 383//8 429//8 428//8
f 383//9 384//9 430//9 429//9
f 384//9 385//9 431//9 430//9
f 385//9 386//9 432//9 431//9
f 386//10 387//10 433//10 432//10
f 387//11 388//11 434//11 433//11
f 388//11 389//11 435//11 434//11
f 389//12 390//12 436//12 435//12
f 390//13 391//13 437//13 436//13
f 391//13 392//13 438//13 437//13
f 392//13 393//13 439//13 438//13
f 393//14 394//14 440//14 439//14
f 394//15 395//15 441//15 440//15
f 395//15 396//15 442//15 441//15
f 396//16 397//16 443//16 442//16
f 397//17 398//17 444//17 443//17
f 398//17 399//17 445//17 444//17
f 399//17 400//17 446//17 445//17
f 400//18 401//18 447//18 446//18
f 401//19 402//19 448//19 447//19
f 402//19 403//19 449//19 448//19
f 403//20 404//20 450//20 449//20
f 404//21 405//21 451//21 450//21
f 405//21 406//21 452//21 451//21
f 406//21 407//21 453//21 452//21
f 407//22 408//22 454//22 453//22
f 408//23 409//23 455//23 454//23
f 409//23 410//23 456//23 455//23
f 410//26 411//26 457//26 456//26
f 411//25 412//25 458//25 457//25
f 412//25 413//25 459//25 458//25
f 413//25 414//25 460//25 459//25
f 415//1 416//1 462//1 461//1
f 416//1 417//1 463//1 462//1
f 417//1 418//1 464//1 463//1
f 418//2 419//2 465//2 464//2
f 419//3 420//3 466//3 465//3
f 420//3 421//3 467//3 466//3
f 421//4 422//4 468//4 467//4
f 422//5 423//5 469//5 468//5
f 423//5 424//5 470//5 469//5
f 424//5 425//5 471//5 470//5
f 425//6 426//6 472//6 471//6
f 426//7 427//7 473//7 472//7
f 427//7 428//7 474//7 473//7
f 428//8 429//8 475//8 474//8
f 429//9 430//9 476//9 475//9
f 430//9 431//9 477//9 476//9
f 431//9 432//9 478//9 477//9
f 432//10 433//10 479//10 478//10
f 433//11 434//11 480//11 479//11
f 434//11 435//11 481//11 480//11
f 435//12 436//12 482//12 481//12
f 436//13 437//13 483//13 482//13
f 437//13 438//13 484//13 483//13
f 438//13 439//13 485//13 484//13
f 439//14 440//14 486//14 485//14
f 440//15 441//15 487//15 486//15
f 441//15 442//15 488//15 487//15
f 442//16 443//16 489//16 488//16
f 443//17 444//17 490//17 489//17
f 444//17 445//17 491//17 490//17
f 445//17 446//17 492//17 491//17
f 446//18 447//18 493//18 492//18
f 447//19 448//19 494//19 493//19
f 448//19 449//19 495//19 494//19
f 449//20 450//20 496//20 495//20
f 450//21 451//21 497//21 496//21
f 451//21 452//21 498//21 497//21
f 452//21 453//21 499//21 498//21
f 453//22 454//22 500//22 499//22
f 454//23 455//23 501//23 500//23
f 455//23 456//23 502//23 501//23
f 456//24 457//24 503//24 502//24
f 457//25 458//25 504//25 503//25
f 458//25 459//25 505//25 504//25
f 459//25 460//25 506//25 505//25
f 461//1 462//1 508//1 507//1
f 462//1 463//1 509//1 508//1
f 463//1 464//1 510//1 509//1
f 464//2 465//2 511//2 510//2
f 465//3 466//3 512//3 511//3
f 466//3 467//3 513//3 512//3
f 467//4 468//4 514//4 513//4
f 468//5 469//5 515//5 514//5
f 469//5 470//5 516//5 515//5
f 470//5 471//5 517//5 516//5
f 471//6 472//6 518//6 517//6
f 472//7 473//7 519//7 518//7
f 473//7 474//7 520//7 519//7
f 474//8 475//8 521//8 520//8
f 475//9 476//9 522//9 521//9
f 476//9 477//9 523//9 522//9
f 477//9 478//9 524//9 523//9
f 478//10 479//10 525//10 524//10
f 479//11 480//11 526//11 525//11
f 480//11 481//11 527//11 526//11
f 481//12 482//12 528//12 527//12
f 482//13 483//13 529//13 528//13
f 483//13 484//13 530//13 529//13
f 484//13 485//13 531//13 530//13
f 485//14 486//14 532//14 531//14
f 486//15 487//15 533//15 532//15
f 487//15 488//15 534//15 533//15
f 488//16 489//16 535//16 534//16
f 489//17 490//17 536//17 535//17
f 490//17 491//17 537//17 536//17
f 491//17 492//17 538//17 537//17
f 492//18 493//18 539//18 538//18
f 493//19 494//19 540//19 539//19
f 494//19 495//19 541//19 540//19
f 495//20 496//20 542//20 541//20
f 496//21 497//21 543//21 542//21
f 497//21 498//21 544//21 543//21
f 498//21 499//21 545//21 544//21
f 499//22 500//22 546//22 545//22
f 500//23 501//23 547//23 546//23
f 501//23 502//23 548//23 547//23
f 502//24 503//24 549//24 548//24
f 503//25 504//25 550//25 549//25
f 504//25 505//25 551//25 550//25
f 505//25 506//25 552//25 551//25
f 507//1 508//1 554//1 553//1
f 508//1 509//1 555//1 554//1
f 509//1 510//1 556//1 555//1
f 510//2 511//2 557//2 556//2
f 511//3 512//3 558//3 557//3
f 512//3 513//3 559//3 558//3
f 513//4 514//4 560//4 559//4
f 514//5 515//5 561//5 560//5
f 515//5 516//5 562//5 561//5
f 516//5 517//5 563//5 562//5
f 517//6 518//6 564//6 563//6
f 518//7 519//7 565//7 564//7
f 519//7 520//7 566//7 565//7
f 520//8 521//8 567//8 566//8
f 521//9 522//9 568//9 567//9
f 522//9 523//9 569//9 568//9
f 523//9 524//9 570//9 569//9
f 524//10 525//10 571//10 570//10
f 525//11 526//11 572//11 571//11
f 526//11 527//11 573//11 572//11
f 527//12 528//12 574//12 573//12
f 528//13 529//13 575//13 574//13
f 529//13 530//13 576//13 575//13
f 530//13 531//13 577//13 576//13
f 531//14 532//14 578//14 577//14
f 532//15 533//15 579//15 578//15
f 533//15 534//15 580//15 579//15
f 534//16 535//16 581//16 580//16
f 535//17 536//17 582//17 581//17
f 536//17 537//17 583//17 582//17
f 537//17 538//17 584//17 583//17
f 538//18 539//18 585//18 584//18
f 539//19 540//19 586//19 585//19
f 540//19 541//19 587//19 586//19
f 541//20 542//20 588//20 587//20
f 542//21 543//21 589//21 588//21
f 543//21 544//21 590//21 589//21
f 544//21 545//21 591//21 590//21
f 545//22 546//22 592//22 591//22
f 546//23 547//23 593//23 592//23
f 547//23 548//23 594//23 593//23
f 548//24 549//24 595//24 594//24
f 549//25 550//25 596//25 595//25
f 550//25 551//25 597//25 596//25
f 551//25 552//25 598//25 597//25
f 553//1 554//1 600//1 599//1
f 554//1 555//1 601//1 600//1
f 555//1 556//1 602//1 601//1
f 556//2 557//2 603//2 602//2
f 557//3 558//3 604//3 603//3
f 558//3 559//3 605//3 604//3
f 559//4 560//4 606//4 605//4
f 560//5 561//5 607//5 606//5
f 561//5 562//5 608//5 607//5
f 562//5 563//5 609//5 608//5
f 563//6 564//6 610//6 609//6
f 564//7 565//7 611//7 610//7
f 565//7 566//7 612//7 611//7
f 566//8 567//8 613//8 612//8
f 567//9 568//9 614//9 613//9
f 568//9 569//9 615//9 614//9
f 569//9 570//9 616//9 615//9
f 570//10 571//10 617//10 616//10
f 571//11 572//11 618//11 617//11
f 572//11 573//11 619//11 618//11
f 573//12 574//12 620//12 619//12
f 574//13 575//13 621//13 620//13
f 575//13 576//13 622//13 621//13
f 576//13 577//13 623//13 622//13
f 577//14 578//14 624//14 623//14
f 578//15 579//15 625//15 624//15
f 579//15 580//15 626//15 625//15
f 580//16 581//16 627//16 626//16
f 581//17 582//17 628//17 627//17
f 582//17 583//17 629//17 628//17
f 583//17 584//17 630//17 629//17
f 584//18 585//18 631//18 630//18
f 585//19 586//19 632//19 631//19
f 586//19 587//19 633//19 632//19
f 587//20 588//20 634//20 633//20
f 588//21 589//21 635//21 634//21
f 589//21 590//21 636//21 635//21
f 590//21 591//21 637//21 636//21
f 591//22 592//22 638//22 637//22
f 592//23 593//23 639//23 638//23
f 593//23 594//23 640//23 639//23
f 594//24 595//24 641//24 640//24
f 595//25 596//25 642//25 641//25
f 596//25 597//25 643//25 642//25
f 597//25 598//25 644//25 643//25
f 599//1 600//1 646//1 645//1
f 600//1 601//1 647//1 646//1
f 601//1 602//1 648//1 647//1
f 602//2 603//2 649//2 648//2
f 603//3 604//3 650//3 649//3
f 604//3 605//3 651//3 650//3
f 605//4 606//4 652//4 651//4
f 606//5 607//5 653//5 652//5
f 607//5 608//5 654//5 653//5
f 608//5 609//5 655//5 654//5
f 609//6 610//6 656//6 655//6
f 610//7 611//7 657//7 656//7
f 611//7 612//7 658//7 657//7
f 612//8 613//8 659//8 658//8
f 613//9 614//9 660//9 659//9
f 614//9 615//9 661//9 660//9
f 615//9 616//9 662//9 661//9
f 616//10 617//10 663//10 662//10
f 617//11 618//11 664//11 663//11
f 618//11 619//11 665//11 664//11
f 619//12 620//12 666//12 665//12
f 620//13 621//13 667//13 666//13
f 621//13 622//13 668//13 667//13
f 622//13 623//13 669//13 668//13
f 623//14 624//14 670//14 669//14
f 624//15 625//15 671//15 670//15
f 625//15 626//15 672//15 671//15
f 626//16 627//16 673//16 672//16
f 627//17 628//17 674//17 673//17
f 628//17 629//17 675//17 674//17
f 629//17 630//17 676//17 675//17
f 630//18 631//18 677//18 676//18
f 631//19 632//19 678//19 677//19
f 632//19 633//19 679//19 678//19
f 633//20 634//20 680//20 679//20
f 634//21 635//21 681//21 680//21
f 635//21 636//21 682//21 681//21
f 636//21 637//21 683//21 682//21
f 637//22 638//22 684//22 683//22
f 638//23 639//23 685//23 684//23
f 639//23 640//23 686//23 685//23
f 640//24 641//24 687//24 686//24
f 641//25 642//25 688//25 687//25
f 642//25 643//25 689//25 688//25
f 643//25 644//25 690//25 689//25
f 645//1 646//1 692//1 691//1
f 646//1 647//1 693//1 692//1
f 647//1 648//1 694//1 693//1
f 648//2 649//2 695//2 694//2
f 649//3 650//3 696//3 695//3
f 650//3 651//3 697//3 696//3
f 651//4 652//4 698//4 697//4
f 652//5 653//5 699//5 698//5
f 653//5 654//5 700//5 699//5
f 654//5 655//5 701//5 700//5
f 655//6 656//6 702//6 701//6
f 656//7 657//7 703//7 702//7
f 657//7 658//7 704//7 703//7
f 658//8 659//8 705//8 704//8
f 659//9 660//9 706//9 705//9
f 660//9 661//9 707//9 706//9
f 661//9 662//9 708//9 707//9
f 662//10 663//10 709//10 708//10
f 663//11 664//11 710//11 709//11
f 664//11 665//11 711//11 710//11
f 665//12 666//12 712//12 711//12
f 666//13 667//13 713//13 712//13
f 667//13 668//13 714//13 713//13
f 668//13 669//13 715//13 714//13
f 669//14 670//14 716//14 715//14
f 670//15 671//15 717//15 716//15
f 671//15 672//15 718//15 717//15
f 672//16 673//16 719//16 718//16
f 673//17 674//17 720//17 719//17
f 674//17 675//17 721//17 720//17
f 675//17 676//17 722//17 721//17
f 676//18 677//18 723//18 722//18
f 677//19 678//19 724//19 723//19
f 678//19 679//19 725//19 724//19
f 679//20 680//20 726//20 725//20
f 680//21 681//21 727//21 726//21
f 681//21 682//21 728//21 727//21
f 682//21 683//21 729//21 728//21
f 683//22 684//22 730//22 729//22
f 684//23 685//23 731//23 730//23
f 685//23 686//23 732//23 731//23
f 686//24 687//24 733//24 732//24
f 687//25 688//25 734//25 733//25
f 688//25 689//25 735//25 734//25
f 689//25 690//25 736//25 735//25
f 691//1 692//1 738//1 737//1
f 692//1 693//1 739//1 738//1
f 693//1 694//1 740//1 739//1
f 694//2 695//2 741//2 740//2
f 695//3 696//3 742//3 741//3
f 696//3 697//3 743//3 742//3
f 697//4 698//4 744//4 743//4
f 698//5 699//5 745//5 744//5
f 699//5 700//5 746//5 745//5
f 700//5 701//5 747//5 746//5
f 701//6 702//6 748//6 747//6
f 702//7 703//7 749//7 748//7
f 703//7 704//7 750//7 749//7
f 704//8 705//8 751//8 750//8
f 705//9 706//9 752//9 751//9
f 706//9 707//9 753//9 752//9
f 707//9 708//9 754//9 753//9
f 708//10 709//10 755//10 754//10
f 709//11 710//11 756//11 755//11
f 710//11 711//11 757//11 756//11
f 711//12 712//12 758//12 757//12
f 712//13 713//13 759//13 758//13
f 713//13 714//13 760//13 759//13
f 714//13 715//13 761//13 760//13
f 715//14 716//14 762//14 761//14
f 716//15 717//15 763//15 762//15
f 717//15 718//15 764//15 763//15
f 718//16 719//16 765//16 764//16
f 719//17 720//17 766//17 765//17
f 720//17 721//17 767//17 766//17
f 721//17 722//17 768//17 767//17
f 722//18 723//18 769//18 768//18
f 723//19 724//19 770//19 769//19
f 724//19 725//19 771//19 770//19
f 725//20 726//20 772//20 771//20
f 726//21 727//21 773//21 772//21
f 727//21 728//21 774//21 773//21
f 728//21 729//21 775//21 774//21
f 729//22 730//22 776//22 775//22
f 730//23 731//23 777//23 776//23
f 731//23 732//23 778//23 777//23
f 732//24 733//24 779//24 778//24
f 733//25 734//25 780//25 779//25
f 734//25 735//25 781//25 780//25
f 735//25 736//25 782//25 781//25
f 737//1 738//1 784//1 783//1
f 738//1 739//1 785//1 784//1
f 739//1 740//1 786//1 785//1
f 740//2 741//2 787//2 786//2
f 741//3 742//3 788//3 787//3
f 742//3 743//3 789//3 788//3
f 743//4 744//4 790//4 789//4
f 744//5 745//5 791//5 790//5
f 745//5 746//5 792//5 791//5
f 746//5 747//5 793//5 792//5
f 747//6 748//6 794//6 793//6
f 748//7 749//7 795//7 794//7
f 749//7 750//7 796//7 795//7
f 750//8 751//8 797//8 796//8
f 751//9 752//9 798//9 797//9
f 752//9 753//9 799//9 798//9
f 753//9 754//9 800//9 799//9
f 754//10 755//10 801//10 800//10
f 755//11 756//11 802//11 801//11
f 756//11 757//11 803//11 802//11
f 757//12 758//12 804//12 803//12
f 758//13 759//13 805//13 804//13
f 759//13 760//13 806//13 805//13
f 760//13 761//13 807//13 806//13
f 761//14 762//14 808//14 807//14
f 762//15 763//15 809//15 808//15
f 763//15 764//15 810//15 809//15
f 764//16 765//16 811//16 810//16
f 765//17 766//17 812//17 811//17
f 766//17 767//17 813//17 812//17
f 767//17 768//17 814//17 813//17
f 768//18 769//18 815//18 814//18
f 769//19 770//19 816//19 815//19
f 770//19 771//19 817//19 816//19
f 771//20 772//20 818//20 817//20
f 772//21 773//21 819//21 818//21
f 773//21 774//21 820//21 819//21
f 774//21 775//21 821//21 820//21
f 775//22 776//22 822//22 821//22
f 776//23 777//23 823//23 822//23
f 777//23 778//23 824//23 823//23
f 778//24 779//24 825//24 824//24
f 779//25 780//25 826//25 825//25
f 780//25 781//25 827//25 826//25
f 781//25 782//25 828//25 827//25
f 783//1 784//1 830//1 829//1
f 784//1 785//1 831//1 830//1
f 785//1 786//1 832//1 831//1
f 786//2 787//2 833//2 832//2
f 787//3 788//3 834//3 833//3
f 788//3 789//3 835//3 834//3
f 789//4 790//4 836//4 835//4
f 790//5 791//5 837//5 836//5
f 791//5 792//5 838//5 837//5
f 792//5 793//5 839//5 838//5
f 793//6 794//6 840//6 839//6
f 794//7 795//7 841//7 840//7
f 795//7 796//7 842//7 841//7
f 796//8 797//8 843//8 842//8
f 797//9 798//9 844//9 843//9
f 798//9 799//9 845//9 844//9
f 799//9 800//9 846//9 845//9
f 800//10 801//10 847//10 846//10
f 801//11 802//11 848//11 847//11
f 802//11 803//11 849//11 848//11
f 803//12 804//12 850//12 849//12
f 804//13 805//13 851//13 850//13
f 805//13 806//13 852//13 851//13
f 806//13 807//13 853//13 852//13
f 807//14 808//14 854//14 853//14
f 808//15 809//15 855//15 854//15
f 809//15 810//15 856//15 855//15
f 810//16 811//16 857//16 856//16
f 811//17 812//17 858//17 857//17
f 812//17 813//17 859//17 858//17
f 813//17 814//17 860//17 859//17
f 814//18 815//18 861//18 860//18
f 815//19 816//19 862//19 861//19
f 816//19 817//19 863//19 862//19
f 817//20 818//20 864//20 863//20
f 818//21 819//21 865//21 864//21
f 819//21 820//21 866//21 865//21
f 820//21 821//21 867//21 866//21
f 821//22 822//22 868//22 867//22
f 822//23 823//23 869//23 868//23
f 823//23 824//23 870//23 869//23
f 824//24 825//24 871//24 870//24
f 825//25 826//25 872//25 871//25
f 826//25 827//25 873//25 872//25
f 827//25 828//25 874//25 873//25
f 829//1 830//1 876//1 875//1
f 830//1 831//1 877//1 876//1
f 831//1 832//1 878//1 877//1
f 832//2 833//2 879//2 878//2
f 833//3 834//3 880//3 879//3
f 834//3 835//3 881//3 880//3
f 835//4 836//4 882//4 881//4
f 836//5 837//5 883//5 882//5
f 837//5 838//5 884//5 883//5
f 838//5 839//5 885//5 884//5
f 839//6 840//6 886//6 885//6
f 840//7 841//7 887//7 886//7
f 841//7 842//7 888//7 887//7
f 842//8 843//8 889//8 888//8
f 843//9 844//9 890//9 889//9
f 844//9 845//9 891//9 890//9
f 845//9 846//9 892//9 891//9
f 846//10 847//10 893//10 892//10
f 847//11 848//11 894//11 893//11
f 848//11 849//11 895//11 894//11
f 849//12 850//12 896//12 895//12
f 850//13 851//13 897//13 896//13
f 851//13 852//13 898//13 897//13
f 852//13 853//13 899//13 898//13
f 853//14 854//14 900//14 899//14
f 854//15 855//15 901//15 900//15
f 855//15 856//15 902//15 901//15
f 856//16 857//16 903//16 902//16
f 857//17 858//17 904//17 903//17
f 858//17 859//17 905//17 904//17
f 859//17 860//17 906//17 905//17
f 860//18 861//18 907//18 906//18
f 861//19 862//19 908//19 907//19
f 862//19 863//19 909//19 908//19
f 863//20 864//20 910//20 909//20
f 864//21 865//21 911//21 910//21
f 865//21 866//21 912//21 911//21
f 866//21 867//21 913//21 912//21
f 867//22 868//22 914//22 913//22
f 868//23 869//23 915//23 914//23
f 869//23 870//23 916//23 915//23
f 870//24 871//24 917//24 916//24
f 871//25 872//25 918//25 917//25
f 872//25 873//25 919//25 918//25
f 873//25 874//25 920//25 919//25
f 875//1 876//1 922//1 921//1
f 876//1 877//1 923//1 922//1
f 877//1 878//1 924//1 923//1
f 878//2 879//2 925//2 924//2
f 879//3 880//3 926//3 925//3
f 880//3 881//3 927//3 926//3
f 881//4 882//4 928//4 927//4
f 882//5 883//5 929//5 928//5
f 883//5 884//5 930//5 929//5
f 884//5 885//5 931//5 930//5
f 885//6 886//6 932//6 931//6
f 886//7 887//7 933//7 932//7
f 887//7 888//7 934//7 933//7
f 888//8 889//8 935//8 934//8
f 889//9 890//9 936//9 935//9
f 890//9 891//9 937//9 936//9
f 891//9 892//9 938//9 937//9
f 892//10 893//10 939//10 938//10
f 893//11 894//11 940//11 939//11
f 894//11 895//11 941//11 940//11
f 895//12 896//12 942//12 941//12
f 896//13 897//13 943//13 942//13
f 897//13 898//13 944//13 943//13
f 898//13 899//13 945//13 944//13
f 899//14 900//14 946//14 945//14
f 900//15 901//15 947//15 946//15
f 901//15 902//15 948//15 947//15
f 902//16 903//16 949//16 948//16
f 903//17 904//17 950//17 949//17
f 904//17 905//17 951//17 950//17
f 905//17 906//17 952//17 951//17
f 906//18 907//18 953//18 952//18
f 907//19 908//19 954//19 953//19
f 908//19 909//19 955//19 954//19
f 909//20 910//20 956//20 955//20
f 910//21 911//21 957//21 956//21
f 911//21 912//21 958//21 957//21
f 912//21 913//21 959//21 958//21
f 913//22 914//22 960//22 959//22
f 914//23 915//23 961//23 960//23
f 915//23 916//23 962//23 961//23
f 916//24 917//24 963//24 962//24
f 917//25 918//25 964//25 963//25
f 918//25 919//25 965//25 964//25
f 919//25 920//25 966//25 965//25
f 921//1 922//1 968//1 967//1
f 922//1 923//1 969//1 968//1
f 923//1 924//1 970//1 969//1
f 924//2 925//2 971//2 970//2
f 925//3 926//3 972//3 971//3
f 926//3 927//3 973//3 972//3
f 927//4 928//4 974//4 973//4
f 928//5 929//5 975//5 974//5
f 929//5 930//5 976//5 975//5
f 930//5 931//5 977//5 976//5
f 931//6 932//6 978//6 977//6
f 932//7 933//7 979//7 978//7
f 933//7 934//7 980//7 979//7
f 934//8 935//8 981//8 980//8
f 935//9 936//9 982//9 981//9
f 936//9 937//9 983//9 982//9
f 937//9 938//9 984//9 983//9
f 938//10 939//10 985//10 984//10
f 939//11 940//11 986//11 985//11
f 940//11 941//11 987//11 986//11
f 941//12 942//12 988//12 987//12
f 942//13 943//13 989//13 988//13
f 943//13 944//13 990//13 989//13
f 944//13 945//13 991//13 990//13
f 945//14 946//14 992//14 991//14
f 946//15 947//15 993//15 992//15
f 947//15 948//15 994//15 993//15
f 948//16 949//16 995//16 994//16
f 949//17 950//17 996//17 995//17
f 950//17 951//17 997//17 996//17
f 951//17 952//17 998//17 997//17
f 952//18 953//18 999//18 998//18
f 953//19 954//19 1000//19 999//19
f 954//19 955//19 1001//19 1000//19
f 955//20 956//20 1002//20 1001//20
f 956//21 957//21 1003//21 1002//21
f 957//21 958//21 1004//21 1003//21
f 958//21 959//21 1005//21 1004//21
f 959//22 960//22 1006//22 1005//22
f 960//23 961//23 1007//23 1006//23
f 961//23 962//23 1008//23 1007//23
f 962//24 963//24 1009//24 1008//24
f 963//25 964//25 1010//25 1009//25
f 964//25 965//25 1011//25 1010//25
f 965//25 966//25 1012//25 1011//25
f 967//1 968//1 1014//1 1013//1
f 968//1 969//1 1015//1 1014//1
f 969//1 970//1 1016//1 1015//1
f 970//2 971//2 1017//2 1016//2
f 971//3 972//3 1018//3 1017//3
f 972//3 973//3 1019//3 1018//3
f 973//4 974//4 1020//4 1019//4
f 974//5 975//5 1021//5 1020//5
f 975//5 976//5 1022//5 1021//5
f 976//5 977//5 1023//5 1022//5
f 977//6 978//6 1024//6 1023//6
f 978//7 979//7 1025//7 1024//7
f 979//7 980//7 1026//7 1025//7
f 980//8 981//8 1027//8 1026//8
f 981//9 982//9 1028//9 1027//9
f 982//9 983//9 1029//9 1028//9
f 983//9 984//9 1030//9 1029//9
f 984//10 985//10 1031//10 1030//10
f 985//11 986//11 1032//11 1031//11
f 986//11 987//11 1033//11 1032//11
f 987//12 988//12 1034//12 1033//12
f 988//13 989//13 1035//13 1034//13
f 989//13 990//13 1036//13 1035//13
f 990//13 991//13 1037//13 1036//13
f 991//14 992//14 1038//14 1037//14
f 992//15 993//15 1039//15 1038//15
f 993//15 994//15 1040//15 1039//15
f 994//16 995//16 1041//16 1040//16
f 995//17 996//17 1042//17 1041//17
f 996//17 997//17 1043//17 1042//17
f 997//17 998//17 1044//17 1043//17
f 998//18 999//18 1045//18 1044//18
f 999//19 1000//19 1046//19 1045//19
f 1000//19 1001//19 1047//19 1046//19
f 1001//20 1002//20 1048//20 1047//20
f 1002//21 1003//21 1049//21 1048//21
f 1003//21 1004//21 1050//21 1049//21
f 1004//21 1005//21 1051//21 1050//21
f 1005//22 1006//22 1052//22 1051//22
f 1006//23 1007//23 1053//23 1052//23
f 1007//23 1008//23 1054//23 1053//23
f 1008//24 1009//24 1055//24 1054//24
f 1009//25 1010//25 1056//25 1055//25
f 1010//25 1011//25 1057//25 1056//25
f 1011//25 1012//25 1058//25 1057//25
f 1013//1 1014//1 1060//1 1059//1
f 1014//1 1015//1 1061//1 1060//1
f 1015//1 1016//1 1062//1 1061//1
f 1016//2 1017//2 1063//2 1062//2
f 1017//3 1018//3 1064//3 1063//3
f 1018//3 1019//3 1065//3 1064//3
f 1019//4 1020//4 1066//4 1065//4
f 1020//5 1021//5 1067//5 1066//5
f 1021//5 1022//5 1068//5 1067//5
f 1022//5 1023//5 1069//5 1068//5
f 1023//6 1024//6 1070//6 1069//6
f 1024//7 1025//7 1071//7 1070//7
f 1025//7 1026//7 1072//7 1071//7
f 1026//8 1027//8 1073//8 1072//8
f 1027//9 1028//9 1074//9 1073//9
f 1028//9 1029//9 1075//9 1074//9
f 1029//9 1030//9 1076//9 1075//9
f 1030//10 1031//10 1077//10 1076//10
f 1031//11 1032//11 1078//11 1077//11
f 1032//11 1033//11 1079//11 1078//11
f 1033//12 1034//12 1080//12 1079//12
f 1034//13 1035//13 1081//13 1080//13
f 1035//13 1036//13 1082//13 1081//13
f 1036//13 1037//13 1083//13 1082//13
f 1037//14 1038//14 1084//14 1083//14
f 1038//15 1039//15 1085//15 1084//15
f 1039//15 1040//15 1086//15 1085//15
f 1040//16 1041//16 1087//16 1086//16
f 1041//17 1042//17 1088//17 1087//17
f 1042//17 1043//17 1089//17 1088//17
f 1043//17 1044//17 1090//17 1089//17
f 1044//18 1045//18 1091//18 1090//18
f 1045//19 1046//19 1092//19 1091//19
f 1046//19 1047//19 1093//19 1092//19
f 1047//20 1048//20 1094//20 1093//20
f 1048//21 1049//21 1095//21 1094//21
f 1049//21 1050//21 1096//21 1095//21
f 1050//21 1051//21 1097//21 1096//21
f 1051//22 1052//22 1098//22 1097//22
f 1052//23 1053//23 1099//23 1098//23
f 1053//23 1054//23 1100//23 1099//23
f 1054//24 1055//24 1101//24 1100//24
f 1055//25 1056//25 1102//25 1101//25
f 1056//25 1057//25 1103//25 1102//25
f 1057//25 1058//25 1104//25 1103//25
f 1059//1 1060//1 1106//1 1105//1
f 1060//1 1061//1 1107//1 1106//1
f 1061//1 1062//1 1108//1 1107//1
f 1062//2 1063//2 1109//2 1108//2
f 1063//3 1064//3 1110//3 1109//3
f 1064//3 1065//3 1111//3 1110//3
f 1065//4 1066//4 1112//4 1111//4
f 1066//5 1067//5 1113//5 1112//5
f 1067//5 1068//5 1114//5 1113//5
f 1068//5 1069//5 1115//5 1114//5
f 1069//6 1070//6 1116//6 1115//6
f 1070//7 1071//7 1117//7 1116//7
f 1071//7 1072//7 1118//7 1117//7
f 1072//8 1073//8 1119//8 1118//8
f 1073//9 1074//9 1120//9 1119//9
f 1074//9 1075//9 1121//9 1120//9
f 1075//9 1076//9 1122//9 1121//9
f 1076//10 1077//10 1123//10 1122//10
f 1077//11 1078//11 1124//11 1123//11
f 1078//11 1079//11 1125//11 1124//11
f 1079//12 1080//12 1126//12 1125//12
f 1080//13 1081//13 1127//13 1126//13
f 1081//13 1082//13 1128//13 1127//13
f 1082//13 1083//13 1129//13 1128//13
f 1083//14 1084//14 1130//14 1129//14
f 1084//15 1085//15 1131//15 1130//15
f 1085//15 1086//15 1132//15 1131//15
f 1086//16 1087//16 1133//16 1132//16
f 1087//17 1088//17 1134//17 1133//17
f 1088//17 1089//17 1135//17 1134//17
f 1089//17 1090//17 1136//17 1135//17
f 1090//18 1091//18 1137//18 1136//18
f 1091//19 1092//19 1138//19 1137//19
f 1092//19 1093//19 1139//19 1138//19
f 1093//20 1094//20 1140//20 1139//20
f 1094//21 1095//21 1141//21 1140//21
f 1095//21 1096//21 1142//21 1141//21
f 1096//21 1097//21 1143//21 1142//21
f 1097//22 1098//22 1144//22 1143//22
f 1098//23 1099//23 1145//23 1144//23
f 1099//23 1100//23 1146//23 1145//23
f 1100//24 1101//24 1147//24 1146//24
f 1101//25 1102//25 1148//25 1147//25
f 1102//25 1103//25 1149//25 1148//25
f 1103//25 1104//25 1150//25 1149//25
f 1105//1 1106//1 1152//1 1151//1
f 1106//1 1107//1 1153//1 1152//1
f 1107//1 1108//1 1154//1 1153//1
f 1108//2 1109//2 1155//2 1154//2
f 1109//3 1110//3 1156//3 1155//3
f 1110//3 1111//3 1157//3 1156//3
f 1111//4 1112//4 1158//4 1157//4
f 1112//5 1113//5 1159//5 1158//5
f 1113//5 1114//5 1160//5 1159//5
f 1114//5 1115//5 1161//5 1160//5
f 1115//6 1116//6 1162//6 1161//6
f 1116//7 1117//7 1163//7 1162//7
f 1117//7 1118//7 1164//7 1163//7
f 1118//8 1119//8 1165//8 1164//8
f 1119//9 1120//9 1166//9 1165//9
f 1120//9 1121//9 1167//9 1166//9
f 1121//9 1122//9 1168//9 1167//9
f 1122//10 1123//10 1169//10 1168//10
f 1123//11 1124//11 1170//11 1169//11
f 1124//11 1125//11 1171//11 1170//11
f 1125//12 1126//12 1172//12 1171//12
f 1126//13 1127//13 1173//13 1172//13
f 1127//13 1128//13 1174//13 1173//13
f 1128//13 1129//13 1175//13 1174//13
f 1129//14 1130//14 1176//14 1175//14
f 1130//15 1131//15 1177//15 1176//15
f 1131//15 1132//15 1178//15 1177//15
f 1132//16 1133//16 1179//16 1178//16
f 1133//17 1134//17 1180//17 1179//17
f 1134//17 1135//17 1181//17 1180//17
f 1135//17 1136//17 1182//17 1181//17
f 1136//18 1137//18 1183//18 1182//18
f 1137//19 1138//19 1184//19 1183//19
f 1138//19 1139//19 1185//19 1184//19
f 1139//20 1140//20 1186//20 1185//20
f 1140//21 1141//21 1187//21 1186//21
f 1141//21 1142//21 1188//21 1187//21
f 1142//21 1143//21 1189//21 1188//21
f 1143//22 1144//22 1190//22 1189//22
f 1144//23 1145//23 1191//23 1190//23
f 1145//23 1146//23 1192//23 1191//23
f 1146//24 1147//24 1193//24 1192//24
f 1147//25 1148//25 1194//25 1193//25
f 1148//25 1149//25 1195//25 1194//25
f 1149//25 1150//25 1196//25 1195//25
f 1151//1 1152//1 1198//1 1197//1
f 1152//1 1153//1 1199//1 1198//1
f 1153//1 1154//1 1200//1 1199//1
f 1154//2 1155//2 1201//2 1200//2
f 1155//3 1156//3 1202//3 1201//3
f 1156//3 1157//3 1203//3 1202//3
f 1157//4 1158//4 1204//4 1203//4
f 1158//5 1159//5 1205//5 1204//5
f 1159//5 1160//5 1206//5 1205//5
f 1160//5 1161//5 1207//5 1206//5
f 1161//6 1162//6 1208//6 1207//6
f 1162//7 1163//7 1209//7 1208//7
f 1163//7 1164//7 1210//7 1209//7
f 1164//8 1165//8 1211//8 1210//8
f 1165//9 1166//9 1212//9 1211//9
f 1166//9 1167//9 1213//9 1212//9
f 1167//9 1168//9 1214//9 1213//9
f 1168//10 1169//10 1215//10 1214//10
f 1169//11 1170//11 1216//11 1215//11
f 1170//11 1171//11 1217//11 1216//11
f 1171//12 1172//12 1218//12 1217//12
f 1172//13 1173//13 1219//13 1218//13
f 1173//13 1174//13 1220//13 1219//13
f 1174//13 1175//13 1221//13 1220//13
f 1175//14 1176//14 1222//14 1221//14
f 1176//15 1177//15 1223//15 1222//15
f 1177//15 1178//15 1224//15 1223//15
f 1178//16 1179//16 1225//16 1224//16
f 1179//17 1180//17 1226//17 1225//17
f 1180//17 1181//17 1227//17 1226//17
f 1181//17 1182//17 1228//17 1227//17
f 1182//18 1183//18 1229//18 1228//18
f 1183//19 1184//19 1230//19 1229//19
f 1184//19 1185//19 1231//19 1230//19
f 1185//20 1186//20 1232//20 1231//20
f 1186//21 1187//21 1233//21 1232//21
f 1187//21 1188//21 1234//21 1233//21
f 1188//21 1189//21 1235//21 1234//21
f 1189//22 1190//22 1236//22 1235//22
f 1190//23 1191//23 1237//23 1236//23
f 1191//23 1192//23 1238//23 1237//23
f 1192//24 1193//24 1239//24 1238//24
f 1193//25 1194//25 1240//25 1239//25
f 1194//25 1195//25 1241//25 1240//25
f 1195//25 1196//25 1242//25 1241//25
f 1197//1 1198//1 1244//1 1243//1
f 1198//1 1199//1 1245//1 1244//1
f 1199//1 1200//1 1246//1 1245//1
f 1200//2 1201//2 1247//2 1246//2
f 1201//3 1202//3 1248//3 1247//3
f 1202//3 1203//3 1249//3 1248//3
f 1203//4 1204//4 1250//4 1249//4
f 1204//5 1205//5 1251//5 1250//5
f 1205//5 1206//5 1252//5 1251//5
f 1206//5 1207//5 1253//5 1252//5
f 1207//6 1208//6 1254//6 1253//6
f 1208//7 1209//7 1255//7 1254//7
f 1209//7 1210//7 1256//7 1255//7
f 1210//8 1211//8 1257//8 1256//8
f 1211//9 1212//9 1258//9 1257//9
f 1212//9 1213//9 1259//9 1258//9
f 1213//9 1214//9 1260//9 1259//9
f 1214//10 1215//10 1261//10 1260//10
f 1215//11 1216//11 1262//11 1261//11
f 1216//11 1217//11 1263//11 1262//11
f 1217//12 1218//12 1264//12 1263//12
f 1218//13 1219//13 1265//13 1264//13
f 1219//13 1220//13 1266//13 1265//13
f 1220//13 1221//13 1267//13 1266//13
f 1221//14 1222//14 1268//14 1267//14
f 1222//15 1223//15 1269//15 1268//15
f 1223//15 1224//15 1270//15 1269//15
f 1224//16 1225//16 1271//16 1270//16
f 1225//17 1226//17 1272//17 1271//17
f 1226//17 1227//17 1273//17 1272//17
f 1227//17 1228//17 1274//17 1273//17
f 1228//18 1229//18 1275//18 1274//18
f 1229//19 1230//19 1276//19 1275//19
f 1230//19 1231//19 1277//19 1276//19
f 1231//20 1232//20 1278//20 1277//20
f 1232//21 1233//21 1279//21 1278//21
f 1233//21 1234//21 1280//21 1279//21
f 1234//21 1235//21 1281//21 1280//21
f 1235//22 1236//22 1282//22 1281//22
f 1236//23 1237//23 1283//23 1282//23
f 1237//23 1238//23 1284//23 1283//23
f 1238//24 1239//24 1285//24 1284//24
f 1239//25 1240//25 1286//25 1285//25
f 1240//25 1241//25 1287//25 1286//25
f 1241//25 1242//25 1288//25 1287//25
f 1243//1 1244//1 1290//1 1289//1
f 1244//1 1245//1 1291//1 1290//1
f 1245//1 1246//1 1292//1 1291//1
f 1246//2 1247//2 1293//2 1292//2
f 1247//3 1248//3 1294//3 1293//3
f 1248//3 1249//3 1295//3 1294//3
f 1249//4 1250//4 1296//4 1295//4
f 1250//5 1251//5 1297//5 1296//5
f 1251//5 1252//5 1298//5 1297//5
f 1252//5 1253//5 1299//5 1298//5
f 1253//6 1254//6 1300//6 1299//6
f 1254//7 1255//7 1301//7 1300//7
f 1255//7 1256//7 1302//7 1301//7
f 1256//8 1257//8 1303//8 1302//8
f 1257//9 1258//9 1304//9 1303//9
f 1258//9 1259//9 1305//9 1304//9
f 1259//9 1260//9 1306//9 1305//9
f 1260//10 1261//10 1307//10 1306//10
f 1261//11 1262//11 1308//11 1307//11
f 1262//11 1263//11 1309//11 1308//11
f 1263//12 1264//12 1310//12 1309//12
f 1264//13 1265//13 1311//13 1310//13
f 1265//13 1266//13 1312//13 1311//13
f 1266//13 1267//13 1313//13 1312//13
f 1267//14 1268//14 1314//14 1313//14
f 1268//15 1269//15 1315//15 1314//15
f 1269//15 1270//15 1316//15 1315//15
f 1270//16 1271//16 1317//16 1316//16
f 1271//17 1272//17 1318//17 1317//17
f 1272//17 1273//17 1319//17 1318//17
f 1273//17 1274//17 1320//17 1319//17
f 1274//18 1275//18 1321//18 1320//18
f 1275//19 1276//19 1322//19 1321//19
f 1276//19 1277//19 1323//19 1322//19
f 1277//20 1278//20 1324//20 1323//20
f 1278//21 1279//21 1325//21 1324//21
f 1279//21 1280//21 1326//21 1325//21
f 1280//21 1281//21 1327//21 1326//21
f 1281//22 1282//22 1328//22 1327//22
f 1282//23 1283//23 1329//23 1328//23
f 1283//23 1284//23 1330//23 1329//23
f 1284//24 1285//24 1331//24 1330//24
f 1285//25 1286//25 1332//25 1331//25
f 1286//25 1287//25 1333//25 1332//25
f 1287//25 1288//25 1334//25 1333//25
f 1289//1 1290//1 1336//1 1335//1
f 1290//1 1291//1 1337//1 1336//1
f 1291//1 1292//1 1338//1 1337//1
f 1292//2 1293//2 1339//2 1338//2
f 1293//3 1294//3 1340//3 1339//3
f 1294//3 1295//3 1341//3 1340//3
f 1295//4 1296//4 1342//4 1341//4
f 1296//5 1297//5 1343//5 1342//5
f 1297//5 1298//5 1344//5 1343//5
f 1298//5 1299//5 1345//5 1344//5
f 1299//6 1300//6 1346//6 1345//6
f 1300//7 1301//7 1347//7 1346//7
f 1301//7 1302//7 1348//7 1347//7
f 1302//8 1303//8 1349//8 1348//8
f 1303//9 1304//9 1350//9 1349//9
f 1304//9 1305//9 1351//9 1350//9
f 1305//9 1306//9 1352//9 1351//9
f 1306//10 1307//10 1353//10 1352//10
f 1307//11 1308//11 1354//11 1353//11
f 1308//11 1309//11 1355//11 1354//11
f 1309//12 1310//12 1356//12 1355//12
f 1310//13 1311//13 1357//13 1356//13
f 1311//13 1312//13 1358//13 1357//13
f 1312//13 1313//13 1359//13 1358//13
f 1313//14 1314//14 1360//14 1359//14
f 1314//15 1315//15 1361//15 1360//15
f 1315//15 1316//15 1362//15 1361//15
f 1316//16 1317//16 1363//16 1362//16
f 1317//17 1318//17 1364//17 1363//17
f 1318//17 1319//17 1365//17 1364//17
f 1319//17 1320//17 1366//17 1365//17
f 1320//18 1321//18 1367//18 1366//18
f 1321//19 1322//19 1368//19 1367//19
f 1322//19 1323//19 1369//19 1368//19
f 1323//20 1324//20 1370//20 1369//20
f 1324//21 1325//21 1371//21 1370//21
f 1325//21 1326//21 1372//21 1371//21
f 1326//21 1327//21 1373//21 1372//21
f 1327//22 1328//22 1374//22 1373//22
f 1328//23 1329//23 1375//23 1374//23
f 1329//23 1330//23 1376//23 1375//23
f 1330//24 1331//24 1377//24 1376//24
f 1331//25 1332//25 1378//25 1377//25
f 1332//25 1333//25 1379//25 1378//25
f 1333//25 1334//25 1380//25 1379//25
f 1335//1 1336//1 1382//1 1381//1
f 1336//1 1337//1 1383//1 1382//1
f 1337//1 1338//1 1384//1 1383//1
f 1338//2 1339//2 1385//2 1384//2
f 1339//3 1340//3 1386//3 1385//3
f 1340//3 1341//3 1387//3 1386//3
f 1341//4 1342//4 1388//4 1387//4
f 1342//5 1343//5 1389//5 1388//5
f 1343//5 1344//5 1390//5 1389//5
f 1344//5 1345//5 1391//5 1390//5
f 1345//6 1346//6 1392//6 1391//6
f 1346//7 1347//7 1393//7 1392//7
f 1347//7 1348//7 1394//7 1393//7
f 1348//8 1349//8 1395//8 1394//8
f 1349//9 1350//9 1396//9 1395//9
f 1350//9 1351//9 1397//9 1396//9
f 1351//9 1352//9 1398//9 1397//9
f 1352//10 1353//10 1399//10 1398//10
f 1353//11 1354//11 1400//11 1399//11
f 1354//11 1355//11 1401//11 1400//11
f 1355//12 1356//12 1402//12 1401//12
f 1356//13 1357//13 1403//13 1402//13
f 1357//13 1358//13 1404//13 1403//13
f 1358//13 1359//13 1405//13 1404//13
f 1359//14 1360//14 1406//14 1405//14
f 1360//15 1361//15 1407//15 1406//15
f 1361//15 1362//15 1408//15 1407//15
f 1362//16 1363//16 1409//16 1408//16
f 1363//17 1364//17 1410//17 1409//17
f 1364//17 1365//17 1411//17 1410//17
f 1365//17 1366//17 1412//17 1411//17
f 1366//18 1367//18 1413//18 1412//18
f 1367//19 1368//19 1414//19 1413//19
f 1368//19 1369//19 1415//19 1414//19
f 1369//20 1370//20 1416//20 1415//20
f 1370//21 1371//21 1417//21 1416//21
f 1371//21 1372//21 1418//21 1417//21
f 1372//21 1373//21 1419//21 1418//21
f 1373//22 1374//22 1420//22 1419//22
f 1374//23 1375//23 1421//23 1420//23
f 1375//23 1376//23 1422//23 1421//23
f 1376//24 1377//24 1423//24 1422//24
f 1377//25 1378//25 1424//25 1423//25
f 1378//25 1379//25 1425//25 1424//25
f 1379//25 1380//25 1426//25 1425//25
f 1381//1 1382//1 1428//1 1427//1
f 1382//1 1383//1 1429//1 1428//1
f 1383//1 1384//1 1430//1 1429//1
f 1384//2 1385//2 1431//2 1430//2
f 1385//3 1386//3 1432//3 1431//3
f 1386//3 1387//3 1433//3 1432//3
f 1387//4 1388//4 1434//4 1433//4
f 1388//5 1389//5 1435//5 1434//5
f 1389//5 1390//5 1436//5 1435//5
f 1390//5 1391//5 1437//5 1436//5
f 1391//6 1392//6 1438//6 1437//6
f 1392//7 1393//7 1439//7 1438//7
f 1393//7 1394//7 1440//7 1439//7
f 1394//8 1395//8 1441//8 1440//8
f 1395//9 1396//9 1442//9 1441//9
f 1396//9 1397//9 1443//9 1442//9
f 1397//9 1398//9 1444//9 1443//9
f 1398//10 1399//10 1445//10 1444//10
f 1399//11 1400//11 1446//11 1445//11
f 1400//11 1401//11 1447//11 1446//11
f 1401//12 1402//12 1448//12 1447//12
f 1402//13 1403//13 1449//13 1448//13
f 1403//13 1404//13 1450//13 1449//13
f 1404//13 1405//13 1451//13 1450//13
f 1405//14 1406//14 1452//14 1451//14
f 1406//15 1407//15 1453//15 1452//15
f 1407//15 1408//15 1454//15 1453//15
f 1408//16 1409//16 1455//16 1454//16
f 1409//17 1410//17 1456//17 1455//17
f 1410//17 1411//17 1457//17 1456//17
f 1411//17 1412//17 1458//17 1457//17
f 1412//18 1413//18 1459//18 1458//18
f 1413//19 1414//19 1460//19 1459//19
f 1414//19 1415//19 1461//19 1460//19
f 1415//20 1416//20 1462//20 1461//20
f 1416//21 1417//21 1463//21 1462//21
f 1417//21 1418//21 1464//21 1463//21
f 1418//21 1419//21 1465//21 1464//21
f 1419//22 1420//22 1466//22 1465//22
f 1420//23 1421//23 1467//23 1466//23
f 1421//23 1422//23 1468//23 1467//23
f 1422//24 1423//24 1469//24 1468//24
f 1423//25 1424//25 1470//25 1469//25
f 1424//25 1425//25 1471//25 1470//25
f 1425//25 1426//25 1472//25 1471//25
f 1427//1 1428//1 1474//1 1473//1
f 1428//1 1429//1 1475//1 1474//1
f 1429//1 1430//1 1476//1 1475//1
f 1430//2 1431//2 1477//2 1476//2
f 1431//3 1432//3 1478//3 1477//3
f 1432//3 1433//3 1479//3 1478//3
f 1433//4 1434//4 1480//4 1479//4
f 1434//5 1435//5 1481//5 1480//5
f 1435//5 1436//5 1482//5 1481//5
f 1436//5 1437//5 1483//5 1482//5
f 1437//6 1438//6 1484//6 1483//6
f 1438//7 1439//7 1485//7 1484//7
f 1439//7 1440//7 1486//7 1485//7
f 1440//8 1441//8 1487//8 1486//8
f 1441//9 1442//9 1488//9 1487//9
f 1442//9 1443//9 1489//9 1488//9
f 1443//9 1444//9 1490//9 1489//9
f 1444//10 1445//10 1491//10 1490//10
f 1445//11 1446//11 1492//11 1491//11
f 1446//11 1447//11 1493//11 1492//11
f 1447//12 1448//12 1494//12 1493//12
f 1448//13 1449//13 1495//13 1494//13
f 1449//13 1450//13 1496//13 1495//13
f 1450//13 1451//13 1497//13 1496//13
f 1451//14 1452//14 1498//14 1497//14
f 1452//15 1453//15 1499//15 1498//15
f 1453//15 1454//15 1500//15 1499//15
f 1454//16 1455//16 1501//16 1500//16
f 1455//17 1456//17 1502//17 1501//17
f 1456//17 1457//17 1503//17 1502//17
f 1457//17 1458//17 1504//17 1503//17
f 1458//18 1459//18 1505//18 1504//18
f 1459//19 1460//19 1506//19 1505//19
f 1460//19 1461//19 1507//19 1506//19
f 1461//20 1462//20 1508//20 1507//20
f 1462//21 1463//21 1509//21 1508//21
f 1463//21 1464//21 1510//21 1509//21
f 1464//21 1465//21 1511//21 1510//21
f 1465//22 1466//22 1512//22 1511//22
f 1466//23 1467//23 1513//23 1512//23
f 1467//23 1468//23 1514//23 1513//23
f 1468//24 1469//24 1515//24 1514//24
f 1469//25 1470//25 1516//25 1515//25
f 1470//25 1471//25 1517//25 1516//25
f 1471//25 1472//25 1518//25 1517//25
f 1473//1 1474//1 1520//1 1519//1
f 1474//1 1475//1 1521//1 1520//1
f 1475//1 1476//1 1522//1 1521//1
f 1476//2 1477//2 1523//2 1522//2
f 1477//3 1478//3 1524//3 1523//3
f 1478//3 1479//3 1525//3 1524//3
f 1479//4 1480//4 1526//4 1525//4
f 1480//5 1481//5 1527//5 1526//5
f 1481//5 1482//5 1528//5 1527//5
f 1482//5 1483//5 1529//5 1528//5
f 1483//6 1484//6 1530//6 1529//6
f 1484//7 1485//7 1531//7 1530//7
f 1485//7 1486//7 1532//7 1531//7
f 1486//8 1487//8 1533//8 1532//8
f 1487//9 1488//9 1534//9 1533//9
f 1488//9 1489//9 1535//9 1534//9
f 1489//9 1490//9 1536//9 1535//9
f 1490//10 1491//10 1537//10 1536//10
f 1491//11 1492//11 1538//11 1537//11
f 1492//11 1493//11 1539//11 1538//11
f 1493//12 1494//12 1540//12 1539//12
f 1494//13 1495//13 1541//13 1540//13
f 1495//13 1496//13 1542//13 1541//13
f 1496//13 1497//13 1543//13 1542//13
f 1497//14 1498//14 1544//14 1543//14
f 1498//15 1499//15 1545//15 1544//15
f 1499//15 1500//15 1546//15 1545//15
f 1500//16 1501//16 1547//16 1546//16
f 1501//17 1502//17 1548//17 1547//17
f 1502//17 1503//17 1549//17 1548//17
f 1503//17 1504//17 1550//17 1549//17
f 1504//18 1505//18 1551//18 1550//18
f 1505//19 1506//19 1552//19 1551//19
f 1506//19 1507//19 1553//19 1552//19
f 1507//20 1508//20 1554//20 1553//20
f 1508//21 1509//21 1555//21 1554//21
f 1509//21 1510//21 1556//21 1555//21
f 1510//21 1511//21 1557//21 1556//21
f 1511//22 1512//22 1558//22 1557//22
f 1512//23 1513//23 1559//23 1558//23
f 1513//23 1514//23 1560//23 1559//23
f 1514//26 1515//26 1561//26 1560//26
f 1515//25 1516//25 1562//25 1561//25
f 1516//25 1517//25 1563//25 1562//25
f 1517//25 1518//25 1564//25 1563//25
f 1519//1 1520//1 1566//1 1565//1
f 1520//1 1521//1 1567//1 1566//1
f 1521//1 1522//1 1568//1 1567//1
f 1522//2 1523//2 1569//2 1568//2
f 1523//3 1524//3 1570//3 1569//3
f 1524//3 1525//3 1571//3 1570//3
f 1525//4 1526//4 1572//4 1571//4
f 1526//5 1527//5 1573//5 1572//5
f 1527//5 1528//5 1574//5 1573//5
f 1528//5 1529//5 1575//5 1574//5
f 1529//6 1530//6 1576//6 1575//6
f 1530//7 1531//7 1577//7 1576//7
f 1531//7 1532//7 1578//7 1577//7
f 1532//8 1533//8 1579//8 1578//8
f 1533//9 1534//9 1580//9 1579//9
f 1534//9 1535//9 1581//9 1580//9
f 1535//9 1536//9 1582//9 1581//9
f 1536//10 1537//10 1583//10 1582//10
f 1537//11 1538//11 1584//11 1583//11
f 1538//11 1539//11 1585//11 1584//11
f 1539//12 1540//12 1586//12 1585//12
f 1540//13 1541//13 1587//13 1586//13
f 1541//13 1542//13 1588//13 1587//13
f 1542//13 1543//13 1589//13 1588//13
f 1543//14 1544//14 1590//14 1589//14
f 1544//15 1545//15 1591//15 1590//15
f 1545//15 1546//15 1592//15 1591//15
f 1546//16 1547//16 1593//16 1592//16
f 1547//17 1548//17 1594//17 1593//17
f 1548//17 1549//17 1595//17 1594//17
f 1549//17 1550//17 1596//17 1595//17
f 1550//18 1551//18 1597//18 1596//18
f 1551//19 1552//19 1598//19 1597//19
f 1552//19 1553//19 1599//19 1598//19
f 1553//20 1554//20 1600//20 1599//20
f 1554//21 1555//21 1601//21 1600//21
f 1555//21 1556//21 1602//21 1601//21
f 1556//21 1557//21 1603//21 1602//21
f 1557//22 1558//22 1604//22 1603//22
f 1558//23 1559//23 1605//23 1604//23
f 1559//23 1560//23 1606//23 1605//23
f 1560//24 1561//24 1607//24 1606//24
f 1561//25 1562//25 1608//25 1607//25
f 1562//25 1563//25 1609//25 1608//25
f 1563//25 1564//25 1610//25 1609//25
f 1565//1 1566//1 1612//1 1611//1
f 1566//1 1567//1 1613//1 1612//1
f 1567//1 1568//1 1614//1 1613//1
f 1568//2 1569//2 1615//2 1614//2
f 1569//3 1570//3 1616//3 1615//3
f 1570//3 1571//3 1617//3 1616//3
f 1571//4 1572//4 1618//4 1617//4
f 1572//5 1573//5 1619//5 1618//5
f 1573//5 1574//5 1620//5 1619//5
f 1574//5 1575//5 1621//5 1620//5
f 1575//6 1576//6 1622//6 1621//6
f 1576//7 1577//7 1623//7 1622//7
f 1577//7 1578//7 1624//7 1623//7
f 1578//8 1579//8 1625//8 1624//8
f 1579//9 1580//9 1626//9 1625//9
f 1580//9 1581//9 1627//9 1626//9
f 1581//9 1582//9 1628//9 1627//9
f 1582//10 1583//10 1629//10 1628//10
f 1583//11 1584//11 1630//11 1629//11
f 1584//11 1585//11 1631//11 1630//11
f 1585//12 1586//12 1632//12 1631//12
f 1586//13 1587//13 1633//13 1632//13
f 1587//13 1588//13 1634//13 1633//13
f 1588//13 1589//13 1635//13 1634//13
f 1589//14 1590//14 1636//14 1635//14
f 1590//15 1591//15 1637//15 1636//15
f 1591//15 1592//15 1638//15 1637//15
f 1592//16 1593//16 1639//16 1638//16
f 1593//17 1594//17 1640//17 1639//17
f 1594//17 1595//17 1641//17 1640//17
f 1595//17 1596//17 1642//17 1641//17
f 1596//18 1597//18 1643//18 1642//18
f 1597//19 1598//19 1644//19 1643//19
f 1598//19 1599//19 1645//19 1644//19
f 1599//20 1600//20 1646//20 1645//20
f 1600//21 1601//21 1647//21 1646//21
f 1601//21 1602//21 1648//21 1647//21
f 1602//21 1603//21 1649//21 1648//21
f 1603//22 1604//22 1650//22 1649//22
f 1604//23 1605//23 1651//23 1650//23
f 1605//23 1606//23 1652//23 1651//23
f 1606//24 1607//24 1653//24 1652//24
f 1607//25 1608//25 1654//25 1653//25
f 1608//25 1609//25 1655//25 1654//25
f 1609//25 1610//25 1656//25 1655//25
f 1611//1 1612//1 1658//1 1657//1
f 1612//1 1613//1 1659//1 1658//1
f 1613//1 1614//1 1660//1 1659//1
f 1614//2 1615//2 1661//2 1660//2
f 1615//3 1616//3 1662//3 1661//3
f 1616//3 1617//3 1663//3 1662//3
f 1617//4 1618//4 1664//4 1663//4
f 1618//5 1619//5 1665//5 1664//5
f 1619//5 1620//5 1666//5 1665//5
f 1620//5 1621//5 1667//5 1666//5
f 1621//6 1622//6 1668//6 1667//6
f 1622//7 1623//7 1669//7 1668//7
f 1623//7 1624//7 1670//7 1669//7
f 1624//8 1625//8 1671//8 1670//8
f 1625//9 1626//9 1672//9 1671//9
f 1626//9 1627//9 1673//9 1672//9
f 1627//9 1628//9 1674//9 1673//9
f 1628//10 1629//10 1675//10 1674//10
f 1629//11 1630//11 1676//11 1675//11
f 1630//11 1631//11 1677//11 1676//11
f 1631//12 1632//12 1678//12 1677//12
f 1632//13 1633//13 1679//13 1678//13
f 1633//13 1634//13 1680//13 1679//13
f 1634//13 1635//13 1681//13 1680//13
f 1635//14 1636//14 1682//14 1681//14
f 1636//15 1637//15 1683//15 1682//15
f 1637//15 1638//15 1684//15 1683//15
f 1638//16 1639//16 1685//16 1684//16
f 1639//17 1640//17 1686//17 1685//17
f 1640//17 1641//17 1687//17 1686//17
f 1641//17 1642//17 1688//17 1687//17
f 1642//18 1643//18 1689//18 1688//18
f 1643//19 1644//19 1690//19 1689//19
f 1644//19 1645//19 1691//19 1690//19
f 1645//20 1646//20 1692//20 1691//20
f 1646//21 1647//21 1693//21 1692//21
f 1647//21 1648//21 1694//21 1693//21
f 1648//21 1649//21 1695//21 1694//21
f 1649//22 1650//22 1696//22 1695//22
f 1650//23 1651//23 1697//23 1696//23
f 1651//23 1652//23 1698//23 1697//23
f 1652//24 1653//24 1699//24 1698//24
f 1653//25 1654//25 1700//25 1699//25
f 1654//25 1655//25 1701//25 1700//25
f 1655//25 1656//25 1702//25 1701//25
f 1657//1 1658//1 1704//1 1703//1
f 1658//1 1659//1 1705//1 1704//1
f 1659//1 1660//1 1706//1 1705//1
f 1660//2 1661//2 1707//2 1706//2
f 1661//3 1662//3 1708//3 1707//3
f 1662//3 1663//3 1709//3 1708//3
f 1663//4 1664//4 1710//4 1709//4
f 1664//5 1665//5 1711//5 1710//5
f 1665//5 1666//5 1712//5 1711//5
f 1666//5 1667//5 1713//5 1712//5
f 1667//6 1668//6 1714//6 1713//6
f 1668//7 1669//7 1715//7 1714//7
f 1669//7 1670//7 1716//7 1715//7
f 1670//8 1671//8 1717//8 1716//8
f 1671//9 1672//9 1718//9 1717//9
f 1672//9 1673//9 1719//9 1718//9
f 1673//9 1674//9 1720//9 1719//9
f 1674//10 1675//10 1721//10 1720//10
f 1675//11 1676//11 1722//11 1721//11
f 1676//11 1677//11 1723//11 1722//11
f 1677//12 1678//12 1724//12 1723//12
f 1678//13 1679//13 1725//13 1724//13
f 1679//13 1680//13 1726//13 1725//13
f 1680//13 1681//13 1727//13 1726//13
f 1681//14 1682//14 1728//14 1727//14
f 1682//15 1683//15 1729//15 1728//15
f 1683//15 1684//15 1730//15 1729//15
f 1684//16 1685//16 1731//16 1730//16
f 1685//17 1686//17 1732//17 1731//17
f 1686//17 1687//17 1733//17 1732//17
f 1687//17 1688//17 1734//17 1733//17
f 1688//18 1689//18 1735//18 1734//18
f 1689//19 1690//19 1736//19 1735//19
f 1690//19 1691//19 1737//19 1736//19
f 1691//20 1692//20 1738//20 1737//20
f 1692//21 1693//21 1739//21 1738//21
f 1693//21 1694//21 1740//21 1739//21
f 1694//21 1695//21 1741//21 1740//21
f 1695//22 1696//22 1742//22 1741//22
f 1696//23 1697//23 1743//23 1742//23
f 1697//23 1698//23 1744//23 1743//23
f 1698//26 1699//26 1745//26 1744//26
f 1699//25 1700//25 1746//25 1745//25
f 1700//25 1701//25 1747//25 1746//25
f 1701//25 1702//25 1748//25 1747//25
f 1703//1 1704//1 1750//1 1749//1
f 1704//1 1705//1 1751//1 1750//1
f 1705//1 1706//1 1752//1 1751//1
f 1706//2 1707//2 1753//2 1752//2
f 1707//3 1708//3 1754//3 1753//3
f 1708//3 1709//3 1755//3 1754//3
f 1709//4 1710//4 1756//4 1755//4
f 1710//5 1711//5 1757//5 1756//5
f 1711//5 1712//5 1758//5 1757//5
f 1712//5 1713//5 1759//5 1758//5
f 1713//6 1714//6 1760//6 1759//6
f 1714//7 1715//7 1761//7 1760//7
f 1715//7 1716//7 1762//7 1761//7
f 1716//8 1717//8 1763//8 1762//8
f 1717//9 1718//9 1764//9 1763//9
f 1718//9 1719//9 1765//9 1764//9
f 1719//9 1720//9 1766//9 1765//9
f 1720//10 1721//10 1767//10 1766//10
f 1721//11 1722//11 1768//11 1767//11
f 1722//11 1723//11 1769//11 1768//11
f 1723//12 1724//12 1770//12 1769//12
f 1724//13 1725//13 1771//13 1770//13
f 1725//13 1726//13 1772//13 1771//13
f 1726//13 1727//13 1773//13 1772//13
f 1727//14 1728//14 1774//14 1773//14
f 1728//15 1729//15 1775//15 1774//15
f 1729//15 1730//15 1776//15 1775//15
f 1730//16 1731//16 1777//16 1776//16
f 1731//17 1732//17 1778//17 1777//17
f 1732//17 1733//17 1779//17 1778//17
f 1733//17 1734//17 1780//17 1779//17
f 1734//18 1735//18 1781//18 1780//18
f 1735//19 1736//19 1782//19 1781//19
f 1736//19 1737//19 1783//19 1782//19
f 1737//20 1738//20 1784//20 1783//20
f 1738//21 1739//21 1785//21 1784//21
f 1739//21 1740//21 1786//21 1785//21
f 1740//21 1741//21 1787//21 1786//21
f 1741//22 1742//22 1788//22 1787//22
f 1742//23 1743//23 1789//23 1788//23
f 1743//23 1744//23 1790//23 1789//23
f 1744//24 1745//24 1791//24 1790//24
f 1745//25 1746//25 1792//25 1791//25
f 1746//25 1747//25 1793//25 1792//25
f 1747//25 1748//25 1794//25 1793//25
f 1749//1 1750//1 1796//1 1795//1
f 1750//1 1751//1 1797//1 1796//1
f 1751//1 1752//1 1798//1 1797//1
f 1752//2 1753//2 1799//2 1798//2
f 1753//3 1754//3 1800//3 1799//3
f 1754//3 1755//3 1801//3 1800//3
f 1755//4 1756//4 1802//4 1801//4
f 1756//5 1757//5 1803//5 1802//5
f 1757//5 1758//5 1804//5 1803//5
f 1758//5 1759//5 1805//5 1804//5
f 1759//6 1760//6 1806//6 1805//6
f 1760//7 1761//7 1807//7 1806//7
f 1761//7 1762//7 1808//7 1807//7
f 1762//8 1763//8 1809//8 1808//8
f 1763//9 1764//9 1810//9 1809//9
f 1764//9 1765//9 1811//9 1810//9
f 1765//9 1766//9 1812//9 1811//9
f 1766//10 1767//10 1813//10 1812//10
f 1767//11 1768//11 1814//11 1813//11
f 1768//11 1769//11 1815//11 1814//11
f 1769//12 1770//12 1816//12 1815//12
f 1770//13 1771//13 1817//13 1816//13
f 1771//13 1772//13 1818//13 1817//13
f 1772//13 1773//13 1819//13 1818//13
f 1773//14 1774//14 1820//14 1819//14
f 1774//15 1775//15 1821//15 1820//15
f 1775//15 1776//15 1822//15 1821//15
f 1776//16 1777//16 1823//16 1822//16
f 1777//17 1778//17 1824//17 1823//17
f 1778//17 1779//17 1825//17 1824//17
f 1779//17 1780//17 1826//17 1825//17
f 1780//18 1781//18 1827//18 1826//18
f 1781//19 1782//19 1828//19 1827//19
f 1782//19 1783//19 1829//19 1828//19
f 1783//20 1784//20 1830//20 1829//20
f 1784//21 1785//21 1831//21 1830//21
f 1785//21 1786//21 1832//21 1831//21
f 1786//21 1787//21 1833//21 1832//21
f 1787//22 1788//22 1834//22 1833//22
f 1788//23 1789//23 1835//23 1834//23
f 1789//23 1790//23 1836//23 1835//23
f 1790//24 1791//24 1837//24 1836//24
f 1791//25 1792//25 1838//25 1837//25
f 1792//25 1793//25 1839//25 1838//25
f 1793//25 1794//25 1840//25 1839//25
f 1795//1 1796//1 1842//1 1841//1
f 1796//1 1797//1 1843//1 1842//1
f 1797//1 1798//1 1844//1 1843//1
f 1798//2 1799//2 1845//2 1844//2
f 1799//3 1800//3 1846//3 1845//3
f 1800//3 1801//3 1847//3 1846//3
f 1801//4 1802//4 1848//4 1847//4
f 1802//5 1803//5 1849//5 1848//5
f 1803//5 1804//5 1850//5 1849//5
f 1804//5 1805//5 1851//5 1850//5
f 1805//6 1806//6 1852//6 1851//6
f 1806//7 1807//7 1853//7 1852//7
f 1807//7 1808//7 1854//7 1853//7
f 1808//8 1809//8 1855//8 1854//8
f 1809//9 1810//9 1856//9 1855//9
f 1810//9 1811//9 1857//9 1856//9
f 1811//9 1812//9 1858//9 1857//9
f 1812//10 1813//10 1859//10 1858//10
f 1813//11 1814//11 1860//11 1859//11
f 1814//11 1815//11 1861//11 1860//11
f 1815//12 1816//12 1862//12 1861//12
f 1816//13 1817//13 1863//13 1862//13
f 1817//13 1818//13 1864//13 1863//13
f 1818//13 1819//13 1865//13 1864//13
f 1819//14 1820//14 1866//14 1865//14
f 1820//15 1821//15 1867//15 1866//15
f 1821//15 1822//15 1868//15 1867//15
f 1822//16 1823//16 1869//16 1868//16
f 1823//17 1824//17 1870//17 1869//17
f 1824//17 1825//17 1871//17 1870//17
f 1825//17 1826//17 1872//17 1871//17
f 1826//18 1827//18 1873//18 1872//18
f 1827//19 1828//19 1874//19 1873//19
f 1828//19 1829//19 1875//19 1874//19
f 1829//20 1830//20 1876//20 1875//20
f 1830//21 1831//21 1877//21 1876//21
f 1831//21 1832//21 1878//21 1877//21
f 1832//21 1833//21 1879//21 1878//21
f 1833//22 1834//22 1880//22 1879//22
f 1834//23 1835//23 1881//23 1880//23
f 1835//23 1836//23 1882//23 1881//23
f 1836//24 1837//24 1883//24 1882//24
f 1837//25 1838//25 1884//25 1883//25
f 1838//25 1839//25 1885//25 1884//25
f 1839//25 1840//25 1886//25 1885//25
f 1841//1 1842//1 1888//1 1887//1
f 1842//1 1843//1 1889//1 1888//1
f 1843//1 1844//1 1890//1 1889//1
f 1844//2 1845//2 1891//2 1890//2
f 1845//3 1846//3 1892//3 1891//3
f 1846//3 1847//3 1893//3 1892//3
f 1847//4 1848//4 1894//4 1893//4
f 1848//5 1849//5 1895//5 1894//5
f 1849//5 1850//5 1896//5 1895//5
f 1850//5 1851//5 1897//5 1896//5
f 1851//6 1852//6 1898//6 1897//6
f 1852//7 1853//7 1899//7 1898//7
f 1853//7 1854//7 1900//7 1899//7
f 1854//8 1855//8 1901//8 1900//8
f 1855//9 1856//9 1902//9 1901//9
f 1856//9 1857//9 1903//9 1902//9
f 1857//9 1858//9 1904//9 1903//9
f 1858//10 1859//10 1905//10 1904//10
f 1859//11 1860//11 1906//11 1905//11
f 1860//11 1861//11 1907//11 1906//11
f 1861//12 1862//12 1908//12 1907//12
f 1862//13 1863//13 1909//13 1908//13
f 1863//13 1864//13 1910//13 1909//13
f 1864//13 1865//13 1911//13 1910//13
f 1865//14 1866//14 1912//14 1911//14
f 1866//15 1867//15 1913//15 1912//15
f 1867//15 1868//15 1914//15 1913//15
f 1868//16 1869//16 1915//16 1914//16
f 1869//17 1870//17 1916//17 1915//17
f 1870//17 1871//17 1917//17 1916//17
f 1871//17 1872//17 1918//17 1917//17
f 1872//18 1873//18 1919//18 1918//18
f 1873//19 1874//19 1920//19 1919//19
f 1874//19 1875//19 1921//19 1920//19
f 1875//20 1876//20 1922//20 1921//20
f 1876//21 1877//21 1923//21 1922//21
f 1877//21 1878//21 1924//21 1923//21
f 1878//21 1879//21 1925//21 1924//21
f 1879//22 1880//22 1926//22 1925//22
f 1880//23 1881//23 1927//23 1926//23
f 1881//23 1882//23 1928//23 1927//23
f 1882//24 1883//24 1929//24 1928//24
f 1883//25 1884//25 1930//25 1929//25
f 1884//25 1885//25 1931//25 1930//25
f 1885//25 1886//25 1932//25 1931//25
f 1887//1 1888//1 1934//1 1933//1
f 1888//1 1889//1 1935//1 1934//1
f 1889//1 1890//1 1936//1 1935//1
f 1890//2 1891//2 1937//2 1936//2
f 1891//3 1892//3 1938//3 1937//3
f 1892//3 1893//3 1939//3 1938//3
f 1893//4 1894//4 1940//4 1939//4
f 1894//5 1895//5 1941//5 1940//5
f 1895//5 1896//5 1942//5 1941//5
f 1896//5 1897//5 1943//5 1942//5
f 1897//6 1898//6 1944//6 1943//6
f 1898//7 1899//7 1945//7 1944//7
f 1899//7 1900//7 1946//7 1945//7
f 1900//8 1901//8 1947//8 1946//8
f 1901//9 1902//9 1948//9 1947//9
f 1902//9 1903//9 1949//9 1948//9
f 1903//9 1904//9 1950//9 1949//9
f 1904//10 1905//10 1951//10 1950//10
f 1905//11 1906//11 1952//11 1951//11
f 1906//11 1907//11 1953//11 1952//11
f 1907//12 1908//12 1954//12 1953//12
f 1908//13 1909//13 1955//13 1954//13
f 1909//13 1910//13 1956//13 1955//13
f 1910//13 1911//13 1957//13 1956//13
f 1911//14 1912//14 1958//14 1957//14
f 1912//15 1913//15 1959//15 1958//15
f 1913//15 1914//15 1960//15 1959//15
f 1914//16 1915//16 1961//16 1960//16
f 1915//17 1916//17 1962//17 1961//17
f 1916//17 1917//17 1963//17 1962//17
f 1917//17 1918//17 1964//17 1963//17
f 1918//18 1919//18 1965//18 1964//18
f 1919//19 1920//19 1966//19 1965//19
f 1920//19 1921//19 1967//19 1966//19
f 1921//20 1922//20 1968//20 1967//20
f 1922//21 1923//21 1969//21 1968//21
f 1923//21 1924//21 1970//21 1969//21
f 1924//21 1925//21 1971//21 1970//21
f 1925//22 1926//22 1972//22 1971//22
f 1926//23 1927//23 1973//23 1972//23
f 1927//23 1928//23 1974//23 1973//23
f 1928//24 1929//24 1975//24 1974//24
f 1929//25 1930//25 1976//25 1975//25
f 1930//25 1931//25 1977//25 1976//25
f 1931//25 1932//25 1978//25 1977//25
f 1933//1 1934//1 1980//1 1979//1
f 1934//1 1935//1 1981//1 1980//1
f 1935//1 1936//1 1982//1 1981//1
f 1936//2 1937//2 1983//2 1982//2
f 1937//3 1938//3 1984//3 1983//3
f 1938//3 1939//3 1985//3 1984//3
f 1939//4 1940//4 1986//4 1985//4
f 1940//5 1941//5 1987//5 1986//5
f 1941//5 1942//5 1988//5 1987//5
f 1942//5 1943//5 1989//5 1988//5
f 1943//6 1944//6 1990//6 1989//6
f 1944//7 1945//7 1991//7 1990//7
f 1945//7 1946//7 1992//7 1991//7
f 1946//8 1947//8 1993//8 1992//8
f 1947//9 1948//9 1994//9 1993//9
f 1948//9 1949//9 1995//9 1994//9
f 1949//9 1950//9 1996//9 1995//9
f 1950//10 1951//10 1997//10 1996//10
f 1951//11 1952//11 1998//11 1997//11
f 1952//11 1953//11 1999//11 1998//11
f 1953//12 1954//12 2000//12 1999//12
f 1954//13 1955//13 2001//13 2000//13
f 1955//13 1956//13 2002//13 2001//13
f 1956//13 1957//13 2003//13 2002//13
f 1957//14 1958//14 2004//14 2003//14
f 1958//15 1959//15 2005//15 2004//15
f 1959//15 1960//15 2006//15 2005//15
f 1960//16 1961//16 2007//16 2006//16
f 1961//17 1962//17 2008//17 2007//17
f 1962//17 1963//17 2009//17 2008//17
f 1963//17 1964//17 2010//17 2009//17
f 1964//18 1965//18 2011//18 2010//18
f 1965//19 1966//19 2012//19 2011//19
f 1966//19 1967//19 2013//19 2012//19
f 1967//20 1968//20 2014//20 2013//20
f 1968//21 1969//21 2015//21 2014//21
f 1969//21 1970//21 2016//21 2015//21
f 1970//21 1971//21 2017//21 2016//21
f 1971//22 1972//22 2018//22 2017//22
f 1972//23 1973//23 2019//23 2018//23
f 1973//23 1974//23 2020//23 2019//23
f 1974//24 1975//24 2021//24 2020//24
f 1975//25 1976//25 2022//25 2021//25
f 1976//25 1977//25 2023//25 2022//25
f 1977//25 1978//25 2024//25 2023//25
f 1979//1 1980//1 2026//1 2025//1
f 1980//1 1981//1 2027//1 2026//1
f 1981//1 1982//1 2028//1 2027//1
f 1982//2 1983//2 2029//2 2028//2
f 1983//3 1984//3 2030//3 2029//3
f 1984//3 1985//3 2031//3 2030//3
f 1985//4 1986//4 2032//4 2031//4
f 1986//5 1987//5 2033//5 2032//5
f 1987//5 1988//5 2034//5 2033//5
f 1988//5 1989//5 2035//5 2034//5
f 1989//6 1990//6 2036//6 2035//6
f 1990//7 1991//7 2037//7 2036//7
f 1991//7 1992//7 2038//7 2037//7
f 1992//8 1993//8 2039//8 2038//8
f 1993//9 1994//9 2040//9 2039//9
f 1994//9 1995//9 2041//9 2040//9
f 1995//9 1996//9 2042//9 2041//9
f 1996//10 1997//10 2043//10 2042//10
f 1997//11 1998//11 2044//11 2043//11
f 1998//11 1999//11 2045//11 2044//11
f 1999//12 2000//12 2046//12 2045//12
f 2000//13 2001//13 2047//13 2046//13
f 2001//13 2002//13 2048//13 2047//13
f 2002//13 2003//13 2049//13 2048//13
f 2003//14 2004//14 2050//14 2049//14
f 2004//15 2005//15 2051//15 2050//15
f 2005//15 2006//15 2052//15 2051//15
f 2006//16 2007//16 2053//16 2052//16
f 2007//17 2008//17 2054//17 2053//17
f 2008//17 2009//17 2055//17 2054//17
f 2009//17 2010//17 2056//17 2055//17
f 2010//18 2011//18 2057//18 2056//18
f 2011//19 2012//19 2058//19 2057//19
f 2012//19 2013//19 2059//19 2058//19
f 2013//20 2014//20 2060//20 2059//20
f 2014//21 2015//21 2061//21 2060//21
f 2015//21 2016//21 2062//21 2061//21
f 2016//21 2017//21 2063//21 2062//21
f 2017//22 2018//22 2064//22 2063//22
f 2018//23 2019//23 2065//23 2064//23
f 2019//23 2020//23 2066//23 2065//23
f 2020//24 2021//24 2067//24 2066//24
f 2021//25 2022//25 2068//25 2067//25
f 2022//25 2023//25 2069//25 2068//25
f 2023//25 2024//25 2070//25 2069//25
f 2025//1 2026//1 2072//1 2071//1
f 2026//1 2027//1 2073//1 2072//1
f 2027//1 2028//1 2074//1 2073//1
f 2028//2 2029//2 2075//2 2074//2
f 2029//3 2030//3 2076//3 2075//3
f 2030//3 2031//3 2077//3 2076//3
f 2031//4 2032//4 2078//4 2077//4
f 2032//5 2033//5 2079//5 2078//5
f 2033//5 2034//5 2080//5 2079//5
f 2034//5 2035//5 2081//5 2080//5
f 2035//6 2036//6 2082//6 2081//6
f 2036//7 2037//7 2083//7 2082//7
f 2037//7 2038//7 2084//7 2083//7
f 2038//8 2039//8 2085//8 2084//8
f 2039//9 2040//9 2086//9 2085//9
f 2040//9 2041//9 2087//9 2086//9
f 2041//9 2042//9 2088//9 2087//9
f 2042//10 2043//10 2089//10 2088//10
f 2043//11 2044//11 2090//11 2089//11
f 2044//11 2045//11 2091//11 2090//11
f 2045//12 2046//12 2092//12 2091//12
f 2046//13 2047//13 2093//13 2092//13
f 2047//13 2048//13 2094//13 2093//13
f 2048//13 2049//13 2095//13 2094//13
f 2049//14 2050//14 2096//14 2095//14
f 2050//15 2051//15 2097//15 2096//15
f 2051//15 2052//15 2098//15 2097//15
f 2052//16 2053//16 2099//16 2098//16
f 2053//17 2054//17 2100//17 2099//17
f 2054//17 2055//17 2101//17 2100//17
f 2055//17 2056//17 2102//17 2101//17
f 2056//18 2057//18 2103//18 2102//18
f 2057//19 2058//19 2104//19 2103//19
f 2058//19 2059//19 2105//19 2104//19
f 2059//20 2060//20 2106//20 2105//20
f 2060//21 2061//21 2107//21 2106//21
f 2061//21 2062//21 2108//21 2107//21
f 2062//21 2063//21 2109//21 2108//21
f 2063//22 2064//22 2110//22 2109//22
f 2064//23 2065//23 2111//23 2110//23
f 2065//23 2066//23 2112//23 2111//23
f 2066//24 2067//24 2113//24 2112//24
f 2067//25 2068//25 2114//25 2113//25
f 2068//25 2069//25 2115//25 2114//25
f 2069//25 2070//25 2116//25 2115//25
