# Blender 3.6.5
# www.blender.org
o SpiralPlane2
v 0.707747 0.000000 1.000000
v 0.416823 0.087091 1.000000
v 0.205869 0.187908 1.000000
v 0.211972 0.325980 1.000000
v 0.225743 0.440605 1.000000
v 0.246088 0.535131 1.000000
v 0.325587 0.611642 1.000000
v 0.416667 0.681413 1.000000
v 0.477700 0.721773 1.000000
v 0.540845 0.758824 1.000000
v 0.607981 0.789624 1.000000
v 0.683881 0.809967 1.000000
v 0.765258 0.823775 1.000000
v 0.843036 0.823489 1.000000
v 0.914398 0.814828 1.000000
v 0.953052 0.770221 1.000000
v 0.973631 0.717525 1.000000
v 0.969562 0.653799 1.000000
v 0.950000 0.592279 1.000000
v 0.923552 0.531740 1.000000
v 0.844288 0.488562 1.000000
v 0.762911 0.450980 1.000000
v 0.681534 0.429739 1.000000
v 0.603208 0.423897 1.000000
v 0.527934 0.433456 1.000000
v 0.462050 0.446283 1.000000
v 0.397809 0.461234 1.000000
v 0.304225 0.504779 1.000000
v 0.221909 0.544730 1.000000
v 0.164945 0.576593 1.000000
v 0.095070 0.645833 1.000000
v 0.015728 0.742484 1.000000
v 0.001800 0.803186 1.000000
v 0.006338 0.858579 1.000000
v 0.061268 0.923366 1.000000
v 0.148279 0.971405 1.000000
v 0.286620 0.992647 1.000000
v 0.390376 0.961111 1.000000
v 0.475822 0.901634 1.000000
v 0.491784 0.852941 1.000000
v 0.524648 0.765931 1.000000
v 0.652817 0.514216 1.000000
v 0.762207 0.318873 1.000000
v 0.849687 0.189297 1.000000
v 0.926761 0.107067 1.000000
v 1.000000 0.042279 1.000000
v 0.707747 0.000000 0.955556
v 0.416823 0.087091 0.955556
v 0.205869 0.187908 0.955556
v 0.211972 0.325980 0.955556
v 0.225743 0.440605 0.955556
v 0.246088 0.535131 0.955556
v 0.325587 0.611642 0.955556
v 0.416667 0.681413 0.955556
v 0.477700 0.721773 0.955556
v 0.540845 0.758824 0.955556
v 0.607981 0.789624 0.955556
v 0.683881 0.809967 0.955556
v 0.765258 0.823775 0.955556
v 0.843036 0.823489 0.955556
v 0.914398 0.814828 0.955556
v 0.953052 0.770221 0.955556
v 0.973631 0.717525 0.955556
v 0.969562 0.653799 0.955556
v 0.950000 0.592279 0.955556
v 0.923552 0.531740 0.955556
v 0.844288 0.488562 0.955556
v 0.762911 0.450980 0.955556
v 0.681534 0.429739 0.955556
v 0.603208 0.423897 0.955556
v 0.527934 0.433456 0.955556
v 0.462050 0.446283 0.955556
v 0.397809 0.461234 0.955556
v 0.304225 0.504779 0.955556
v 0.221909 0.544730 0.955556
v 0.164945 0.576593 0.955556
v 0.095070 0.645833 0.955556
v 0.015728 0.742484 0.955556
v 0.001800 0.803186 0.955556
v 0.006338 0.858579 0.955556
v 0.061268 0.923366 0.955556
v 0.148279 0.971405 0.955556
v 0.286620 0.992647 0.955556
v 0.390376 0.961111 0.955556
v 0.475822 0.901634 0.955556
v 0.491784 0.852941 0.955556
v 0.524648 0.765931 0.955556
v 0.652817 0.514216 0.955556
v 0.762207 0.318873 0.955556
v 0.849687 0.189297 0.955556
v 0.926761 0.107067 0.955556
v 1.000000 0.042279 0.955556
v 0.707747 0.000000 0.911111
v 0.416823 0.087091 0.911111
v 0.205869 0.187908 0.911111
v 0.211972 0.325980 0.911111
v 0.225743 0.440605 0.911111
v 0.246088 0.535131 0.911111
v 0.325587 0.611642 0.911111
v 0.416667 0.681413 0.911111
v 0.477700 0.721773 0.911111
v 0.540845 0.758824 0.911111
v 0.607981 0.789624 0.911111
v 0.683881 0.809967 0.911111
v 0.765258 0.823775 0.911111
v 0.843036 0.823489 0.911111
v 0.914398 0.814828 0.911111
v 0.953052 0.770221 0.911111
v 0.973631 0.717525 0.911111
v 0.969562 0.653799 0.911111
v 0.950000 0.592279 0.911111
v 0.923552 0.531740 0.911111
v 0.844288 0.488562 0.911111
v 0.762911 0.450980 0.911111
v 0.681534 0.429739 0.911111
v 0.603208 0.423897 0.911111
v 0.527934 0.433456 0.911111
v 0.462050 0.446283 0.911111
v 0.397809 0.461234 0.911111
v 0.304225 0.504779 0.911111
v 0.221909 0.544730 0.911111
v 0.164945 0.576593 0.911111
v 0.095070 0.645833 0.911111
v 0.015728 0.742484 0.911111
v 0.001800 0.803186 0.911111
v 0.006338 0.858579 0.911111
v 0.061268 0.923366 0.911111
v 0.148279 0.971405 0.911111
v 0.286620 0.992647 0.911111
v 0.390376 0.961111 0.911111
v 0.475822 0.901634 0.911111
v 0.491784 0.852941 0.911111
v 0.524648 0.765931 0.911111
v 0.652817 0.514216 0.911111
v 0.762207 0.318873 0.911111
v 0.849687 0.189297 0.911111
v 0.926761 0.107067 0.911111
v 1.000000 0.042279 0.911111
v 0.707747 0.000000 0.866667
v 0.416823 0.087091 0.866667
v 0.205869 0.187908 0.866667
v 0.211972 0.325980 0.866667
v 0.225743 0.440605 0.866667
v 0.246088 0.535131 0.866667
v 0.325587 0.611642 0.866667
v 0.416667 0.681413 0.866667
v 0.477700 0.721773 0.866667
v 0.540845 0.758824 0.866667
v 0.607981 0.789624 0.866667
v 0.683881 0.809967 0.866667
v 0.765258 0.823775 0.866667
v 0.843036 0.823489 0.866667
v 0.914398 0.814828 0.866667
v 0.953052 0.770221 0.866667
v 0.973631 0.717525 0.866667
v 0.969562 0.653799 0.866667
v 0.950000 0.592279 0.866667
v 0.923552 0.531740 0.866667
v 0.844288 0.488562 0.866667
v 0.762911 0.450980 0.866667
v 0.681534 0.429739 0.866667
v 0.603208 0.423897 0.866667
v 0.527934 0.433456 0.866667
v 0.462050 0.446283 0.866667
v 0.397809 0.461234 0.866667
v 0.304225 0.504779 0.866667
v 0.221909 0.544730 0.866667
v 0.164945 0.576593 0.866667
v 0.095070 0.645833 0.866667
v 0.015728 0.742484 0.866667
v 0.001800 0.803186 0.866667
v 0.006338 0.858579 0.866667
v 0.061268 0.923366 0.866667
v 0.148279 0.971405 0.866667
v 0.286620 0.992647 0.866667
v 0.390376 0.961111 0.866667
v 0.475822 0.901634 0.866667
v 0.491784 0.852941 0.866667
v 0.524648 0.765931 0.866667
v 0.652817 0.514216 0.866667
v 0.762207 0.318873 0.866667
v 0.849687 0.189297 0.866667
v 0.926761 0.107067 0.866667
v 1.000000 0.042279 0.866667
v 0.707747 0.000000 0.822222
v 0.416823 0.087091 0.822222
v 0.205869 0.187908 0.822222
v 0.211972 0.325980 0.822222
v 0.225743 0.440605 0.822222
v 0.246088 0.535131 0.822222
v 0.325587 0.611642 0.822222
v 0.416667 0.681413 0.822222
v 0.477700 0.721773 0.822222
v 0.540845 0.758824 0.822222
v 0.607981 0.789624 0.822222
v 0.683881 0.809967 0.822222
v 0.765258 0.823775 0.822222
v 0.843036 0.823489 0.822222
v 0.914398 0.814828 0.822222
v 0.953052 0.770221 0.822222
v 0.973631 0.717525 0.822222
v 0.969562 0.653799 0.822222
v 0.950000 0.592279 0.822222
v 0.923552 0.531740 0.822222
v 0.844288 0.488562 0.822222
v 0.762911 0.450980 0.822222
v 0.681534 0.429739 0.822222
v 0.603208 0.423897 0.822222
v 0.527934 0.433456 0.822222
v 0.462050 0.446283 0.822222
v 0.397809 0.461234 0.822222
v 0.304225 0.504779 0.822222
v 0.221909 0.544730 0.822222
v 0.164945 0.576593 0.822222
v 0.095070 0.645833 0.822222
v 0.015728 0.742484 0.822222
v 0.001800 0.803186 0.822222
v 0.006338 0.858579 0.822222
v 0.061268 0.923366 0.822222
v 0.148279 0.971405 0.822222
v 0.286620 0.992647 0.822222
v 0.390376 0.961111 0.822222
v 0.475822 0.901634 0.822222
v 0.491784 0.852941 0.822222
v 0.524648 0.765931 0.822222
v 0.652817 0.514216 0.822222
v 0.762207 0.318873 0.822222
v 0.849687 0.189297 0.822222
v 0.926761 0.107067 0.822222
v 1.000000 0.042279 0.822222
v 0.707747 0.000000 0.777778
v 0.416823 0.087091 0.777778
v 0.205869 0.187908 0.777778
v 0.211972 0.325980 0.777778
v 0.225743 0.440605 0.777778
v 0.246088 0.535131 0.777778
v 0.325587 0.611642 0.777778
v 0.416667 0.681413 0.777778
v 0.477700 0.721773 0.777778
v 0.540845 0.758824 0.777778
v 0.607981 0.789624 0.777778
v 0.683881 0.809967 0.777778
v 0.765258 0.823775 0.777778
v 0.843036 0.823489 0.777778
v 0.914398 0.814828 0.777778
v 0.953052 0.770221 0.777778
v 0.973631 0.717525 0.777778
v 0.969562 0.653799 0.777778
v 0.950000 0.592279 0.777778
v 0.923552 0.531740 0.777778
v 0.844288 0.488562 0.777778
v 0.762911 0.450980 0.777778
v 0.681534 0.429739 0.777778
v 0.603208 0.423897 0.777778
v 0.527934 0.433456 0.777778
v 0.462050 0.446283 0.777778
v 0.397809 0.461234 0.777778
v 0.304225 0.504779 0.777778
v 0.221909 0.544730 0.777778
v 0.164945 0.576593 0.777778
v 0.095070 0.645833 0.777778
v 0.015728 0.742484 0.777778
v 0.001800 0.803186 0.777778
v 0.006338 0.858579 0.777778
v 0.061268 0.923366 0.777778
v 0.148279 0.971405 0.777778
v 0.286620 0.992647 0.777778
v 0.390376 0.961111 0.777778
v 0.475822 0.901634 0.777778
v 0.491784 0.852941 0.777778
v 0.524648 0.765931 0.777778
v 0.652817 0.514216 0.777778
v 0.762207 0.318873 0.777778
v 0.849687 0.189297 0.777778
v 0.926761 0.107067 0.777778
v 1.000000 0.042279 0.777778
v 0.707747 0.000000 0.733333
v 0.416823 0.087091 0.733333
v 0.205869 0.187908 0.733333
v 0.211972 0.325980 0.733333
v 0.225743 0.440605 0.733333
v 0.246088 0.535131 0.733333
v 0.325587 0.611642 0.733333
v 0.416667 0.681413 0.733333
v 0.477700 0.721773 0.733333
v 0.540845 0.758824 0.733333
v 0.607981 0.789624 0.733333
v 0.683881 0.809967 0.733333
v 0.765258 0.823775 0.733333
v 0.843036 0.823489 0.733333
v 0.914398 0.814828 0.733333
v 0.953052 0.770221 0.733333
v 0.973631 0.717525 0.733333
v 0.969562 0.653799 0.733333
v 0.950000 0.592279 0.733333
v 0.923552 0.531740 0.733333
v 0.844288 0.488562 0.733333
v 0.762911 0.450980 0.733333
v 0.681534 0.429739 0.733333
v 0.603208 0.423897 0.733333
v 0.527934 0.433456 0.733333
v 0.462050 0.446283 0.733333
v 0.397809 0.461234 0.733333
v 0.304225 0.504779 0.733333
v 0.221909 0.544730 0.733333
v 0.164945 0.576593 0.733333
v 0.095070 0.645833 0.733333
v 0.015728 0.742484 0.733333
v 0.001800 0.803186 0.733333
v 0.006338 0.858579 0.733333
v 0.061268 0.923366 0.733333
v 0.148279 0.971405 0.733333
v 0.286620 0.992647 0.733333
v 0.390376 0.961111 0.733333
v 0.475822 0.901634 0.733333
v 0.491784 0.852941 0.733333
v 0.524648 0.765931 0.733333
v 0.652817 0.514216 0.733333
v 0.762207 0.318873 0.733333
v 0.849687 0.189297 0.733333
v 0.926761 0.107067 0.733333
v 1.000000 0.042279 0.733333
v 0.707747 0.000000 0.688889
v 0.416823 0.087091 0.688889
v 0.205869 0.187908 0.688889
v 0.211972 0.325980 0.688889
v 0.225743 0.440605 0.688889
v 0.246088 0.535131 0.688889
v 0.325587 0.611642 0.688889
v 0.416667 0.681413 0.688889
v 0.477700 0.721773 0.688889
v 0.540845 0.758824 0.688889
v 0.607981 0.789624 0.688889
v 0.683881 0.809967 0.688889
v 0.765258 0.823775 0.688889
v 0.843036 0.823489 0.688889
v 0.914398 0.814828 0.688889
v 0.953052 0.770221 0.688889
v 0.973631 0.717525 0.688889
v 0.969562 0.653799 0.688889
v 0.950000 0.592279 0.688889
v 0.923552 0.531740 0.688889
v 0.844288 0.488562 0.688889
v 0.762911 0.450980 0.688889
v 0.681534 0.429739 0.688889
v 0.603208 0.423897 0.688889
v 0.527934 0.433456 0.688889
v 0.462050 0.446283 0.688889
v 0.397809 0.461234 0.688889
v 0.304225 0.504779 0.688889
v 0.221909 0.544730 0.688889
v 0.164945 0.576593 0.688889
v 0.095070 0.645833 0.688889
v 0.015728 0.742484 0.688889
v 0.001800 0.803186 0.688889
v 0.006338 0.858579 0.688889
v 0.061268 0.923366 0.688889
v 0.148279 0.971405 0.688889
v 0.286620 0.992647 0.688889
v 0.390376 0.961111 0.688889
v 0.475822 0.901634 0.688889
v 0.491784 0.852941 0.688889
v 0.524648 0.765931 0.688889
v 0.652817 0.514216 0.688889
v 0.762207 0.318873 0.688889
v 0.849687 0.189297 0.688889
v 0.926761 0.107067 0.688889
v 1.000000 0.042279 0.688889
v 0.707747 0.000000 0.644444
v 0.416823 0.087091 0.644444
v 0.205869 0.187908 0.644444
v 0.211972 0.325980 0.644444
v 0.225743 0.440605 0.644444
v 0.246088 0.535131 0.644444
v 0.325587 0.611642 0.644444
v 0.416667 0.681413 0.644444
v 0.477700 0.721773 0.644444
v 0.540845 0.758824 0.644444
v 0.607981 0.789624 0.644444
v 0.683881 0.809967 0.644444
v 0.765258 0.823775 0.644444
v 0.843036 0.823489 0.644444
v 0.914398 0.814828 0.644444
v 0.953052 0.770221 0.644444
v 0.973631 0.717525 0.644444
v 0.969562 0.653799 0.644444
v 0.950000 0.592279 0.644444
v 0.923552 0.531740 0.644444
v 0.844288 0.488562 0.644444
v 0.762911 0.450980 0.644444
v 0.681534 0.429739 0.644444
v 0.603208 0.423897 0.644444
v 0.527934 0.433456 0.644444
v 0.462050 0.446283 0.644444
v 0.397809 0.461234 0.644444
v 0.304225 0.504779 0.644444
v 0.221909 0.544730 0.644444
v 0.164945 0.576593 0.644444
v 0.095070 0.645833 0.644444
v 0.015728 0.742484 0.644444
v 0.001800 0.803186 0.644444
v 0.006338 0.858579 0.644444
v 0.061268 0.923366 0.644444
v 0.148279 0.971405 0.644444
v 0.286620 0.992647 0.644444
v 0.390376 0.961111 0.644444
v 0.475822 0.901634 0.644444
v 0.491784 0.852941 0.644444
v 0.524648 0.765931 0.644444
v 0.652817 0.514216 0.644444
v 0.762207 0.318873 0.644444
v 0.849687 0.189297 0.644444
v 0.926761 0.107067 0.644444
v 1.000000 0.042279 0.644444
v 0.707747 0.000000 0.600000
v 0.416823 0.087091 0.600000
v 0.205869 0.187908 0.600000
v 0.211972 0.325980 0.600000
v 0.225743 0.440605 0.600000
v 0.246088 0.535131 0.600000
v 0.325587 0.611642 0.600000
v 0.416667 0.681413 0.600000
v 0.477700 0.721773 0.600000
v 0.540845 0.758824 0.600000
v 0.607981 0.789624 0.600000
v 0.683881 0.809967 0.600000
v 0.765258 0.823775 0.600000
v 0.843036 0.823489 0.600000
v 0.914398 0.814828 0.600000
v 0.953052 0.770221 0.600000
v 0.973631 0.717525 0.600000
v 0.969562 0.653799 0.600000
v 0.950000 0.592279 0.600000
v 0.923552 0.531740 0.600000
v 0.844288 0.488562 0.600000
v 0.762911 0.450980 0.600000
v 0.681534 0.429739 0.600000
v 0.603208 0.423897 0.600000
v 0.527934 0.433456 0.600000
v 0.462050 0.446283 0.600000
v 0.397809 0.461234 0.600000
v 0.304225 0.504779 0.600000
v 0.221909 0.544730 0.600000
v 0.164945 0.576593 0.600000
v 0.095070 0.645833 0.600000
v 0.015728 0.742484 0.600000
v 0.001800 0.803186 0.600000
v 0.006338 0.858579 0.600000
v 0.061268 0.923366 0.600000
v 0.148279 0.971405 0.600000
v 0.286620 0.992647 0.600000
v 0.390376 0.961111 0.600000
v 0.475822 0.901634 0.600000
v 0.491784 0.852941 0.600000
v 0.524648 0.765931 0.600000
v 0.652817 0.514216 0.600000
v 0.762207 0.318873 0.600000
v 0.849687 0.189297 0.600000
v 0.926761 0.107067 0.600000
v 1.000000 0.042279 0.600000
v 0.707747 0.000000 0.555556
v 0.416823 0.087091 0.555556
v 0.205869 0.187908 0.555556
v 0.211972 0.325980 0.555556
v 0.225743 0.440605 0.555556
v 0.246088 0.535131 0.555556
v 0.325587 0.611642 0.555556
v 0.416667 0.681413 0.555556
v 0.477700 0.721773 0.555556
v 0.540845 0.758824 0.555556
v 0.607981 0.789624 0.555556
v 0.683881 0.809967 0.555556
v 0.765258 0.823775 0.555556
v 0.843036 0.823489 0.555556
v 0.914398 0.814828 0.555556
v 0.953052 0.770221 0.555556
v 0.973631 0.717525 0.555556
v 0.969562 0.653799 0.555556
v 0.950000 0.592279 0.555556
v 0.923552 0.531740 0.555556
v 0.844288 0.488562 0.555556
v 0.762911 0.450980 0.555556
v 0.681534 0.429739 0.555556
v 0.603208 0.423897 0.555556
v 0.527934 0.433456 0.555556
v 0.462050 0.446283 0.555556
v 0.397809 0.461234 0.555556
v 0.304225 0.504779 0.555556
v 0.221909 0.544730 0.555556
v 0.164945 0.576593 0.555556
v 0.095070 0.645833 0.555556
v 0.015728 0.742484 0.555556
v 0.001800 0.803186 0.555556
v 0.006338 0.858579 0.555556
v 0.061268 0.923366 0.555556
v 0.148279 0.971405 0.555556
v 0.286620 0.992647 0.555556
v 0.390376 0.961111 0.555556
v 0.475822 0.901634 0.555556
v 0.491784 0.852941 0.555556
v 0.524648 0.765931 0.555556
v 0.652817 0.514216 0.555556
v 0.762207 0.318873 0.555556
v 0.849687 0.189297 0.555556
v 0.926761 0.107067 0.555556
v 1.000000 0.042279 0.555556
v 0.707747 0.000000 0.511111
v 0.416823 0.087091 0.511111
v 0.205869 0.187908 0.511111
v 0.211972 0.325980 0.511111
v 0.225743 0.440605 0.511111
v 0.246088 0.535131 0.511111
v 0.325587 0.611642 0.511111
v 0.416667 0.681413 0.511111
v 0.477700 0.721773 0.511111
v 0.540845 0.758824 0.511111
v 0.607981 0.789624 0.511111
v 0.683881 0.809967 0.511111
v 0.765258 0.823775 0.511111
v 0.843036 0.823489 0.511111
v 0.914398 0.814828 0.511111
v 0.953052 0.770221 0.511111
v 0.973631 0.717525 0.511111
v 0.969562 0.653799 0.511111
v 0.950000 0.592279 0.511111
v 0.923552 0.531740 0.511111
v 0.844288 0.488562 0.511111
v 0.762911 0.450980 0.511111
v 0.681534 0.429739 0.511111
v 0.603208 0.423897 0.511111
v 0.527934 0.433456 0.511111
v 0.462050 0.446283 0.511111
v 0.397809 0.461234 0.511111
v 0.304225 0.504779 0.511111
v 0.221909 0.544730 0.511111
v 0.164945 0.576593 0.511111
v 0.095070 0.645833 0.511111
v 0.015728 0.742484 0.511111
v 0.001800 0.803186 0.511111
v 0.006338 0.858579 0.511111
v 0.061268 0.923366 0.511111
v 0.148279 0.971405 0.511111
v 0.286620 0.992647 0.511111
v 0.390376 0.961111 0.511111
v 0.475822 0.901634 0.511111
v 0.491784 0.852941 0.511111
v 0.524648 0.765931 0.511111
v 0.652817 0.514216 0.511111
v 0.762207 0.318873 0.511111
v 0.849687 0.189297 0.511111
v 0.926761 0.107067 0.511111
v 1.000000 0.042279 0.511111
v 0.707747 0.000000 0.466667
v 0.416823 0.087091 0.466667
v 0.205869 0.187908 0.466667
v 0.211972 0.325980 0.466667
v 0.225743 0.440605 0.466667
v 0.246088 0.535131 0.466667
v 0.325587 0.611642 0.466667
v 0.416667 0.681413 0.466667
v 0.477700 0.721773 0.466667
v 0.540845 0.758824 0.466667
v 0.607981 0.789624 0.466667
v 0.683881 0.809967 0.466667
v 0.765258 0.823775 0.466667
v 0.843036 0.823489 0.466667
v 0.914398 0.814828 0.466667
v 0.953052 0.770221 0.466667
v 0.973631 0.717525 0.466667
v 0.969562 0.653799 0.466667
v 0.950000 0.592279 0.466667
v 0.923552 0.531740 0.466667
v 0.844288 0.488562 0.466667
v 0.762911 0.450980 0.466667
v 0.681534 0.429739 0.466667
v 0.603208 0.423897 0.466667
v 0.527934 0.433456 0.466667
v 0.462050 0.446283 0.466667
v 0.397809 0.461234 0.466667
v 0.304225 0.504779 0.466667
v 0.221909 0.544730 0.466667
v 0.164945 0.576593 0.466667
v 0.095070 0.645833 0.466667
v 0.015728 0.742484 0.466667
v 0.001800 0.803186 0.466667
v 0.006338 0.858579 0.466667
v 0.061268 0.923366 0.466667
v 0.148279 0.971405 0.466667
v 0.286620 0.992647 0.466667
v 0.390376 0.961111 0.466667
v 0.475822 0.901634 0.466667
v 0.491784 0.852941 0.466667
v 0.524648 0.765931 0.466667
v 0.652817 0.514216 0.466667
v 0.762207 0.318873 0.466667
v 0.849687 0.189297 0.466667
v 0.926761 0.107067 0.466667
v 1.000000 0.042279 0.466667
v 0.707747 0.000000 0.422222
v 0.416823 0.087091 0.422222
v 0.205869 0.187908 0.422222
v 0.211972 0.325980 0.422222
v 0.225743 0.440605 0.422222
v 0.246088 0.535131 0.422222
v 0.325587 0.611642 0.422222
v 0.416667 0.681413 0.422222
v 0.477700 0.721773 0.422222
v 0.540845 0.758824 0.422222
v 0.607981 0.789624 0.422222
v 0.683881 0.809967 0.422222
v 0.765258 0.823775 0.422222
v 0.843036 0.823489 0.422222
v 0.914398 0.814828 0.422222
v 0.953052 0.770221 0.422222
v 0.973631 0.717525 0.422222
v 0.969562 0.653799 0.422222
v 0.950000 0.592279 0.422222
v 0.923552 0.531740 0.422222
v 0.844288 0.488562 0.422222
v 0.762911 0.450980 0.422222
v 0.681534 0.429739 0.422222
v 0.603208 0.423897 0.422222
v 0.527934 0.433456 0.422222
v 0.462050 0.446283 0.422222
v 0.397809 0.461234 0.422222
v 0.304225 0.504779 0.422222
v 0.221909 0.544730 0.422222
v 0.164945 0.576593 0.422222
v 0.095070 0.645833 0.422222
v 0.015728 0.742484 0.422222
v 0.001800 0.803186 0.422222
v 0.006338 0.858579 0.422222
v 0.061268 0.923366 0.422222
v 0.148279 0.971405 0.422222
v 0.286620 0.992647 0.422222
v 0.390376 0.961111 0.422222
v 0.475822 0.901634 0.422222
v 0.491784 0.852941 0.422222
v 0.524648 0.765931 0.422222
v 0.652817 0.514216 0.422222
v 0.762207 0.318873 0.422222
v 0.849687 0.189297 0.422222
v 0.926761 0.107067 0.422222
v 1.000000 0.042279 0.422222
v 0.707747 0.000000 0.377778
v 0.416823 0.087091 0.377778
v 0.205869 0.187908 0.377778
v 0.211972 0.325980 0.377778
v 0.225743 0.440605 0.377778
v 0.246088 0.535131 0.377778
v 0.325587 0.611642 0.377778
v 0.416667 0.681413 0.377778
v 0.477700 0.721773 0.377778
v 0.540845 0.758824 0.377778
v 0.607981 0.789624 0.377778
v 0.683881 0.809967 0.377778
v 0.765258 0.823775 0.377778
v 0.843036 0.823489 0.377778
v 0.914398 0.814828 0.377778
v 0.953052 0.770221 0.377778
v 0.973631 0.717525 0.377778
v 0.969562 0.653799 0.377778
v 0.950000 0.592279 0.377778
v 0.923552 0.531740 0.377778
v 0.844288 0.488562 0.377778
v 0.762911 0.450980 0.377778
v 0.681534 0.429739 0.377778
v 0.603208 0.423897 0.377778
v 0.527934 0.433456 0.377778
v 0.462050 0.446283 0.377778
v 0.397809 0.461234 0.377778
v 0.304225 0.504779 0.377778
v 0.221909 0.544730 0.377778
v 0.164945 0.576593 0.377778
v 0.095070 0.645833 0.377778
v 0.015728 0.742484 0.377778
v 0.001800 0.803186 0.377778
v 0.006338 0.858579 0.377778
v 0.061268 0.923366 0.377778
v 0.148279 0.971405 0.377778
v 0.286620 0.992647 0.377778
v 0.390376 0.961111 0.377778
v 0.475822 0.901634 0.377778
v 0.491784 0.852941 0.377778
v 0.524648 0.765931 0.377778
v 0.652817 0.514216 0.377778
v 0.762207 0.318873 0.377778
v 0.849687 0.189297 0.377778
v 0.926761 0.107067 0.377778
v 1.000000 0.042279 0.377778
v 0.707747 0.000000 0.333333
v 0.416823 0.087091 0.333333
v 0.205869 0.187908 0.333333
v 0.211972 0.325980 0.333333
v 0.225743 0.440605 0.333333
v 0.246088 0.535131 0.333333
v 0.325587 0.611642 0.333333
v 0.416667 0.681413 0.333333
v 0.477700 0.721773 0.333333
v 0.540845 0.758824 0.333333
v 0.607981 0.789624 0.333333
v 0.683881 0.809967 0.333333
v 0.765258 0.823775 0.333333
v 0.843036 0.823489 0.333333
v 0.914398 0.814828 0.333333
v 0.953052 0.770221 0.333333
v 0.973631 0.717525 0.333333
v 0.969562 0.653799 0.333333
v 0.950000 0.592279 0.333333
v 0.923552 0.531740 0.333333
v 0.844288 0.488562 0.333333
v 0.762911 0.450980 0.333333
v 0.681534 0.429739 0.333333
v 0.603208 0.423897 0.333333
v 0.527934 0.433456 0.333333
v 0.462050 0.446283 0.333333
v 0.397809 0.461234 0.333333
v 0.304225 0.504779 0.333333
v 0.221909 0.544730 0.333333
v 0.164945 0.576593 0.333333
v 0.095070 0.645833 0.333333
v 0.015728 0.742484 0.333333
v 0.001800 0.803186 0.333333
v 0.006338 0.858579 0.333333
v 0.061268 0.923366 0.333333
v 0.148279 0.971405 0.333333
v 0.286620 0.992647 0.333333
v 0.390376 0.961111 0.333333
v 0.475822 0.901634 0.333333
v 0.491784 0.852941 0.333333
v 0.524648 0.765931 0.333333
v 0.652817 0.514216 0.333333
v 0.762207 0.318873 0.333333
v 0.849687 0.189297 0.333333
v 0.926761 0.107067 0.333333
v 1.000000 0.042279 0.333333
v 0.707747 0.000000 0.288889
v 0.416823 0.087091 0.288889
v 0.205869 0.187908 0.288889
v 0.211972 0.325980 0.288889
v 0.225743 0.440605 0.288889
v 0.246088 0.535131 0.288889
v 0.325587 0.611642 0.288889
v 0.416667 0.681413 0.288889
v 0.477700 0.721773 0.288889
v 0.540845 0.758824 0.288889
v 0.607981 0.789624 0.288889
v 0.683881 0.809967 0.288889
v 0.765258 0.823775 0.288889
v 0.843036 0.823489 0.288889
v 0.914398 0.814828 0.288889
v 0.953052 0.770221 0.288889
v 0.973631 0.717525 0.288889
v 0.969562 0.653799 0.288889
v 0.950000 0.592279 0.288889
v 0.923552 0.531740 0.288889
v 0.844288 0.488562 0.288889
v 0.762911 0.450980 0.288889
v 0.681534 0.429739 0.288889
v 0.603208 0.423897 0.288889
v 0.527934 0.433456 0.288889
v 0.462050 0.446283 0.288889
v 0.397809 0.461234 0.288889
v 0.304225 0.504779 0.288889
v 0.221909 0.544730 0.288889
v 0.164945 0.576593 0.288889
v 0.095070 0.645833 0.288889
v 0.015728 0.742484 0.288889
v 0.001800 0.803186 0.288889
v 0.006338 0.858579 0.288889
v 0.061268 0.923366 0.288889
v 0.148279 0.971405 0.288889
v 0.286620 0.992647 0.288889
v 0.390376 0.961111 0.288889
v 0.475822 0.901634 0.288889
v 0.491784 0.852941 0.288889
v 0.524648 0.765931 0.288889
v 0.652817 0.514216 0.288889
v 0.762207 0.318873 0.288889
v 0.849687 0.189297 0.288889
v 0.926761 0.107067 0.288889
v 1.000000 0.042279 0.288889
v 0.707747 0.000000 0.244444
v 0.416823 0.087091 0.244444
v 0.205869 0.187908 0.244444
v 0.211972 0.325980 0.244444
v 0.225743 0.440605 0.244444
v 0.246088 0.535131 0.244444
v 0.325587 0.611642 0.244444
v 0.416667 0.681413 0.244444
v 0.477700 0.721773 0.244444
v 0.540845 0.758824 0.244444
v 0.607981 0.789624 0.244444
v 0.683881 0.809967 0.244444
v 0.765258 0.823775 0.244444
v 0.843036 0.823489 0.244444
v 0.914398 0.814828 0.244444
v 0.953052 0.770221 0.244444
v 0.973631 0.717525 0.244444
v 0.969562 0.653799 0.244444
v 0.950000 0.592279 0.244444
v 0.923552 0.531740 0.244444
v 0.844288 0.488562 0.244444
v 0.762911 0.450980 0.244444
v 0.681534 0.429739 0.244444
v 0.603208 0.423897 0.244444
v 0.527934 0.433456 0.244444
v 0.462050 0.446283 0.244444
v 0.397809 0.461234 0.244444
v 0.304225 0.504779 0.244444
v 0.221909 0.544730 0.244444
v 0.164945 0.576593 0.244444
v 0.095070 0.645833 0.244444
v 0.015728 0.742484 0.244444
v 0.001800 0.803186 0.244444
v 0.006338 0.858579 0.244444
v 0.061268 0.923366 0.244444
v 0.148279 0.971405 0.244444
v 0.286620 0.992647 0.244444
v 0.390376 0.961111 0.244444
v 0.475822 0.901634 0.244444
v 0.491784 0.852941 0.244444
v 0.524648 0.765931 0.244444
v 0.652817 0.514216 0.244444
v 0.762207 0.318873 0.244444
v 0.849687 0.189297 0.244444
v 0.926761 0.107067 0.244444
v 1.000000 0.042279 0.244444
v 0.707747 0.000000 0.200000
v 0.416823 0.087091 0.200000
v 0.205869 0.187908 0.200000
v 0.211972 0.325980 0.200000
v 0.225743 0.440605 0.200000
v 0.246088 0.535131 0.200000
v 0.325587 0.611642 0.200000
v 0.416667 0.681413 0.200000
v 0.477700 0.721773 0.200000
v 0.540845 0.758824 0.200000
v 0.607981 0.789624 0.200000
v 0.683881 0.809967 0.200000
v 0.765258 0.823775 0.200000
v 0.843036 0.823489 0.200000
v 0.914398 0.814828 0.200000
v 0.953052 0.770221 0.200000
v 0.973631 0.717525 0.200000
v 0.969562 0.653799 0.200000
v 0.950000 0.592279 0.200000
v 0.923552 0.531740 0.200000
v 0.844288 0.488562 0.200000
v 0.762911 0.450980 0.200000
v 0.681534 0.429739 0.200000
v 0.603208 0.423897 0.200000
v 0.527934 0.433456 0.200000
v 0.462050 0.446283 0.200000
v 0.397809 0.461234 0.200000
v 0.304225 0.504779 0.200000
v 0.221909 0.544730 0.200000
v 0.164945 0.576593 0.200000
v 0.095070 0.645833 0.200000
v 0.015728 0.742484 0.200000
v 0.001800 0.803186 0.200000
v 0.006338 0.858579 0.200000
v 0.061268 0.923366 0.200000
v 0.148279 0.971405 0.200000
v 0.286620 0.992647 0.200000
v 0.390376 0.961111 0.200000
v 0.475822 0.901634 0.200000
v 0.491784 0.852941 0.200000
v 0.524648 0.765931 0.200000
v 0.652817 0.514216 0.200000
v 0.762207 0.318873 0.200000
v 0.849687 0.189297 0.200000
v 0.926761 0.107067 0.200000
v 1.000000 0.042279 0.200000
v 0.707747 0.000000 0.155556
v 0.416823 0.087091 0.155556
v 0.205869 0.187908 0.155556
v 0.211972 0.325980 0.155556
v 0.225743 0.440605 0.155556
v 0.246088 0.535131 0.155556
v 0.325587 0.611642 0.155556
v 0.416667 0.681413 0.155556
v 0.477700 0.721773 0.155556
v 0.540845 0.758824 0.155556
v 0.607981 0.789624 0.155556
v 0.683881 0.809967 0.155556
v 0.765258 0.823775 0.155556
v 0.843036 0.823489 0.155556
v 0.914398 0.814828 0.155556
v 0.953052 0.770221 0.155556
v 0.973631 0.717525 0.155556
v 0.969562 0.653799 0.155556
v 0.950000 0.592279 0.155556
v 0.923552 0.531740 0.155556
v 0.844288 0.488562 0.155556
v 0.762911 0.450980 0.155556
v 0.681534 0.429739 0.155556
v 0.603208 0.423897 0.155556
v 0.527934 0.433456 0.155556
v 0.462050 0.446283 0.155556
v 0.397809 0.461234 0.155556
v 0.304225 0.504779 0.155556
v 0.221909 0.544730 0.155556
v 0.164945 0.576593 0.155556
v 0.095070 0.645833 0.155556
v 0.015728 0.742484 0.155556
v 0.001800 0.803186 0.155556
v 0.006338 0.858579 0.155556
v 0.061268 0.923366 0.155556
v 0.148279 0.971405 0.155556
v 0.286620 0.992647 0.155556
v 0.390376 0.961111 0.155556
v 0.475822 0.901634 0.155556
v 0.491784 0.852941 0.155556
v 0.524648 0.765931 0.155556
v 0.652817 0.514216 0.155556
v 0.762207 0.318873 0.155556
v 0.849687 0.189297 0.155556
v 0.926761 0.107067 0.155556
v 1.000000 0.042279 0.155556
v 0.707747 0.000000 0.111111
v 0.416823 0.087091 0.111111
v 0.205869 0.187908 0.111111
v 0.211972 0.325980 0.111111
v 0.225743 0.440605 0.111111
v 0.246088 0.535131 0.111111
v 0.325587 0.611642 0.111111
v 0.416667 0.681413 0.111111
v 0.477700 0.721773 0.111111
v 0.540845 0.758824 0.111111
v 0.607981 0.789624 0.111111
v 0.683881 0.809967 0.111111
v 0.765258 0.823775 0.111111
v 0.843036 0.823489 0.111111
v 0.914398 0.814828 0.111111
v 0.953052 0.770221 0.111111
v 0.973631 0.717525 0.111111
v 0.969562 0.653799 0.111111
v 0.950000 0.592279 0.111111
v 0.923552 0.531740 0.111111
v 0.844288 0.488562 0.111111
v 0.762911 0.450980 0.111111
v 0.681534 0.429739 0.111111
v 0.603208 0.423897 0.111111
v 0.527934 0.433456 0.111111
v 0.462050 0.446283 0.111111
v 0.397809 0.461234 0.111111
v 0.304225 0.504779 0.111111
v 0.221909 0.544730 0.111111
v 0.164945 0.576593 0.111111
v 0.095070 0.645833 0.111111
v 0.015728 0.742484 0.111111
v 0.001800 0.803186 0.111111
v 0.006338 0.858579 0.111111
v 0.061268 0.923366 0.111111
v 0.148279 0.971405 0.111111
v 0.286620 0.992647 0.111111
v 0.390376 0.961111 0.111111
v 0.475822 0.901634 0.111111
v 0.491784 0.852941 0.111111
v 0.524648 0.765931 0.111111
v 0.652817 0.514216 0.111111
v 0.762207 0.318873 0.111111
v 0.849687 0.189297 0.111111
v 0.926761 0.107067 0.111111
v 1.000000 0.042279 0.111111
v 0.707747 0.000000 0.066667
v 0.416823 0.087091 0.066667
v 0.205869 0.187908 0.066667
v 0.211972 0.325980 0.066667
v 0.225743 0.440605 0.066667
v 0.246088 0.535131 0.066667
v 0.325587 0.611642 0.066667
v 0.416667 0.681413 0.066667
v 0.477700 0.721773 0.066667
v 0.540845 0.758824 0.066667
v 0.607981 0.789624 0.066667
v 0.683881 0.809967 0.066667
v 0.765258 0.823775 0.066667
v 0.843036 0.823489 0.066667
v 0.914398 0.814828 0.066667
v 0.953052 0.770221 0.066667
v 0.973631 0.717525 0.066667
v 0.969562 0.653799 0.066667
v 0.950000 0.592279 0.066667
v 0.923552 0.531740 0.066667
v 0.844288 0.488562 0.066667
v 0.762911 0.450980 0.066667
v 0.681534 0.429739 0.066667
v 0.603208 0.423897 0.066667
v 0.527934 0.433456 0.066667
v 0.462050 0.446283 0.066667
v 0.397809 0.461234 0.066667
v 0.304225 0.504779 0.066667
v 0.221909 0.544730 0.066667
v 0.164945 0.576593 0.066667
v 0.095070 0.645833 0.066667
v 0.015728 0.742484 0.066667
v 0.001800 0.803186 0.066667
v 0.006338 0.858579 0.066667
v 0.061268 0.923366 0.066667
v 0.148279 0.971405 0.066667
v 0.286620 0.992647 0.066667
v 0.390376 0.961111 0.066667
v 0.475822 0.901634 0.066667
v 0.491784 0.852941 0.066667
v 0.524648 0.765931 0.066667
v 0.652817 0.514216 0.066667
v 0.762207 0.318873 0.066667
v 0.849687 0.189297 0.066667
v 0.926761 0.107067 0.066667
v 1.000000 0.042279 0.066667
v 0.707747 0.000000 0.022222
v 0.416823 0.087091 0.022222
v 0.205869 0.187908 0.022222
v 0.211972 0.325980 0.022222
v 0.225743 0.440605 0.022222
v 0.246088 0.535131 0.022222
v 0.325587 0.611642 0.022222
v 0.416667 0.681413 0.022222
v 0.477700 0.721773 0.022222
v 0.540845 0.758824 0.022222
v 0.607981 0.789624 0.022222
v 0.683881 0.809967 0.022222
v 0.765258 0.823775 0.022222
v 0.843036 0.823489 0.022222
v 0.914398 0.814828 0.022222
v 0.953052 0.770221 0.022222
v 0.973631 0.717525 0.022222
v 0.969562 0.653799 0.022222
v 0.950000 0.592279 0.022222
v 0.923552 0.531740 0.022222
v 0.844288 0.488562 0.022222
v 0.762911 0.450980 0.022222
v 0.681534 0.429739 0.022222
v 0.603208 0.423897 0.022222
v 0.527934 0.433456 0.022222
v 0.462050 0.446283 0.022222
v 0.397809 0.461234 0.022222
v 0.304225 0.504779 0.022222
v 0.221909 0.544730 0.022222
v 0.164945 0.576593 0.022222
v 0.095070 0.645833 0.022222
v 0.015728 0.742484 0.022222
v 0.001800 0.803186 0.022222
v 0.006338 0.858579 0.022222
v 0.061268 0.923366 0.022222
v 0.148279 0.971405 0.022222
v 0.286620 0.992647 0.022222
v 0.390376 0.961111 0.022222
v 0.475822 0.901634 0.022222
v 0.491784 0.852941 0.022222
v 0.524648 0.765931 0.022222
v 0.652817 0.514216 0.022222
v 0.762207 0.318873 0.022222
v 0.849687 0.189297 0.022222
v 0.926761 0.107067 0.022222
v 1.000000 0.042279 0.022222
v 0.707747 0.000000 -0.022222
v 0.416823 0.087091 -0.022222
v 0.205869 0.187908 -0.022222
v 0.211972 0.325980 -0.022222
v 0.225743 0.440605 -0.022222
v 0.246088 0.535131 -0.022222
v 0.325587 0.611642 -0.022222
v 0.416667 0.681413 -0.022222
v 0.477700 0.721773 -0.022222
v 0.540845 0.758824 -0.022222
v 0.607981 0.789624 -0.022222
v 0.683881 0.809967 -0.022222
v 0.765258 0.823775 -0.022222
v 0.843036 0.823489 -0.022222
v 0.914398 0.814828 -0.022222
v 0.953052 0.770221 -0.022222
v 0.973631 0.717525 -0.022222
v 0.969562 0.653799 -0.022222
v 0.950000 0.592279 -0.022222
v 0.923552 0.531740 -0.022222
v 0.844288 0.488562 -0.022222
v 0.762911 0.450980 -0.022222
v 0.681534 0.429739 -0.022222
v 0.603208 0.423897 -0.022222
v 0.527934 0.433456 -0.022222
v 0.462050 0.446283 -0.022222
v 0.397809 0.461234 -0.022222
v 0.304225 0.504779 -0.022222
v 0.221909 0.544730 -0.022222
v 0.164945 0.576593 -0.022222
v 0.095070 0.645833 -0.022222
v 0.015728 0.742484 -0.022222
v 0.001800 0.803186 -0.022222
v 0.006338 0.858579 -0.022222
v 0.061268 0.923366 -0.022222
v 0.148279 0.971405 -0.022222
v 0.286620 0.992647 -0.022222
v 0.390376 0.961111 -0.022222
v 0.475822 0.901634 -0.022222
v 0.491784 0.852941 -0.022222
v 0.524648 0.765931 -0.022222
v 0.652817 0.514216 -0.022222
v 0.762207 0.318873 -0.022222
v 0.849687 0.189297 -0.022222
v 0.926761 0.107067 -0.022222
v 1.000000 0.042279 -0.022222
v 0.707747 0.000000 -0.066667
v 0.416823 0.087091 -0.066667
v 0.205869 0.187908 -0.066667
v 0.211972 0.325980 -0.066667
v 0.225743 0.440605 -0.066667
v 0.246088 0.535131 -0.066667
v 0.325587 0.611642 -0.066667
v 0.416667 0.681413 -0.066667
v 0.477700 0.721773 -0.066667
v 0.540845 0.758824 -0.066667
v 0.607981 0.789624 -0.066667
v 0.683881 0.809967 -0.066667
v 0.765258 0.823775 -0.066667
v 0.843036 0.823489 -0.066667
v 0.914398 0.814828 -0.066667
v 0.953052 0.770221 -0.066667
v 0.973631 0.717525 -0.066667
v 0.969562 0.653799 -0.066667
v 0.950000 0.592279 -0.066667
v 0.923552 0.531740 -0.066667
v 0.844288 0.488562 -0.066667
v 0.762911 0.450980 -0.066667
v 0.681534 0.429739 -0.066667
v 0.603208 0.423897 -0.066667
v 0.527934 0.433456 -0.066667
v 0.462050 0.446283 -0.066667
v 0.397809 0.461234 -0.066667
v 0.304225 0.504779 -0.066667
v 0.221909 0.544730 -0.066667
v 0.164945 0.576593 -0.066667
v 0.095070 0.645833 -0.066667
v 0.015728 0.742484 -0.066667
v 0.001800 0.803186 -0.066667
v 0.006338 0.858579 -0.066667
v 0.061268 0.923366 -0.066667
v 0.148279 0.971405 -0.066667
v 0.286620 0.992647 -0.066667
v 0.390376 0.961111 -0.066667
v 0.475822 0.901634 -0.066667
v 0.491784 0.852941 -0.066667
v 0.524648 0.765931 -0.066667
v 0.652817 0.514216 -0.066667
v 0.762207 0.318873 -0.066667
v 0.849687 0.189297 -0.066667
v 0.926761 0.107067 -0.066667
v 1.000000 0.042279 -0.066667
v 0.707747 0.000000 -0.111111
v 0.416823 0.087091 -0.111111
v 0.205869 0.187908 -0.111111
v 0.211972 0.325980 -0.111111
v 0.225743 0.440605 -0.111111
v 0.246088 0.535131 -0.111111
v 0.325587 0.611642 -0.111111
v 0.416667 0.681413 -0.111111
v 0.477700 0.721773 -0.111111
v 0.540845 0.758824 -0.111111
v 0.607981 0.789624 -0.111111
v 0.683881 0.809967 -0.111111
v 0.765258 0.823775 -0.111111
v 0.843036 0.823489 -0.111111
v 0.914398 0.814828 -0.111111
v 0.953052 0.770221 -0.111111
v 0.973631 0.717525 -0.111111
v 0.969562 0.653799 -0.111111
v 0.950000 0.592279 -0.111111
v 0.923552 0.531740 -0.111111
v 0.844288 0.488562 -0.111111
v 0.762911 0.450980 -0.111111
v 0.681534 0.429739 -0.111111
v 0.603208 0.423897 -0.111111
v 0.527934 0.433456 -0.111111
v 0.462050 0.446283 -0.111111
v 0.397809 0.461234 -0.111111
v 0.304225 0.504779 -0.111111
v 0.221909 0.544730 -0.111111
v 0.164945 0.576593 -0.111111
v 0.095070 0.645833 -0.111111
v 0.015728 0.742484 -0.111111
v 0.001800 0.803186 -0.111111
v 0.006338 0.858579 -0.111111
v 0.061268 0.923366 -0.111111
v 0.148279 0.971405 -0.111111
v 0.286620 0.992647 -0.111111
v 0.390376 0.961111 -0.111111
v 0.475822 0.901634 -0.111111
v 0.491784 0.852941 -0.111111
v 0.524648 0.765931 -0.111111
v 0.652817 0.514216 -0.111111
v 0.762207 0.318873 -0.111111
v 0.849687 0.189297 -0.111111
v 0.926761 0.107067 -0.111111
v 1.000000 0.042279 -0.111111
v 0.707747 0.000000 -0.155556
v 0.416823 0.087091 -0.155556
v 0.205869 0.187908 -0.155556
v 0.211972 0.325980 -0.155556
v 0.225743 0.440605 -0.155556
v 0.246088 0.535131 -0.155556
v 0.325587 0.611642 -0.155556
v 0.416667 0.681413 -0.155556
v 0.477700 0.721773 -0.155556
v 0.540845 0.758824 -0.155556
v 0.607981 0.789624 -0.155556
v 0.683881 0.809967 -0.155556
v 0.765258 0.823775 -0.155556
v 0.843036 0.823489 -0.155556
v 0.914398 0.814828 -0.155556
v 0.953052 0.770221 -0.155556
v 0.973631 0.717525 -0.155556
v 0.969562 0.653799 -0.155556
v 0.950000 0.592279 -0.155556
v 0.923552 0.531740 -0.155556
v 0.844288 0.488562 -0.155556
v 0.762911 0.450980 -0.155556
v 0.681534 0.429739 -0.155556
v 0.603208 0.423897 -0.155556
v 0.527934 0.433456 -0.155556
v 0.462050 0.446283 -0.155556
v 0.397809 0.461234 -0.155556
v 0.304225 0.504779 -0.155556
v 0.221909 0.544730 -0.155556
v 0.164945 0.576593 -0.155556
v 0.095070 0.645833 -0.155556
v 0.015728 0.742484 -0.155556
v 0.001800 0.803186 -0.155556
v 0.006338 0.858579 -0.155556
v 0.061268 0.923366 -0.155556
v 0.148279 0.971405 -0.155556
v 0.286620 0.992647 -0.155556
v 0.390376 0.961111 -0.155556
v 0.475822 0.901634 -0.155556
v 0.491784 0.852941 -0.155556
v 0.524648 0.765931 -0.155556
v 0.652817 0.514216 -0.155556
v 0.762207 0.318873 -0.155556
v 0.849687 0.189297 -0.155556
v 0.926761 0.107067 -0.155556
v 1.000000 0.042279 -0.155556
v 0.707747 0.000000 -0.200000
v 0.416823 0.087091 -0.200000
v 0.205869 0.187908 -0.200000
v 0.211972 0.325980 -0.200000
v 0.225743 0.440605 -0.200000
v 0.246088 0.535131 -0.200000
v 0.325587 0.611642 -0.200000
v 0.416667 0.681413 -0.200000
v 0.477700 0.721773 -0.200000
v 0.540845 0.758824 -0.200000
v 0.607981 0.789624 -0.200000
v 0.683881 0.809967 -0.200000
v 0.765258 0.823775 -0.200000
v 0.843036 0.823489 -0.200000
v 0.914398 0.814828 -0.200000
v 0.953052 0.770221 -0.200000
v 0.973631 0.717525 -0.200000
v 0.969562 0.653799 -0.200000
v 0.950000 0.592279 -0.200000
v 0.923552 0.531740 -0.200000
v 0.844288 0.488562 -0.200000
v 0.762911 0.450980 -0.200000
v 0.681534 0.429739 -0.200000
v 0.603208 0.423897 -0.200000
v 0.527934 0.433456 -0.200000
v 0.462050 0.446283 -0.200000
v 0.397809 0.461234 -0.200000
v 0.304225 0.504779 -0.200000
v 0.221909 0.544730 -0.200000
v 0.164945 0.576593 -0.200000
v 0.095070 0.645833 -0.200000
v 0.015728 0.742484 -0.200000
v 0.001800 0.803186 -0.200000
v 0.006338 0.858579 -0.200000
v 0.061268 0.923366 -0.200000
v 0.148279 0.971405 -0.200000
v 0.286620 0.992647 -0.200000
v 0.390376 0.961111 -0.200000
v 0.475822 0.901634 -0.200000
v 0.491784 0.852941 -0.200000
v 0.524648 0.765931 -0.200000
v 0.652817 0.514216 -0.200000
v 0.762207 0.318873 -0.200000
v 0.849687 0.189297 -0.200000
v 0.926761 0.107067 -0.200000
v 1.000000 0.042279 -0.200000
v 0.707747 0.000000 -0.244444
v 0.416823 0.087091 -0.244444
v 0.205869 0.187908 -0.244444
v 0.211972 0.325980 -0.244444
v 0.225743 0.440605 -0.244444
v 0.246088 0.535131 -0.244444
v 0.325587 0.611642 -0.244444
v 0.416667 0.681413 -0.244444
v 0.477700 0.721773 -0.244444
v 0.540845 0.758824 -0.244444
v 0.607981 0.789624 -0.244444
v 0.683881 0.809967 -0.244444
v 0.765258 0.823775 -0.244444
v 0.843036 0.823489 -0.244444
v 0.914398 0.814828 -0.244444
v 0.953052 0.770221 -0.244444
v 0.973631 0.717525 -0.244444
v 0.969562 0.653799 -0.244444
v 0.950000 0.592279 -0.244444
v 0.923552 0.531740 -0.244444
v 0.844288 0.488562 -0.244444
v 0.762911 0.450980 -0.244444
v 0.681534 0.429739 -0.244444
v 0.603208 0.423897 -0.244444
v 0.527934 0.433456 -0.244444
v 0.462050 0.446283 -0.244444
v 0.397809 0.461234 -0.244444
v 0.304225 0.504779 -0.244444
v 0.221909 0.544730 -0.244444
v 0.164945 0.576593 -0.244444
v 0.095070 0.645833 -0.244444
v 0.015728 0.742484 -0.244444
v 0.001800 0.803186 -0.244444
v 0.006338 0.858579 -0.244444
v 0.061268 0.923366 -0.244444
v 0.148279 0.971405 -0.244444
v 0.286620 0.992647 -0.244444
v 0.390376 0.961111 -0.244444
v 0.475822 0.901634 -0.244444
v 0.491784 0.852941 -0.244444
v 0.524648 0.765931 -0.244444
v 0.652817 0.514216 -0.244444
v 0.762207 0.318873 -0.244444
v 0.849687 0.189297 -0.244444
v 0.926761 0.107067 -0.244444
v 1.000000 0.042279 -0.244444
v 0.707747 0.000000 -0.288889
v 0.416823 0.087091 -0.288889
v 0.205869 0.187908 -0.288889
v 0.211972 0.325980 -0.288889
v 0.225743 0.440605 -0.288889
v 0.246088 0.535131 -0.288889
v 0.325587 0.611642 -0.288889
v 0.416667 0.681413 -0.288889
v 0.477700 0.721773 -0.288889
v 0.540845 0.758824 -0.288889
v 0.607981 0.789624 -0.288889
v 0.683881 0.809967 -0.288889
v 0.765258 0.823775 -0.288889
v 0.843036 0.823489 -0.288889
v 0.914398 0.814828 -0.288889
v 0.953052 0.770221 -0.288889
v 0.973631 0.717525 -0.288889
v 0.969562 0.653799 -0.288889
v 0.950000 0.592279 -0.288889
v 0.923552 0.531740 -0.288889
v 0.844288 0.488562 -0.288889
v 0.762911 0.450980 -0.288889
v 0.681534 0.429739 -0.288889
v 0.603208 0.423897 -0.288889
v 0.527934 0.433456 -0.288889
v 0.462050 0.446283 -0.288889
v 0.397809 0.461234 -0.288889
v 0.304225 0.504779 -0.288889
v 0.221909 0.544730 -0.288889
v 0.164945 0.576593 -0.288889
v 0.095070 0.645833 -0.288889
v 0.015728 0.742484 -0.288889
v 0.001800 0.803186 -0.288889
v 0.006338 0.858579 -0.288889
v 0.061268 0.923366 -0.288889
v 0.148279 0.971405 -0.288889
v 0.286620 0.992647 -0.288889
v 0.390376 0.961111 -0.288889
v 0.475822 0.901634 -0.288889
v 0.491784 0.852941 -0.288889
v 0.524648 0.765931 -0.288889
v 0.652817 0.514216 -0.288889
v 0.762207 0.318873 -0.288889
v 0.849687 0.189297 -0.288889
v 0.926761 0.107067 -0.288889
v 1.000000 0.042279 -0.288889
v 0.707747 0.000000 -0.333333
v 0.416823 0.087091 -0.333333
v 0.205869 0.187908 -0.333333
v 0.211972 0.325980 -0.333333
v 0.225743 0.440605 -0.333333
v 0.246088 0.535131 -0.333333
v 0.325587 0.611642 -0.333333
v 0.416667 0.681413 -0.333333
v 0.477700 0.721773 -0.333333
v 0.540845 0.758824 -0.333333
v 0.607981 0.789624 -0.333333
v 0.683881 0.809967 -0.333333
v 0.765258 0.823775 -0.333333
v 0.843036 0.823489 -0.333333
v 0.914398 0.814828 -0.333333
v 0.953052 0.770221 -0.333333
v 0.973631 0.717525 -0.333333
v 0.969562 0.653799 -0.333333
v 0.950000 0.592279 -0.333333
v 0.923552 0.531740 -0.333333
v 0.844288 0.488562 -0.333333
v 0.762911 0.450980 -0.333333
v 0.681534 0.429739 -0.333333
v 0.603208 0.423897 -0.333333
v 0.527934 0.433456 -0.333333
v 0.462050 0.446283 -0.333333
v 0.397809 0.461234 -0.333333
v 0.304225 0.504779 -0.333333
v 0.221909 0.544730 -0.333333
v 0.164945 0.576593 -0.333333
v 0.095070 0.645833 -0.333333
v 0.015728 0.742484 -0.333333
v 0.001800 0.803186 -0.333333
v 0.006338 0.858579 -0.333333
v 0.061268 0.923366 -0.333333
v 0.148279 0.971405 -0.333333
v 0.286620 0.992647 -0.333333
v 0.390376 0.961111 -0.333333
v 0.475822 0.901634 -0.333333
v 0.491784 0.852941 -0.333333
v 0.524648 0.765931 -0.333333
v 0.652817 0.514216 -0.333333
v 0.762207 0.318873 -0.333333
v 0.849687 0.189297 -0.333333
v 0.926761 0.107067 -0.333333
v 1.000000 0.042279 -0.333333
v 0.707747 0.000000 -0.377778
v 0.416823 0.087091 -0.377778
v 0.205869 0.187908 -0.377778
v 0.211972 0.325980 -0.377778
v 0.225743 0.440605 -0.377778
v 0.246088 0.535131 -0.377778
v 0.325587 0.611642 -0.377778
v 0.416667 0.681413 -0.377778
v 0.477700 0.721773 -0.377778
v 0.540845 0.758824 -0.377778
v 0.607981 0.789624 -0.377778
v 0.683881 0.809967 -0.377778
v 0.765258 0.823775 -0.377778
v 0.843036 0.823489 -0.377778
v 0.914398 0.814828 -0.377778
v 0.953052 0.770221 -0.377778
v 0.973631 0.717525 -0.377778
v 0.969562 0.653799 -0.377778
v 0.950000 0.592279 -0.377778
v 0.923552 0.531740 -0.377778
v 0.844288 0.488562 -0.377778
v 0.762911 0.450980 -0.377778
v 0.681534 0.429739 -0.377778
v 0.603208 0.423897 -0.377778
v 0.527934 0.433456 -0.377778
v 0.462050 0.446283 -0.377778
v 0.397809 0.461234 -0.377778
v 0.304225 0.504779 -0.377778
v 0.221909 0.544730 -0.377778
v 0.164945 0.576593 -0.377778
v 0.095070 0.645833 -0.377778
v 0.015728 0.742484 -0.377778
v 0.001800 0.803186 -0.377778
v 0.006338 0.858579 -0.377778
v 0.061268 0.923366 -0.377778
v 0.148279 0.971405 -0.377778
v 0.286620 0.992647 -0.377778
v 0.390376 0.961111 -0.377778
v 0.475822 0.901634 -0.377778
v 0.491784 0.852941 -0.377778
v 0.524648 0.765931 -0.377778
v 0.652817 0.514216 -0.377778
v 0.762207 0.318873 -0.377778
v 0.849687 0.189297 -0.377778
v 0.926761 0.107067 -0.377778
v 1.000000 0.042279 -0.377778
v 0.707747 0.000000 -0.422222
v 0.416823 0.087091 -0.422222
v 0.205869 0.187908 -0.422222
v 0.211972 0.325980 -0.422222
v 0.225743 0.440605 -0.422222
v 0.246088 0.535131 -0.422222
v 0.325587 0.611642 -0.422222
v 0.416667 0.681413 -0.422222
v 0.477700 0.721773 -0.422222
v 0.540845 0.758824 -0.422222
v 0.607981 0.789624 -0.422222
v 0.683881 0.809967 -0.422222
v 0.765258 0.823775 -0.422222
v 0.843036 0.823489 -0.422222
v 0.914398 0.814828 -0.422222
v 0.953052 0.770221 -0.422222
v 0.973631 0.717525 -0.422222
v 0.969562 0.653799 -0.422222
v 0.950000 0.592279 -0.422222
v 0.923552 0.531740 -0.422222
v 0.844288 0.488562 -0.422222
v 0.762911 0.450980 -0.422222
v 0.681534 0.429739 -0.422222
v 0.603208 0.423897 -0.422222
v 0.527934 0.433456 -0.422222
v 0.462050 0.446283 -0.422222
v 0.397809 0.461234 -0.422222
v 0.304225 0.504779 -0.422222
v 0.221909 0.544730 -0.422222
v 0.164945 0.576593 -0.422222
v 0.095070 0.645833 -0.422222
v 0.015728 0.742484 -0.422222
v 0.001800 0.803186 -0.422222
v 0.006338 0.858579 -0.422222
v 0.061268 0.923366 -0.422222
v 0.148279 0.971405 -0.422222
v 0.286620 0.992647 -0.422222
v 0.390376 0.961111 -0.422222
v 0.475822 0.901634 -0.422222
v 0.491784 0.852941 -0.422222
v 0.524648 0.765931 -0.422222
v 0.652817 0.514216 -0.422222
v 0.762207 0.318873 -0.422222
v 0.849687 0.189297 -0.422222
v 0.926761 0.107067 -0.422222
v 1.000000 0.042279 -0.422222
v 0.707747 0.000000 -0.466667
v 0.416823 0.087091 -0.466667
v 0.205869 0.187908 -0.466667
v 0.211972 0.325980 -0.466667
v 0.225743 0.440605 -0.466667
v 0.246088 0.535131 -0.466667
v 0.325587 0.611642 -0.466667
v 0.416667 0.681413 -0.466667
v 0.477700 0.721773 -0.466667
v 0.540845 0.758824 -0.466667
v 0.607981 0.789624 -0.466667
v 0.683881 0.809967 -0.466667
v 0.765258 0.823775 -0.466667
v 0.843036 0.823489 -0.466667
v 0.914398 0.814828 -0.466667
v 0.953052 0.770221 -0.466667
v 0.973631 0.717525 -0.466667
v 0.969562 0.653799 -0.466667
v 0.950000 0.592279 -0.466667
v 0.923552 0.531740 -0.466667
v 0.844288 0.488562 -0.466667
v 0.762911 0.450980 -0.466667
v 0.681534 0.429739 -0.466667
v 0.603208 0.423897 -0.466667
v 0.527934 0.433456 -0.466667
v 0.462050 0.446283 -0.466667
v 0.397809 0.461234 -0.466667
v 0.304225 0.504779 -0.466667
v 0.221909 0.544730 -0.466667
v 0.164945 0.576593 -0.466667
v 0.095070 0.645833 -0.466667
v 0.015728 0.742484 -0.466667
v 0.001800 0.803186 -0.466667
v 0.006338 0.858579 -0.466667
v 0.061268 0.923366 -0.466667
v 0.148279 0.971405 -0.466667
v 0.286620 0.992647 -0.466667
v 0.390376 0.961111 -0.466667
v 0.475822 0.901634 -0.466667
v 0.491784 0.852941 -0.466667
v 0.524648 0.765931 -0.466667
v 0.652817 0.514216 -0.466667
v 0.762207 0.318873 -0.466667
v 0.849687 0.189297 -0.466667
v 0.926761 0.107067 -0.466667
v 1.000000 0.042279 -0.466667
v 0.707747 0.000000 -0.511111
v 0.416823 0.087091 -0.511111
v 0.205869 0.187908 -0.511111
v 0.211972 0.325980 -0.511111
v 0.225743 0.440605 -0.511111
v 0.246088 0.535131 -0.511111
v 0.325587 0.611642 -0.511111
v 0.416667 0.681413 -0.511111
v 0.477700 0.721773 -0.511111
v 0.540845 0.758824 -0.511111
v 0.607981 0.789624 -0.511111
v 0.683881 0.809967 -0.511111
v 0.765258 0.823775 -0.511111
v 0.843036 0.823489 -0.511111
v 0.914398 0.814828 -0.511111
v 0.953052 0.770221 -0.511111
v 0.973631 0.717525 -0.511111
v 0.969562 0.653799 -0.511111
v 0.950000 0.592279 -0.511111
v 0.923552 0.531740 -0.511111
v 0.844288 0.488562 -0.511111
v 0.762911 0.450980 -0.511111
v 0.681534 0.429739 -0.511111
v 0.603208 0.423897 -0.511111
v 0.527934 0.433456 -0.511111
v 0.462050 0.446283 -0.511111
v 0.397809 0.461234 -0.511111
v 0.304225 0.504779 -0.511111
v 0.221909 0.544730 -0.511111
v 0.164945 0.576593 -0.511111
v 0.095070 0.645833 -0.511111
v 0.015728 0.742484 -0.511111
v 0.001800 0.803186 -0.511111
v 0.006338 0.858579 -0.511111
v 0.061268 0.923366 -0.511111
v 0.148279 0.971405 -0.511111
v 0.286620 0.992647 -0.511111
v 0.390376 0.961111 -0.511111
v 0.475822 0.901634 -0.511111
v 0.491784 0.852941 -0.511111
v 0.524648 0.765931 -0.511111
v 0.652817 0.514216 -0.511111
v 0.762207 0.318873 -0.511111
v 0.849687 0.189297 -0.511111
v 0.926761 0.107067 -0.511111
v 1.000000 0.042279 -0.511111
v 0.707747 0.000000 -0.555556
v 0.416823 0.087091 -0.555556
v 0.205869 0.187908 -0.555556
v 0.211972 0.325980 -0.555556
v 0.225743 0.440605 -0.555556
v 0.246088 0.535131 -0.555556
v 0.325587 0.611642 -0.555556
v 0.416667 0.681413 -0.555556
v 0.477700 0.721773 -0.555556
v 0.540845 0.758824 -0.555556
v 0.607981 0.789624 -0.555556
v 0.683881 0.809967 -0.555556
v 0.765258 0.823775 -0.555556
v 0.843036 0.823489 -0.555556
v 0.914398 0.814828 -0.555556
v 0.953052 0.770221 -0.555556
v 0.973631 0.717525 -0.555556
v 0.969562 0.653799 -0.555556
v 0.950000 0.592279 -0.555556
v 0.923552 0.531740 -0.555556
v 0.844288 0.488562 -0.555556
v 0.762911 0.450980 -0.555556
v 0.681534 0.429739 -0.555556
v 0.603208 0.423897 -0.555556
v 0.527934 0.433456 -0.555556
v 0.462050 0.446283 -0.555556
v 0.397809 0.461234 -0.555556
v 0.304225 0.504779 -0.555556
v 0.221909 0.544730 -0.555556
v 0.164945 0.576593 -0.555556
v 0.095070 0.645833 -0.555556
v 0.015728 0.742484 -0.555556
v 0.001800 0.803186 -0.555556
v 0.006338 0.858579 -0.555556
v 0.061268 0.923366 -0.555556
v 0.148279 0.971405 -0.555556
v 0.286620 0.992647 -0.555556
v 0.390376 0.961111 -0.555556
v 0.475822 0.901634 -0.555556
v 0.491784 0.852941 -0.555556
v 0.524648 0.765931 -0.555556
v 0.652817 0.514216 -0.555556
v 0.762207 0.318873 -0.555556
v 0.849687 0.189297 -0.555556
v 0.926761 0.107067 -0.555556
v 1.000000 0.042279 -0.555556
v 0.707747 0.000000 -0.600000
v 0.416823 0.087091 -0.600000
v 0.205869 0.187908 -0.600000
v 0.211972 0.325980 -0.600000
v 0.225743 0.440605 -0.600000
v 0.246088 0.535131 -0.600000
v 0.325587 0.611642 -0.600000
v 0.416667 0.681413 -0.600000
v 0.477700 0.721773 -0.600000
v 0.540845 0.758824 -0.600000
v 0.607981 0.789624 -0.600000
v 0.683881 0.809967 -0.600000
v 0.765258 0.823775 -0.600000
v 0.843036 0.823489 -0.600000
v 0.914398 0.814828 -0.600000
v 0.953052 0.770221 -0.600000
v 0.973631 0.717525 -0.600000
v 0.969562 0.653799 -0.600000
v 0.950000 0.592279 -0.600000
v 0.923552 0.531740 -0.600000
v 0.844288 0.488562 -0.600000
v 0.762911 0.450980 -0.600000
v 0.681534 0.429739 -0.600000
v 0.603208 0.423897 -0.600000
v 0.527934 0.433456 -0.600000
v 0.462050 0.446283 -0.600000
v 0.397809 0.461234 -0.600000
v 0.304225 0.504779 -0.600000
v 0.221909 0.544730 -0.600000
v 0.164945 0.576593 -0.600000
v 0.095070 0.645833 -0.600000
v 0.015728 0.742484 -0.600000
v 0.001800 0.803186 -0.600000
v 0.006338 0.858579 -0.600000
v 0.061268 0.923366 -0.600000
v 0.148279 0.971405 -0.600000
v 0.286620 0.992647 -0.600000
v 0.390376 0.961111 -0.600000
v 0.475822 0.901634 -0.600000
v 0.491784 0.852941 -0.600000
v 0.524648 0.765931 -0.600000
v 0.652817 0.514216 -0.600000
v 0.762207 0.318873 -0.600000
v 0.849687 0.189297 -0.600000
v 0.926761 0.107067 -0.600000
v 1.000000 0.042279 -0.600000
v 0.707747 0.000000 -0.644444
v 0.416823 0.087091 -0.644444
v 0.205869 0.187908 -0.644444
v 0.211972 0.325980 -0.644444
v 0.225743 0.440605 -0.644444
v 0.246088 0.535131 -0.644444
v 0.325587 0.611642 -0.644444
v 0.416667 0.681413 -0.644444
v 0.477700 0.721773 -0.644444
v 0.540845 0.758824 -0.644444
v 0.607981 0.789624 -0.644444
v 0.683881 0.809967 -0.644444
v 0.765258 0.823775 -0.644444
v 0.843036 0.823489 -0.644444
v 0.914398 0.814828 -0.644444
v 0.953052 0.770221 -0.644444
v 0.973631 0.717525 -0.644444
v 0.969562 0.653799 -0.644444
v 0.950000 0.592279 -0.644444
v 0.923552 0.531740 -0.644444
v 0.844288 0.488562 -0.644444
v 0.762911 0.450980 -0.644444
v 0.681534 0.429739 -0.644444
v 0.603208 0.423897 -0.644444
v 0.527934 0.433456 -0.644444
v 0.462050 0.446283 -0.644444
v 0.397809 0.461234 -0.644444
v 0.304225 0.504779 -0.644444
v 0.221909 0.544730 -0.644444
v 0.164945 0.576593 -0.644444
v 0.095070 0.645833 -0.644444
v 0.015728 0.742484 -0.644444
v 0.001800 0.803186 -0.644444
v 0.006338 0.858579 -0.644444
v 0.061268 0.923366 -0.644444
v 0.148279 0.971405 -0.644444
v 0.286620 0.992647 -0.644444
v 0.390376 0.961111 -0.644444
v 0.475822 0.901634 -0.644444
v 0.491784 0.852941 -0.644444
v 0.524648 0.765931 -0.644444
v 0.652817 0.514216 -0.644444
v 0.762207 0.318873 -0.644444
v 0.849687 0.189297 -0.644444
v 0.926761 0.107067 -0.644444
v 1.000000 0.042279 -0.644444
v 0.707747 0.000000 -0.688889
v 0.416823 0.087091 -0.688889
v 0.205869 0.187908 -0.688889
v 0.211972 0.325980 -0.688889
v 0.225743 0.440605 -0.688889
v 0.246088 0.535131 -0.688889
v 0.325587 0.611642 -0.688889
v 0.416667 0.681413 -0.688889
v 0.477700 0.721773 -0.688889
v 0.540845 0.758824 -0.688889
v 0.607981 0.789624 -0.688889
v 0.683881 0.809967 -0.688889
v 0.765258 0.823775 -0.688889
v 0.843036 0.823489 -0.688889
v 0.914398 0.814828 -0.688889
v 0.953052 0.770221 -0.688889
v 0.973631 0.717525 -0.688889
v 0.969562 0.653799 -0.688889
v 0.950000 0.592279 -0.688889
v 0.923552 0.531740 -0.688889
v 0.844288 0.488562 -0.688889
v 0.762911 0.450980 -0.688889
v 0.681534 0.429739 -0.688889
v 0.603208 0.423897 -0.688889
v 0.527934 0.433456 -0.688889
v 0.462050 0.446283 -0.688889
v 0.397809 0.461234 -0.688889
v 0.304225 0.504779 -0.688889
v 0.221909 0.544730 -0.688889
v 0.164945 0.576593 -0.688889
v 0.095070 0.645833 -0.688889
v 0.015728 0.742484 -0.688889
v 0.001800 0.803186 -0.688889
v 0.006338 0.858579 -0.688889
v 0.061268 0.923366 -0.688889
v 0.148279 0.971405 -0.688889
v 0.286620 0.992647 -0.688889
v 0.390376 0.961111 -0.688889
v 0.475822 0.901634 -0.688889
v 0.491784 0.852941 -0.688889
v 0.524648 0.765931 -0.688889
v 0.652817 0.514216 -0.688889
v 0.762207 0.318873 -0.688889
v 0.849687 0.189297 -0.688889
v 0.926761 0.107067 -0.688889
v 1.000000 0.042279 -0.688889
v 0.707747 0.000000 -0.733333
v 0.416823 0.087091 -0.733333
v 0.205869 0.187908 -0.733333
v 0.211972 0.325980 -0.733333
v 0.225743 0.440605 -0.733333
v 0.246088 0.535131 -0.733333
v 0.325587 0.611642 -0.733333
v 0.416667 0.681413 -0.733333
v 0.477700 0.721773 -0.733333
v 0.540845 0.758824 -0.733333
v 0.607981 0.789624 -0.733333
v 0.683881 0.809967 -0.733333
v 0.765258 0.823775 -0.733333
v 0.843036 0.823489 -0.733333
v 0.914398 0.814828 -0.733333
v 0.953052 0.770221 -0.733333
v 0.973631 0.717525 -0.733333
v 0.969562 0.653799 -0.733333
v 0.950000 0.592279 -0.733333
v 0.923552 0.531740 -0.733333
v 0.844288 0.488562 -0.733333
v 0.762911 0.450980 -0.733333
v 0.681534 0.429739 -0.733333
v 0.603208 0.423897 -0.733333
v 0.527934 0.433456 -0.733333
v 0.462050 0.446283 -0.733333
v 0.397809 0.461234 -0.733333
v 0.304225 0.504779 -0.733333
v 0.221909 0.544730 -0.733333
v 0.164945 0.576593 -0.733333
v 0.095070 0.645833 -0.733333
v 0.015728 0.742484 -0.733333
v 0.001800 0.803186 -0.733333
v 0.006338 0.858579 -0.733333
v 0.061268 0.923366 -0.733333
v 0.148279 0.971405 -0.733333
v 0.286620 0.992647 -0.733333
v 0.390376 0.961111 -0.733333
v 0.475822 0.901634 -0.733333
v 0.491784 0.852941 -0.733333
v 0.524648 0.765931 -0.733333
v 0.652817 0.514216 -0.733333
v 0.762207 0.318873 -0.733333
v 0.849687 0.189297 -0.733333
v 0.926761 0.107067 -0.733333
v 1.000000 0.042279 -0.733333
v 0.707747 0.000000 -0.777778
v 0.416823 0.087091 -0.777778
v 0.205869 0.187908 -0.777778
v 0.211972 0.325980 -0.777778
v 0.225743 0.440605 -0.777778
v 0.246088 0.535131 -0.777778
v 0.325587 0.611642 -0.777778
v 0.416667 0.681413 -0.777778
v 0.477700 0.721773 -0.777778
v 0.540845 0.758824 -0.777778
v 0.607981 0.789624 -0.777778
v 0.683881 0.809967 -0.777778
v 0.765258 0.823775 -0.777778
v 0.843036 0.823489 -0.777778
v 0.914398 0.814828 -0.777778
v 0.953052 0.770221 -0.777778
v 0.973631 0.717525 -0.777778
v 0.969562 0.653799 -0.777778
v 0.950000 0.592279 -0.777778
v 0.923552 0.531740 -0.777778
v 0.844288 0.488562 -0.777778
v 0.762911 0.450980 -0.777778
v 0.681534 0.429739 -0.777778
v 0.603208 0.423897 -0.777778
v 0.527934 0.433456 -0.777778
v 0.462050 0.446283 -0.777778
v 0.397809 0.461234 -0.777778
v 0.304225 0.504779 -0.777778
v 0.221909 0.544730 -0.777778
v 0.164945 0.576593 -0.777778
v 0.095070 0.645833 -0.777778
v 0.015728 0.742484 -0.777778
v 0.001800 0.803186 -0.777778
v 0.006338 0.858579 -0.777778
v 0.061268 0.923366 -0.777778
v 0.148279 0.971405 -0.777778
v 0.286620 0.992647 -0.777778
v 0.390376 0.961111 -0.777778
v 0.475822 0.901634 -0.777778
v 0.491784 0.852941 -0.777778
v 0.524648 0.765931 -0.777778
v 0.652817 0.514216 -0.777778
v 0.762207 0.318873 -0.777778
v 0.849687 0.189297 -0.777778
v 0.926761 0.107067 -0.777778
v 1.000000 0.042279 -0.777778
v 0.707747 0.000000 -0.822222
v 0.416823 0.087091 -0.822222
v 0.205869 0.187908 -0.822222
v 0.211972 0.325980 -0.822222
v 0.225743 0.440605 -0.822222
v 0.246088 0.535131 -0.822222
v 0.325587 0.611642 -0.822222
v 0.416667 0.681413 -0.822222
v 0.477700 0.721773 -0.822222
v 0.540845 0.758824 -0.822222
v 0.607981 0.789624 -0.822222
v 0.683881 0.809967 -0.822222
v 0.765258 0.823775 -0.822222
v 0.843036 0.823489 -0.822222
v 0.914398 0.814828 -0.822222
v 0.953052 0.770221 -0.822222
v 0.973631 0.717525 -0.822222
v 0.969562 0.653799 -0.822222
v 0.950000 0.592279 -0.822222
v 0.923552 0.531740 -0.822222
v 0.844288 0.488562 -0.822222
v 0.762911 0.450980 -0.822222
v 0.681534 0.429739 -0.822222
v 0.603208 0.423897 -0.822222
v 0.527934 0.433456 -0.822222
v 0.462050 0.446283 -0.822222
v 0.397809 0.461234 -0.822222
v 0.304225 0.504779 -0.822222
v 0.221909 0.544730 -0.822222
v 0.164945 0.576593 -0.822222
v 0.095070 0.645833 -0.822222
v 0.015728 0.742484 -0.822222
v 0.001800 0.803186 -0.822222
v 0.006338 0.858579 -0.822222
v 0.061268 0.923366 -0.822222
v 0.148279 0.971405 -0.822222
v 0.286620 0.992647 -0.822222
v 0.390376 0.961111 -0.822222
v 0.475822 0.901634 -0.822222
v 0.491784 0.852941 -0.822222
v 0.524648 0.765931 -0.822222
v 0.652817 0.514216 -0.822222
v 0.762207 0.318873 -0.822222
v 0.849687 0.189297 -0.822222
v 0.926761 0.107067 -0.822222
v 1.000000 0.042279 -0.822222
v 0.707747 0.000000 -0.866667
v 0.416823 0.087091 -0.866667
v 0.205869 0.187908 -0.866667
v 0.211972 0.325980 -0.866667
v 0.225743 0.440605 -0.866667
v 0.246088 0.535131 -0.866667
v 0.325587 0.611642 -0.866667
v 0.416667 0.681413 -0.866667
v 0.477700 0.721773 -0.866667
v 0.540845 0.758824 -0.866667
v 0.607981 0.789624 -0.866667
v 0.683881 0.809967 -0.866667
v 0.765258 0.823775 -0.866667
v 0.843036 0.823489 -0.866667
v 0.914398 0.814828 -0.866667
v 0.953052 0.770221 -0.866667
v 0.973631 0.717525 -0.866667
v 0.969562 0.653799 -0.866667
v 0.950000 0.592279 -0.866667
v 0.923552 0.531740 -0.866667
v 0.844288 0.488562 -0.866667
v 0.762911 0.450980 -0.866667
v 0.681534 0.429739 -0.866667
v 0.603208 0.423897 -0.866667
v 0.527934 0.433456 -0.866667
v 0.462050 0.446283 -0.866667
v 0.397809 0.461234 -0.866667
v 0.304225 0.504779 -0.866667
v 0.221909 0.544730 -0.866667
v 0.164945 0.576593 -0.866667
v 0.095070 0.645833 -0.866667
v 0.015728 0.742484 -0.866667
v 0.001800 0.803186 -0.866667
v 0.006338 0.858579 -0.866667
v 0.061268 0.923366 -0.866667
v 0.148279 0.971405 -0.866667
v 0.286620 0.992647 -0.866667
v 0.390376 0.961111 -0.866667
v 0.475822 0.901634 -0.866667
v 0.491784 0.852941 -0.866667
v 0.524648 0.765931 -0.866667
v 0.652817 0.514216 -0.866667
v 0.762207 0.318873 -0.866667
v 0.849687 0.189297 -0.866667
v 0.926761 0.107067 -0.866667
v 1.000000 0.042279 -0.866667
v 0.707747 0.000000 -0.911111
v 0.416823 0.087091 -0.911111
v 0.205869 0.187908 -0.911111
v 0.211972 0.325980 -0.911111
v 0.225743 0.440605 -0.911111
v 0.246088 0.535131 -0.911111
v 0.325587 0.611642 -0.911111
v 0.416667 0.681413 -0.911111
v 0.477700 0.721773 -0.911111
v 0.540845 0.758824 -0.911111
v 0.607981 0.789624 -0.911111
v 0.683881 0.809967 -0.911111
v 0.765258 0.823775 -0.911111
v 0.843036 0.823489 -0.911111
v 0.914398 0.814828 -0.911111
v 0.953052 0.770221 -0.911111
v 0.973631 0.717525 -0.911111
v 0.969562 0.653799 -0.911111
v 0.950000 0.592279 -0.911111
v 0.923552 0.531740 -0.911111
v 0.844288 0.488562 -0.911111
v 0.762911 0.450980 -0.911111
v 0.681534 0.429739 -0.911111
v 0.603208 0.423897 -0.911111
v 0.527934 0.433456 -0.911111
v 0.462050 0.446283 -0.911111
v 0.397809 0.461234 -0.911111
v 0.304225 0.504779 -0.911111
v 0.221909 0.544730 -0.911111
v 0.164945 0.576593 -0.911111
v 0.095070 0.645833 -0.911111
v 0.015728 0.742484 -0.911111
v 0.001800 0.803186 -0.911111
v 0.006338 0.858579 -0.911111
v 0.061268 0.923366 -0.911111
v 0.148279 0.971405 -0.911111
v 0.286620 0.992647 -0.911111
v 0.390376 0.961111 -0.911111
v 0.475822 0.901634 -0.911111
v 0.491784 0.852941 -0.911111
v 0.524648 0.765931 -0.911111
v 0.652817 0.514216 -0.911111
v 0.762207 0.318873 -0.911111
v 0.849687 0.189297 -0.911111
v 0.926761 0.107067 -0.911111
v 1.000000 0.042279 -0.911111
v 0.707747 0.000000 -0.955556
v 0.416823 0.087091 -0.955556
v 0.205869 0.187908 -0.955556
v 0.211972 0.325980 -0.955556
v 0.225743 0.440605 -0.955556
v 0.246088 0.535131 -0.955556
v 0.325587 0.611642 -0.955556
v 0.416667 0.681413 -0.955556
v 0.477700 0.721773 -0.955556
v 0.540845 0.758824 -0.955556
v 0.607981 0.789624 -0.955556
v 0.683881 0.809967 -0.955556
v 0.765258 0.823775 -0.955556
v 0.843036 0.823489 -0.955556
v 0.914398 0.814828 -0.955556
v 0.953052 0.770221 -0.955556
v 0.973631 0.717525 -0.955556
v 0.969562 0.653799 -0.955556
v 0.950000 0.592279 -0.955556
v 0.923552 0.531740 -0.955556
v 0.844288 0.488562 -0.955556
v 0.762911 0.450980 -0.955556
v 0.681534 0.429739 -0.955556
v 0.603208 0.423897 -0.955556
v 0.527934 0.433456 -0.955556
v 0.462050 0.446283 -0.955556
v 0.397809 0.461234 -0.955556
v 0.304225 0.504779 -0.955556
v 0.221909 0.544730 -0.955556
v 0.164945 0.576593 -0.955556
v 0.095070 0.645833 -0.955556
v 0.015728 0.742484 -0.955556
v 0.001800 0.803186 -0.955556
v 0.006338 0.858579 -0.955556
v 0.061268 0.923366 -0.955556
v 0.148279 0.971405 -0.955556
v 0.286620 0.992647 -0.955556
v 0.390376 0.961111 -0.955556
v 0.475822 0.901634 -0.955556
v 0.491784 0.852941 -0.955556
v 0.524648 0.765931 -0.955556
v 0.652817 0.514216 -0.955556
v 0.762207 0.318873 -0.955556
v 0.849687 0.189297 -0.955556
v 0.926761 0.107067 -0.955556
v 1.000000 0.042279 -0.955556
v 0.707747 0.000000 -1.000000
v 0.416823 0.087091 -1.000000
v 0.205869 0.187908 -1.000000
v 0.211972 0.325980 -1.000000
v 0.225743 0.440605 -1.000000
v 0.246088 0.535131 -1.000000
v 0.325587 0.611642 -1.000000
v 0.416667 0.681413 -1.000000
v 0.477700 0.721773 -1.000000
v 0.540845 0.758824 -1.000000
v 0.607981 0.789624 -1.000000
v 0.683881 0.809967 -1.000000
v 0.765258 0.823775 -1.000000
v 0.843036 0.823489 -1.000000
v 0.914398 0.814828 -1.000000
v 0.953052 0.770221 -1.000000
v 0.973631 0.717525 -1.000000
v 0.969562 0.653799 -1.000000
v 0.950000 0.592279 -1.000000
v 0.923552 0.531740 -1.000000
v 0.844288 0.488562 -1.000000
v 0.762911 0.450980 -1.000000
v 0.681534 0.429739 -1.000000
v 0.603208 0.423897 -1.000000
v 0.527934 0.433456 -1.000000
v 0.462050 0.446283 -1.000000
v 0.397809 0.461234 -1.000000
v 0.304225 0.504779 -1.000000
v 0.221909 0.544730 -1.000000
v 0.164945 0.576593 -1.000000
v 0.095070 0.645833 -1.000000
v 0.015728 0.742484 -1.000000
v 0.001800 0.803186 -1.000000
v 0.006338 0.858579 -1.000000
v 0.061268 0.923366 -1.000000
v 0.148279 0.971405 -1.000000
v 0.286620 0.992647 -1.000000
v 0.390376 0.961111 -1.000000
v 0.475822 0.901634 -1.000000
v 0.491784 0.852941 -1.000000
v 0.524648 0.765931 -1.000000
v 0.652817 0.514216 -1.000000
v 0.762207 0.318873 -1.000000
v 0.849687 0.189297 -1.000000
v 0.926761 0.107067 -1.000000
v 1.000000 0.042279 -1.000000
vn -0.2868 -0.9580 -0.0000
vn -0.4312 -0.9023 -0.0000
vn -0.9990 0.0442 -0.0000
vn -0.9929 0.1193 -0.0000
vn -0.9776 0.2104 -0.0000
vn -0.6934 0.7205 -0.0000
vn -0.6081 0.7938 -0.0000
vn -0.5516 0.8341 -0.0000
vn -0.5061 0.8625 -0.0000
vn -0.4170 0.9089 -0.0000
vn -0.2589 0.9659 -0.0000
vn -0.1673 0.9859 -0.0000
vn 0.0037 1.0000 -0.0000
vn 0.1205 0.9927 -0.0000
vn 0.7557 0.6549 -0.0000
vn 0.9315 0.3638 -0.0000
vn 0.9980 -0.0637 -0.0000
vn 0.9530 -0.3030 -0.0000
vn 0.9164 -0.4003 -0.0000
vn 0.4784 -0.8782 -0.0000
vn 0.4193 -0.9079 -0.0000
vn 0.2526 -0.9676 -0.0000
vn 0.0744 -0.9972 -0.0000
vn -0.1260 -0.9920 -0.0000
vn -0.1911 -0.9816 -0.0000
vn -0.2267 -0.9740 -0.0000
vn -0.4219 -0.9067 -0.0000
vn -0.4366 -0.8996 -0.0000
vn -0.4882 -0.8727 -0.0000
vn -0.7039 -0.7103 -0.0000
vn -0.7729 -0.6345 -0.0000
vn -0.9747 -0.2236 -0.0000
vn -0.9967 0.0817 -0.0000
vn -0.7628 0.6467 -0.0000
vn -0.4833 0.8754 -0.0000
vn -0.1518 0.9884 -0.0000
vn 0.2908 0.9568 -0.0000
vn 0.5713 0.8207 -0.0000
vn 0.9502 0.3115 -0.0000
vn 0.9355 0.3533 -0.0000
vn 0.8911 0.4537 -0.0000
vn 0.8725 0.4886 -0.0000
vn 0.8288 0.5595 -0.0000
vn 0.7296 0.6839 -0.0000
vn 0.6626 0.7490 -0.0000
s 0
f 1//1 2//1 48//1 47//1
f 2//2 3//2 49//2 48//2
f 3//3 4//3 50//3 49//3
f 4//4 5//4 51//4 50//4
f 5//5 6//5 52//5 51//5
f 6//6 7//6 53//6 52//6
f 7//7 8//7 54//7 53//7
f 8//8 9//8 55//8 54//8
f 9//9 10//9 56//9 55//9
f 10//10 11//10 57//10 56//10
f 11//11 12//11 58//11 57//11
f 12//12 13//12 59//12 58//12
f 13//13 14//13 60//13 59//13
f 14//14 15//14 61//14 60//14
f 15//15 16//15 62//15 61//15
f 16//16 17//16 63//16 62//16
f 17//17 18//17 64//17 63//17
f 18//18 19//18 65//18 64//18
f 19//19 20//19 66//19 65//19
f 20//20 21//20 67//20 66//20
f 21//21 22//21 68//21 67//21
f 22//22 23//22 69//22 68//22
f 23//23 24//23 70//23 69//23
f 24//24 25//24 71//24 70//24
f 25//25 26//25 72//25 71//25
f 26//26 27//26 73//26 72//26
f 27//27 28//27 74//27 73//27
f 28//28 29//28 75//28 74//28
f 29//29 30//29 76//29 75//29
f 30//30 31//30 77//30 76//30
f 31//31 32//31 78//31 77//31
f 32//32 33//32 79//32 78//32
f 33//33 34//33 80//33 79//33
f 34//34 35//34 81//34 80//34
f 35//35 36//35 82//35 81//35
f 36//36 37//36 83//36 82//36
f 37//37 38//37 84//37 83//37
f 38//38 39//38 85//38 84//38
f 39//39 40//39 86//39 85//39
f 40//40 41//40 87//40 86//40
f 41//41 42//41 88//41 87//41
f 42//42 43//42 89//42 88//42
f 43//43 44//43 90//43 89//43
f 44//44 45//44 91//44 90//44
f 45//45 46//45 92//45 91//45
f 47//1 48//1 94//1 93//1
f 48//2 49//2 95//2 94//2
f 49//3 50//3 96//3 95//3
f 50//4 51//4 97//4 96//4
f 51//5 52//5 98//5 97//5
f 52//6 53//6 99//6 98//6
f 53//7 54//7 100//7 99//7
f 54//8 55//8 101//8 100//8
f 55//9 56//9 102//9 101//9
f 56//10 57//10 103//10 102//10
f 57//11 58//11 104//11 103//11
f 58//12 59//12 105//12 104//12
f 59//13 60//13 106//13 105//13
f 60//14 61//14 107//14 106//14
f 61//15 62//15 108//15 107//15
f 62//16 63//16 109//16 108//16
f 63//17 64//17 110//17 109//17
f 64//18 65//18 111//18 110//18
f 65//19 66//19 112//19 111//19
f 66//20 67//20 113//20 112//20
f 67//21 68//21 114//21 113//21
f 68//22 69//22 115//22 114//22
f 69//23 70//23 116//23 115//23
f 70//24 71//24 117//24 116//24
f 71//25 72//25 118//25 117//25
f 72//26 73//26 119//26 118//26
f 73//27 74//27 120//27 119//27
f 74//28 75//28 121//28 120//28
f 75//29 76//29 122//29 121//29
f 76//30 77//30 123//30 122//30
f 77//31 78//31 124//31 123//31
f 78//32 79//32 125//32 124//32
f 79//33 80//33 126//33 125//33
f 80//34 81//34 127//34 126//34
f 81//35 82//35 128//35 127//35
f 82//36 83//36 129//36 128//36
f 83//37 84//37 130//37 129//37
f 84//38 85//38 131//38 130//38
f 85//39 86//39 132//39 131//39
f 86//40 87//40 133//40 132//40
f 87//41 88//41 134//41 133//41
f 88//42 89//42 135//42 134//42
f 89//43 90//43 136//43 135//43
f 90//44 91//44 137//44 136//44
f 91//45 92//45 138//45 137//45
f 93//1 94//1 140//1 139//1
f 94//2 95//2 141//2 140//2
f 95//3 96//3 142//3 141//3
f 96//4 97//4 143//4 142//4
f 97//5 98//5 144//5 143//5
f 98//6 99//6 145//6 144//6
f 99//7 100//7 146//7 145//7
f 100//8 101//8 147//8 146//8
f 101//9 102//9 148//9 147//9
f 102//10 103//10 149//10 148//10
f 103//11 104//11 150//11 149//11
f 104//12 105//12 151//12 150//12
f 105//13 106//13 152//13 151//13
f 106//14 107//14 153//14 152//14
f 107//15 108//15 154//15 153//15
f 108//16 109//16 155//16 154//16
f 109//17 110//17 156//17 155//17
f 110//18 111//18 157//18 156//18
f 111//19 112//19 158//19 157//19
f 112//20 113//20 159//20 158//20
f 113//21 114//21 160//21 159//21
f 114//22 115//22 161//22 160//22
f 115//23 116//23 162//23 161//23
f 116//24 117//24 163//24 162//24
f 117//25 118//25 164//25 163//25
f 118//26 119//26 165//26 164//26
f 119//27 120//27 166//27 165//27
f 120//28 121//28 167//28 166//28
f 121//29 122//29 168//29 167//29
f 122//30 123//30 169//30 168//30
f 123//31 124//31 170//31 169//31
f 124//32 125//32 171//32 170//32
f 125//33 126//33 172//33 171//33
f 126//34 127//34 173//34 172//34
f 127//35 128//35 174//35 173//35
f 128//36 129//36 175//36 174//36
f 129//37 130//37 176//37 175//37
f 130//38 131//38 177//38 176//38
f 131//39 132//39 178//39 177//39
f 132//40 133//40 179//40 178//40
f 133//41 134//41 180//41 179//41
f 134//42 135//42 181//42 180//42
f 135//43 136//43 182//43 181//43
f 136//44 137//44 183//44 182//44
f 137//45 138//45 184//45 183//45
f 139//1 140//1 186//1 185//1
f 140//2 141//2 187//2 186//2
f 141//3 142//3 188//3 187//3
f 142//4 143//4 189//4 188//4
f 143//5 144//5 190//5 189//5
f 144//6 145//6 191//6 190//6
f 145//7 146//7 192//7 191//7
f 146//8 147//8 193//8 192//8
f 147//9 148//9 194//9 193//9
f 148//10 149//10 195//10 194//10
f 149//11 150//11 196//11 195//11
f 150//12 151//12 197//12 196//12
f 151//13 152//13 198//13 197//13
f 152//14 153//14 199//14 198//14
f 153//15 154//15 200//15 199//15
f 154//16 155//16 201//16 200//16
f 155//17 156//17 202//17 201//17
f 156//18 157//18 203//18 202//18
f 157//19 158//19 204//19 203//19
f 158//20 159//20 205//20 204//20
f 159//21 160//21 206//21 205//21
f 160//22 161//22 207//22 206//22
f 161//23 162//23 208//23 207//23
f 162//24 163//24 209//24 208//24
f 163//25 164//25 210//25 209//25
f 164//26 165//26 211//26 210//26
f 165//27 166//27 212//27 211//27
f 166//28 167//28 213//28 212//28
f 167//29 168//29 214//29 213//29
f 168//30 169//30 215//30 214//30
f 169//31 170//31 216//31 215//31
f 170//32 171//32 217//32 216//32
f 171//33 172//33 218//33 217//33
f 172//34 173//34 219//34 218//34
f 173//35 174//35 220//35 219//35
f 174//36 175//36 221//36 220//36
f 175//37 176//37 222//37 221//37
f 176//38 177//38 223//38 222//38
f 177//39 178//39 224//39 223//39
f 178//40 179//40 225//40 224//40
f 179//41 180//41 226//41 225//41
f 180//42 181//42 227//42 226//42
f 181//43 182//43 228//43 227//43
f 182//44 183//44 229//44 228//44
f 183//45 184//45 230//45 229//45
f 185//1 186//1 232//1 231//1
f 186//2 187//2 233//2 232//2
f 187//3 188//3 234//3 233//3
f 188//4 189//4 235//4 234//4
f 189//5 190//5 236//5 235//5
f 190//6 191//6 237//6 236//6
f 191//7 192//7 238//7 237//7
f 192//8 193//8 239//8 238//8
f 193//9 194//9 240//9 239//9
f 194//10 195//10 241//10 240//10
f 195//11 196//11 242//11 241//11
f 196//12 197//12 243//12 242//12
f 197//13 198//13 244//13 243//13
f 198//14 199//14 245//14 244//14
f 199//15 200//15 246//15 245//15
f 200//16 201//16 247//16 246//16
f 201//17 202//17 248//17 247//17
f 202//18 203//18 249//18 248//18
f 203//19 204//19 250//19 249//19
f 204//20 205//20 251//20 250//20
f 205//21 206//21 252//21 251//21
f 206//22 207//22 253//22 252//22
f 207//23 208//23 254//23 253//23
f 208//24 209//24 255//24 254//24
f 209//25 210//25 256//25 255//25
f 210//26 211//26 257//26 256//26
f 211//27 212//27 258//27 257//27
f 212//28 213//28 259//28 258//28
f 213//29 214//29 260//29 259//29
f 214//30 215//30 261//30 260//30
f 215//31 216//31 262//31 261//31
f 216//32 217//32 263//32 262//32
f 217//33 218//33 264//33 263//33
f 218//34 219//34 265//34 264//34
f 219//35 220//35 266//35 265//35
f 220//36 221//36 267//36 266//36
f 221//37 222//37 268//37 267//37
f 222//38 223//38 269//38 268//38
f 223//39 224//39 270//39 269//39
f 224//40 225//40 271//40 270//40
f 225//41 226//41 272//41 271//41
f 226//42 227//42 273//42 272//42
f 227//43 228//43 274//43 273//43
f 228//44 229//44 275//44 274//44
f 229//45 230//45 276//45 275//45
f 231//1 232//1 278//1 277//1
f 232//2 233//2 279//2 278//2
f 233//3 234//3 280//3 279//3
f 234//4 235//4 281//4 280//4
f 235//5 236//5 282//5 281//5
f 236//6 237//6 283//6 282//6
f 237//7 238//7 284//7 283//7
f 238//8 239//8 285//8 284//8
f 239//9 240//9 286//9 285//9
f 240//10 241//10 287//10 286//10
f 241//11 242//11 288//11 287//11
f 242//12 243//12 289//12 288//12
f 243//13 244//13 290//13 289//13
f 244//14 245//14 291//14 290//14
f 245//15 246//15 292//15 291//15
f 246//16 247//16 293//16 292//16
f 247//17 248//17 294//17 293//17
f 248//18 249//18 295//18 294//18
f 249//19 250//19 296//19 295//19
f 250//20 251//20 297//20 296//20
f 251//21 252//21 298//21 297//21
f 252//22 253//22 299//22 298//22
f 253//23 254//23 300//23 299//23
f 254//24 255//24 301//24 300//24
f 255//25 256//25 302//25 301//25
f 256//26 257//26 303//26 302//26
f 257//27 258//27 304//27 303//27
f 258//28 259//28 305//28 304//28
f 259//29 260//29 306//29 305//29
f 260//30 261//30 307//30 306//30
f 261//31 262//31 308//31 307//31
f 262//32 263//32 309//32 308//32
f 263//33 264//33 310//33 309//33
f 264//34 265//34 311//34 310//34
f 265//35 266//35 312//35 311//35
f 266//36 267//36 313//36 312//36
f 267//37 268//37 314//37 313//37
f 268//38 269//38 315//38 314//38
f 269//39 270//39 316//39 315//39
f 270//40 271//40 317//40 316//40
f 271//41 272//41 318//41 317//41
f 272//42 273//42 319//42 318//42
f 273//43 274//43 320//43 319//43
f 274//44 275//44 321//44 320//44
f 275//45 276//45 322//45 321//45
f 277//1 278//1 324//1 323//1
f 278//2 279//2 325//2 324//2
f 279//3 280//3 326//3 325//3
f 280//4 281//4 327//4 326//4
f 281//5 282//5 328//5 327//5
f 282//6 283//6 329//6 328//6
f 283//7 284//7 330//7 329//7
f 284//8 285//8 331//8 330//8
f 285//9 286//9 332//9 331//9
f 286//10 287//10 333//10 332//10
f 287//11 288//11 334//11 333//11
f 288//12 289//12 335//12 334//12
f 289//13 290//13 336//13 335//13
f 290//14 291//14 337//14 336//14
f 291//15 292//15 338//15 337//15
f 292//16 293//16 339//16 338//16
f 293//17 294//17 340//17 339//17
f 294//18 295//18 341//18 340//18
f 295//19 296//19 342//19 341//19
f 296//20 297//20 343//20 342//20
f 297//21 298//21 344//21 343//21
f 298//22 299//22 345//22 344//22
f 299//23 300//23 346//23 345//23
f 300//24 301//24 347//24 346//24
f 301//25 302//25 348//25 347//25
f 302//26 303//26 349//26 348//26
f 303//27 304//27 350//27 349//27
f 304//28 305//28 351//28 350//28
f 305//29 306//29 352//29 351//29
f 306//30 307//30 353//30 352//30
f 307//31 308//31 354//31 353//31
f 308//32 309//32 355//32 354//32
f 309//33 310//33 356//33 355//33
f 310//34 311//34 357//34 356//34
f 311//35 312//35 358//35 357//35
f 312//36 313//36 359//36 358//36
f 313//37 314//37 360//37 359//37
f 314//38 315//38 361//38 360//38
f 315//39 316//39 362//39 361//39
f 316//40 317//40 363//40 362//40
f 317//41 318//41 364//41 363//41
f 318//42 319//42 365//42 364//42
f 319//43 320//43 366//43 365//43
f 320//44 321//44 367//44 366//44
f 321//45 322//45 368//45 367//45
f 323//1 324//1 370//1 369//1
f 324//2 325//2 371//2 370//2
f 325//3 326//3 372//3 371//3
f 326//4 327//4 373//4 372//4
f 327//5 328//5 374//5 373//5
f 328//6 329//6 375//6 374//6
f 329//7 330//7 376//7 375//7
f 330//8 331//8 377//8 376//8
f 331//9 332//9 378//9 377//9
f 332//10 333//10 379//10 378//10
f 333//11 334//11 380//11 379//11
f 334//12 335//12 381//12 380//12
f 335//13 336//13 382//13 381//13
f 336//14 337//14 383//14 382//14
f 337//15 338//15 384//15 383//15
f 338//16 339//16 385//16 384//16
f 339//17 340//17 386//17 385//17
f 340//18 341//18 387//18 386//18
f 341//19 342//19 388//19 387//19
f 342//20 343//20 389//20 388//20
f 343//21 344//21 390//21 389//21
f 344//22 345//22 391//22 390//22
f 345//23 346//23 392//23 391//23
f 346//24 347//24 393//24 392//24
f 347//25 348//25 394//25 393//25
f 348//26 349//26 395//26 394//26
f 349//27 350//27 396//27 395//27
f 350//28 351//28 397//28 396//28
f 351//29 352//29 398//29 397//29
f 352//30 353//30 399//30 398//30
f 353//31 354//31 400//31 399//31
f 354//32 355//32 401//32 400//32
f 355//33 356//33 402//33 401//33
f 356//34 357//34 403//34 402//34
f 357//35 358//35 404//35 403//35
f 358//36 359//36 405//36 404//36
f 359//37 360//37 406//37 405//37
f 360//38 361//38 407//38 406//38
f 361//39 362//39 408//39 407//39
f 362//40 363//40 409//40 408//40
f 363//41 364//41 410//41 409//41
f 364//42 365//42 411//42 410//42
f 365//43 366//43 412//43 411//43
f 366//44 367//44 413//44 412//44
f 367//45 368//45 414//45 413//45
f 369//1 370//1 416//1 415//1
f 370//2 371//2 417//2 416//2
f 371//3 372//3 418//3 417//3
f 372//4 373//4 419//4 418//4
f 373//5 374//5 420//5 419//5
f 374//6 375//6 421//6 420//6
f 375//7 376//7 422//7 421//7
f 376//8 377//8 423//8 422//8
f 377//9 378//9 424//9 423//9
f 378//10 379//10 425//10 424//10
f 379//11 380//11 426//11 425//11
f 380//12 381//12 427//12 426//12
f 381//13 382//13 428//13 427//13
f 382//14 383//14 429//14 428//14
f 383//15 384//15 430//15 429//15
f 384//16 385//16 431//16 430//16
f 385//17 386//17 432//17 431//17
f 386//18 387//18 433//18 432//18
f 387//19 388//19 434//19 433//19
f 388//20 389//20 435//20 434//20
f 389//21 390//21 436//21 435//21
f 390//22 391//22 437//22 436//22
f 391//23 392//23 438//23 437//23
f 392//24 393//24 439//24 438//24
f 393//25 394//25 440//25 439//25
f 394//26 395//26 441//26 440//26
f 395//27 396//27 442//27 441//27
f 396//28 397//28 443//28 442//28
f 397//29 398//29 444//29 443//29
f 398//30 399//30 445//30 444//30
f 399//31 400//31 446//31 445//31
f 400//32 401//32 447//32 446//32
f 401//33 402//33 448//33 447//33
f 402//34 403//34 449//34 448//34
f 403//35 404//35 450//35 449//35
f 404//36 405//36 451//36 450//36
f 405//37 406//37 452//37 451//37
f 406//38 407//38 453//38 452//38
f 407//39 408//39 454//39 453//39
f 408//40 409//40 455//40 454//40
f 409//41 410//41 456//41 455//41
f 410//42 411//42 457//42 456//42
f 411//43 412//43 458//43 457//43
f 412//44 413//44 459//44 458//44
f 413//45 414//45 460//45 459//45
f 415//1 416//1 462//1 461//1
f 416//2 417//2 463//2 462//2
f 417//3 418//3 464//3 463//3
f 418//4 419//4 465//4 464//4
f 419//5 420//5 466//5 465//5
f 420//6 421//6 467//6 466//6
f 421//7 422//7 468//7 467//7
f 422//8 423//8 469//8 468//8
f 423//9 424//9 470//9 469//9
f 424//10 425//10 471//10 470//10
f 425//11 426//11 472//11 471//11
f 426//12 427//12 473//12 472//12
f 427//13 428//13 474//13 473//13
f 428//14 429//14 475//14 474//14
f 429//15 430//15 476//15 475//15
f 430//16 431//16 477//16 476//16
f 431//17 432//17 478//17 477//17
f 432//18 433//18 479//18 478//18
f 433//19 434//19 480//19 479//19
f 434//20 435//20 481//20 480//20
f 435//21 436//21 482//21 481//21
f 436//22 437//22 483//22 482//22
f 437//23 438//23 484//23 483//23
f 438//24 439//24 485//24 484//24
f 439//25 440//25 486//25 485//25
f 440//26 441//26 487//26 486//26
f 441//27 442//27 488//27 487//27
f 442//28 443//28 489//28 488//28
f 443//29 444//29 490//29 489//29
f 444//30 445//30 491//30 490//30
f 445//31 446//31 492//31 491//31
f 446//32 447//32 493//32 492//32
f 447//33 448//33 494//33 493//33
f 448//34 449//34 495//34 494//34
f 449//35 450//35 496//35 495//35
f 450//36 451//36 497//36 496//36
f 451//37 452//37 498//37 497//37
f 452//38 453//38 499//38 498//38
f 453//39 454//39 500//39 499//39
f 454//40 455//40 501//40 500//40
f 455//41 456//41 502//41 501//41
f 456//42 457//42 503//42 502//42
f 457//43 458//43 504//43 503//43
f 458//44 459//44 505//44 504//44
f 459//45 460//45 506//45 505//45
f 461//1 462//1 508//1 507//1
f 462//2 463//2 509//2 508//2
f 463//3 464//3 510//3 509//3
f 464//4 465//4 511//4 510//4
f 465//5 466//5 512//5 511//5
f 466//6 467//6 513//6 512//6
f 467//7 468//7 514//7 513//7
f 468//8 469//8 515//8 514//8
f 469//9 470//9 516//9 515//9
f 470//10 471//10 517//10 516//10
f 471//11 472//11 518//11 517//11
f 472//12 473//12 519//12 518//12
f 473//13 474//13 520//13 519//13
f 474//14 475//14 521//14 520//14
f 475//15 476//15 522//15 521//15
f 476//16 477//16 523//16 522//16
f 477//17 478//17 524//17 523//17
f 478//18 479//18 525//18 524//18
f 479//19 480//19 526//19 525//19
f 480//20 481//20 527//20 526//20
f 481//21 482//21 528//21 527//21
f 482//22 483//22 529//22 528//22
f 483//23 484//23 530//23 529//23
f 484//24 485//24 531//24 530//24
f 485//25 486//25 532//25 531//25
f 486//26 487//26 533//26 532//26
f 487//27 488//27 534//27 533//27
f 488//28 489//28 535//28 534//28
f 489//29 490//29 536//29 535//29
f 490//30 491//30 537//30 536//30
f 491//31 492//31 538//31 537//31
f 492//32 493//32 539//32 538//32
f 493//33 494//33 540//33 539//33
f 494//34 495//34 541//34 540//34
f 495//35 496//35 542//35 541//35
f 496//36 497//36 543//36 542//36
f 497//37 498//37 544//37 543//37
f 498//38 499//38 545//38 544//38
f 499//39 500//39 546//39 545//39
f 500//40 501//40 547//40 546//40
f 501//41 502//41 548//41 547//41
f 502//42 503//42 549//42 548//42
f 503//43 504//43 550//43 549//43
f 504//44 505//44 551//44 550//44
f 505//45 506//45 552//45 551//45
f 507//1 508//1 554//1 553//1
f 508//2 509//2 555//2 554//2
f 509//3 510//3 556//3 555//3
f 510//4 511//4 557//4 556//4
f 511//5 512//5 558//5 557//5
f 512//6 513//6 559//6 558//6
f 513//7 514//7 560//7 559//7
f 514//8 515//8 561//8 560//8
f 515//9 516//9 562//9 561//9
f 516//10 517//10 563//10 562//10
f 517//11 518//11 564//11 563//11
f 518//12 519//12 565//12 564//12
f 519//13 520//13 566//13 565//13
f 520//14 521//14 567//14 566//14
f 521//15 522//15 568//15 567//15
f 522//16 523//16 569//16 568//16
f 523//17 524//17 570//17 569//17
f 524//18 525//18 571//18 570//18
f 525//19 526//19 572//19 571//19
f 526//20 527//20 573//20 572//20
f 527//21 528//21 574//21 573//21
f 528//22 529//22 575//22 574//22
f 529//23 530//23 576//23 575//23
f 530//24 531//24 577//24 576//24
f 531//25 532//25 578//25 577//25
f 532//26 533//26 579//26 578//26
f 533//27 534//27 580//27 579//27
f 534//28 535//28 581//28 580//28
f 535//29 536//29 582//29 581//29
f 536//30 537//30 583//30 582//30
f 537//31 538//31 584//31 583//31
f 538//32 539//32 585//32 584//32
f 539//33 540//33 586//33 585//33
f 540//34 541//34 587//34 586//34
f 541//35 542//35 588//35 587//35
f 542//36 543//36 589//36 588//36
f 543//37 544//37 590//37 589//37
f 544//38 545//38 591//38 590//38
f 545//39 546//39 592//39 591//39
f 546//40 547//40 593//40 592//40
f 547//41 548//41 594//41 593//41
f 548//42 549//42 595//42 594//42
f 549//43 550//43 596//43 595//43
f 550//44 551//44 597//44 596//44
f 551//45 552//45 598//45 597//45
f 553//1 554//1 600//1 599//1
f 554//2 555//2 601//2 600//2
f 555//3 556//3 602//3 601//3
f 556//4 557//4 603//4 602//4
f 557//5 558//5 604//5 603//5
f 558//6 559//6 605//6 604//6
f 559//7 560//7 606//7 605//7
f 560//8 561//8 607//8 606//8
f 561//9 562//9 608//9 607//9
f 562//10 563//10 609//10 608//10
f 563//11 564//11 610//11 609//11
f 564//12 565//12 611//12 610//12
f 565//13 566//13 612//13 611//13
f 566//14 567//14 613//14 612//14
f 567//15 568//15 614//15 613//15
f 568//16 569//16 615//16 614//16
f 569//17 570//17 616//17 615//17
f 570//18 571//18 617//18 616//18
f 571//19 572//19 618//19 617//19
f 572//20 573//20 619//20 618//20
f 573//21 574//21 620//21 619//21
f 574//22 575//22 621//22 620//22
f 575//23 576//23 622//23 621//23
f 576//24 577//24 623//24 622//24
f 577//25 578//25 624//25 623//25
f 578//26 579//26 625//26 624//26
f 579//27 580//27 626//27 625//27
f 580//28 581//28 627//28 626//28
f 581//29 582//29 628//29 627//29
f 582//30 583//30 629//30 628//30
f 583//31 584//31 630//31 629//31
f 584//32 585//32 631//32 630//32
f 585//33 586//33 632//33 631//33
f 586//34 587//34 633//34 632//34
f 587//35 588//35 634//35 633//35
f 588//36 589//36 635//36 634//36
f 589//37 590//37 636//37 635//37
f 590//38 591//38 637//38 636//38
f 591//39 592//39 638//39 637//39
f 592//40 593//40 639//40 638//40
f 593//41 594//41 640//41 639//41
f 594//42 595//42 641//42 640//42
f 595//43 596//43 642//43 641//43
f 596//44 597//44 643//44 642//44
f 597//45 598//45 644//45 643//45
f 599//1 600//1 646//1 645//1
f 600//2 601//2 647//2 646//2
f 601//3 602//3 648//3 647//3
f 602//4 603//4 649//4 648//4
f 603//5 604//5 650//5 649//5
f 604//6 605//6 651//6 650//6
f 605//7 606//7 652//7 651//7
f 606//8 607//8 653//8 652//8
f 607//9 608//9 654//9 653//9
f 608//10 609//10 655//10 654//10
f 609//11 610//11 656//11 655//11
f 610//12 611//12 657//12 656//12
f 611//13 612//13 658//13 657//13
f 612//14 613//14 659//14 658//14
f 613//15 614//15 660//15 659//15
f 614//16 615//16 661//16 660//16
f 615//17 616//17 662//17 661//17
f 616//18 617//18 663//18 662//18
f 617//19 618//19 664//19 663//19
f 618//20 619//20 665//20 664//20
f 619//21 620//21 666//21 665//21
f 620//22 621//22 667//22 666//22
f 621//23 622//23 668//23 667//23
f 622//24 623//24 669//24 668//24
f 623//25 624//25 670//25 669//25
f 624//26 625//26 671//26 670//26
f 625//27 626//27 672//27 671//27
f 626//28 627//28 673//28 672//28
f 627//29 628//29 674//29 673//29
f 628//30 629//30 675//30 674//30
f 629//31 630//31 676//31 675//31
f 630//32 631//32 677//32 676//32
f 631//33 632//33 678//33 677//33
f 632//34 633//34 679//34 678//34
f 633//35 634//35 680//35 679//35
f 634//36 635//36 681//36 680//36
f 635//37 636//37 682//37 681//37
f 636//38 637//38 683//38 682//38
f 637//39 638//39 684//39 683//39
f 638//40 639//40 685//40 684//40
f 639//41 640//41 686//41 685//41
f 640//42 641//42 687//42 686//42
f 641//43 642//43 688//43 687//43
f 642//44 643//44 689//44 688//44
f 643//45 644//45 690//45 689//45
f 645//1 646//1 692//1 691//1
f 646//2 647//2 693//2 692//2
f 647//3 648//3 694//3 693//3
f 648//4 649//4 695//4 694//4
f 649//5 650//5 696//5 695//5
f 650//6 651//6 697//6 696//6
f 651//7 652//7 698//7 697//7
f 652//8 653//8 699//8 698//8
f 653//9 654//9 700//9 699//9
f 654//10 655//10 701//10 700//10
f 655//11 656//11 702//11 701//11
f 656//12 657//12 703//12 702//12
f 657//13 658//13 704//13 703//13
f 658//14 659//14 705//14 704//14
f 659//15 660//15 706//15 705//15
f 660//16 661//16 707//16 706//16
f 661//17 662//17 708//17 707//17
f 662//18 663//18 709//18 708//18
f 663//19 664//19 710//19 709//19
f 664//20 665//20 711//20 710//20
f 665//21 666//21 712//21 711//21
f 666//22 667//22 713//22 712//22
f 667//23 668//23 714//23 713//23
f 668//24 669//24 715//24 714//24
f 669//25 670//25 716//25 715//25
f 670//26 671//26 717//26 716//26
f 671//27 672//27 718//27 717//27
f 672//28 673//28 719//28 718//28
f 673//29 674//29 720//29 719//29
f 674//30 675//30 721//30 720//30
f 675//31 676//31 722//31 721//31
f 676//32 677//32 723//32 722//32
f 677//33 678//33 724//33 723//33
f 678//34 679//34 725//34 724//34
f 679//35 680//35 726//35 725//35
f 680//36 681//36 727//36 726//36
f 681//37 682//37 728//37 727//37
f 682//38 683//38 729//38 728//38
f 683//39 684//39 730//39 729//39
f 684//40 685//40 731//40 730//40
f 685//41 686//41 732//41 731//41
f 686//42 687//42 733//42 732//42
f 687//43 688//43 734//43 733//43
f 688//44 689//44 735//44 734//44
f 689//45 690//45 736//45 735//45
f 691//1 692//1 738//1 737//1
f 692//2 693//2 739//2 738//2
f 693//3 694//3 740//3 739//3
f 694//4 695//4 741//4 740//4
f 695//5 696//5 742//5 741//5
f 696//6 697//6 743//6 742//6
f 697//7 698//7 744//7 743//7
f 698//8 699//8 745//8 744//8
f 699//9 700//9 746//9 745//9
f 700//10 701//10 747//10 746//10
f 701//11 702//11 748//11 747//11
f 702//12 703//12 749//12 748//12
f 703//13 704//13 750//13 749//13
f 704//14 705//14 751//14 750//14
f 705//15 706//15 752//15 751//15
f 706//16 707//16 753//16 752//16
f 707//17 708//17 754//17 753//17
f 708//18 709//18 755//18 754//18
f 709//19 710//19 756//19 755//19
f 710//20 711//20 757//20 756//20
f 711//21 712//21 758//21 757//21
f 712//22 713//22 759//22 758//22
f 713//23 714//23 760//23 759//23
f 714//24 715//24 761//24 760//24
f 715//25 716//25 762//25 761//25
f 716//26 717//26 763//26 762//26
f 717//27 718//27 764//27 763//27
f 718//28 719//28 765//28 764//28
f 719//29 720//29 766//29 765//29
f 720//30 721//30 767//30 766//30
f 721//31 722//31 768//31 767//31
f 722//32 723//32 769//32 768//32
f 723//33 724//33 770//33 769//33
f 724//34 725//34 771//34 770//34
f 725//35 726//35 772//35 771//35
f 726//36 727//36 773//36 772//36
f 727//37 728//37 774//37 773//37
f 728//38 729//38 775//38 774//38
f 729//39 730//39 776//39 775//39
f 730//40 731//40 777//40 776//40
f 731//41 732//41 778//41 777//41
f 732//42 733//42 779//42 778//42
f 733//43 734//43 780//43 779//43
f 734//44 735//44 781//44 780//44
f 735//45 736//45 782//45 781//45
f 737//1 738//1 784//1 783//1
f 738//2 739//2 785//2 784//2
f 739//3 740//3 786//3 785//3
f 740//4 741//4 787//4 786//4
f 741//5 742//5 788//5 787//5
f 742//6 743//6 789//6 788//6
f 743//7 744//7 790//7 789//7
f 744//8 745//8 791//8 790//8
f 745//9 746//9 792//9 791//9
f 746//10 747//10 793//10 792//10
f 747//11 748//11 794//11 793//11
f 748//12 749//12 795//12 794//12
f 749//13 750//13 796//13 795//13
f 750//14 751//14 797//14 796//14
f 751//15 752//15 798//15 797//15
f 752//16 753//16 799//16 798//16
f 753//17 754//17 800//17 799//17
f 754//18 755//18 801//18 800//18
f 755//19 756//19 802//19 801//19
f 756//20 757//20 803//20 802//20
f 757//21 758//21 804//21 803//21
f 758//22 759//22 805//22 804//22
f 759//23 760//23 806//23 805//23
f 760//24 761//24 807//24 806//24
f 761//25 762//25 808//25 807//25
f 762//26 763//26 809//26 808//26
f 763//27 764//27 810//27 809//27
f 764//28 765//28 811//28 810//28
f 765//29 766//29 812//29 811//29
f 766//30 767//30 813//30 812//30
f 767//31 768//31 814//31 813//31
f 768//32 769//32 815//32 814//32
f 769//33 770//33 816//33 815//33
f 770//34 771//34 817//34 816//34
f 771//35 772//35 818//35 817//35
f 772//36 773//36 819//36 818//36
f 773//37 774//37 820//37 819//37
f 774//38 775//38 821//38 820//38
f 775//39 776//39 822//39 821//39
f 776//40 777//40 823//40 822//40
f 777//41 778//41 824//41 823//41
f 778//42 779//42 825//42 824//42
f 779//43 780//43 826//43 825//43
f 780//44 781//44 827//44 826//44
f 781//45 782//45 828//45 827//45
f 783//1 784//1 830//1 829//1
f 784//2 785//2 831//2 830//2
f 785//3 786//3 832//3 831//3
f 786//4 787//4 833//4 832//4
f 787//5 788//5 834//5 833//5
f 788//6 789//6 835//6 834//6
f 789//7 790//7 836//7 835//7
f 790//8 791//8 837//8 836//8
f 791//9 792//9 838//9 837//9
f 792//10 793//10 839//10 838//10
f 793//11 794//11 840//11 839//11
f 794//12 795//12 841//12 840//12
f 795//13 796//13 842//13 841//13
f 796//14 797//14 843//14 842//14
f 797//15 798//15 844//15 843//15
f 798//16 799//16 845//16 844//16
f 799//17 800//17 846//17 845//17
f 800//18 801//18 847//18 846//18
f 801//19 802//19 848//19 847//19
f 802//20 803//20 849//20 848//20
f 803//21 804//21 850//21 849//21
f 804//22 805//22 851//22 850//22
f 805//23 806//23 852//23 851//23
f 806//24 807//24 853//24 852//24
f 807//25 808//25 854//25 853//25
f 808//26 809//26 855//26 854//26
f 809//27 810//27 856//27 855//27
f 810//28 811//28 857//28 856//28
f 811//29 812//29 858//29 857//29
f 812//30 813//30 859//30 858//30
f 813//31 814//31 860//31 859//31
f 814//32 815//32 861//32 860//32
f 815//33 816//33 862//33 861//33
f 816//34 817//34 863//34 862//34
f 817//35 818//35 864//35 863//35
f 818//36 819//36 865//36 864//36
f 819//37 820//37 866//37 865//37
f 820//38 821//38 867//38 866//38
f 821//39 822//39 868//39 867//39
f 822//40 823//40 869//40 868//40
f 823//41 824//41 870//41 869//41
f 824//42 825//42 871//42 870//42
f 825//43 826//43 872//43 871//43
f 826//44 827//44 873//44 872//44
f 827//45 828//45 874//45 873//45
f 829//1 830//1 876//1 875//1
f 830//2 831//2 877//2 876//2
f 831//3 832//3 878//3 877//3
f 832//4 833//4 879//4 878//4
f 833//5 834//5 880//5 879//5
f 834//6 835//6 881//6 880//6
f 835//7 836//7 882//7 881//7
f 836//8 837//8 883//8 882//8
f 837//9 838//9 884//9 883//9
f 838//10 839//10 885//10 884//10
f 839//11 840//11 886//11 885//11
f 840//12 841//12 887//12 886//12
f 841//13 842//13 888//13 887//13
f 842//14 843//14 889//14 888//14
f 843//15 844//15 890//15 889//15
f 844//16 845//16 891//16 890//16
f 845//17 846//17 892//17 891//17
f 846//18 847//18 893//18 892//18
f 847//19 848//19 894//19 893//19
f 848//20 849//20 895//20 894//20
f 849//21 850//21 896//21 895//21
f 850//22 851//22 897//22 896//22
f 851//23 852//23 898//23 897//23
f 852//24 853//24 899//24 898//24
f 853//25 854//25 900//25 899//25
f 854//26 855//26 901//26 900//26
f 855//27 856//27 902//27 901//27
f 856//28 857//28 903//28 902//28
f 857//29 858//29 904//29 903//29
f 858//30 859//30 905//30 904//30
f 859//31 860//31 906//31 905//31
f 860//32 861//32 907//32 906//32
f 861//33 862//33 908//33 907//33
f 862//34 863//34 909//34 908//34
f 863//35 864//35 910//35 909//35
f 864//36 865//36 911//36 910//36
f 865//37 866//37 912//37 911//37
f 866//38 867//38 913//38 912//38
f 867//39 868//39 914//39 913//39
f 868//40 869//40 915//40 914//40
f 869//41 870//41 916//41 915//41
f 870//42 871//42 917//42 916//42
f 871//43 872//43 918//43 917//43
f 872//44 873//44 919//44 918//44
f 873//45 874//45 920//45 919//45
f 875//1 876//1 922//1 921//1
f 876//2 877//2 923//2 922//2
f 877//3 878//3 924//3 923//3
f 878//4 879//4 925//4 924//4
f 879//5 880//5 926//5 925//5
f 880//6 881//6 927//6 926//6
f 881//7 882//7 928//7 927//7
f 882//8 883//8 929//8 928//8
f 883//9 884//9 930//9 929//9
f 884//10 885//10 931//10 930//10
f 885//11 886//11 932//11 931//11
f 886//12 887//12 933//12 932//12
f 887//13 888//13 934//13 933//13
f 888//14 889//14 935//14 934//14
f 889//15 890//15 936//15 935//15
f 890//16 891//16 937//16 936//16
f 891//17 892//17 938//17 937//17
f 892//18 893//18 939//18 938//18
f 893//19 894//19 940//19 939//19
f 894//20 895//20 941//20 940//20
f 895//21 896//21 942//21 941//21
f 896//22 897//22 943//22 942//22
f 897//23 898//23 944//23 943//23
f 898//24 899//24 945//24 944//24
f 899//25 900//25 946//25 945//25
f 900//26 901//26 947//26 946//26
f 901//27 902//27 948//27 947//27
f 902//28 903//28 949//28 948//28
f 903//29 904//29 950//29 949//29
f 904//30 905//30 951//30 950//30
f 905//31 906//31 952//31 951//31
f 906//32 907//32 953//32 952//32
f 907//33 908//33 954//33 953//33
f 908//34 909//34 955//34 954//34
f 909//35 910//35 956//35 955//35
f 910//36 911//36 957//36 956//36
f 911//37 912//37 958//37 957//37
f 912//38 913//38 959//38 958//38
f 913//39 914//39 960//39 959//39
f 914//40 915//40 961//40 960//40
f 915//41 916//41 962//41 961//41
f 916//42 917//42 963//42 962//42
f 917//43 918//43 964//43 963//43
f 918//44 919//44 965//44 964//44
f 919//45 920//45 966//45 965//45
f 921//1 922//1 968//1 967//1
f 922//2 923//2 969//2 968//2
f 923//3 924//3 970//3 969//3
f 924//4 925//4 971//4 970//4
f 925//5 926//5 972//5 971//5
f 926//6 927//6 973//6 972//6
f 927//7 928//7 974//7 973//7
f 928//8 929//8 975//8 974//8
f 929//9 930//9 976//9 975//9
f 930//10 931//10 977//10 976//10
f 931//11 932//11 978//11 977//11
f 932//12 933//12 979//12 978//12
f 933//13 934//13 980//13 979//13
f 934//14 935//14 981//14 980//14
f 935//15 936//15 982//15 981//15
f 936//16 937//16 983//16 982//16
f 937//17 938//17 984//17 983//17
f 938//18 939//18 985//18 984//18
f 939//19 940//19 986//19 985//19
f 940//20 941//20 987//20 986//20
f 941//21 942//21 988//21 987//21
f 942//22 943//22 989//22 988//22
f 943//23 944//23 990//23 989//23
f 944//24 945//24 991//24 990//24
f 945//25 946//25 992//25 991//25
f 946//26 947//26 993//26 992//26
f 947//27 948//27 994//27 993//27
f 948//28 949//28 995//28 994//28
f 949//29 950//29 996//29 995//29
f 950//30 951//30 997//30 996//30
f 951//31 952//31 998//31 997//31
f 952//32 953//32 999//32 998//32
f 953//33 954//33 1000//33 999//33
f 954//34 955//34 1001//34 1000//34
f 955//35 956//35 1002//35 1001//35
f 956//36 957//36 1003//36 1002//36
f 957//37 958//37 1004//37 1003//37
f 958//38 959//38 1005//38 1004//38
f 959//39 960//39 1006//39 1005//39
f 960//40 961//40 1007//40 1006//40
f 961//41 962//41 1008//41 1007//41
f 962//42 963//42 1009//42 1008//42
f 963//43 964//43 1010//43 1009//43
f 964//44 965//44 1011//44 1010//44
f 965//45 966//45 1012//45 1011//45
f 967//1 968//1 1014//1 1013//1
f 968//2 969//2 1015//2 1014//2
f 969//3 970//3 1016//3 1015//3
f 970//4 971//4 1017//4 1016//4
f 971//5 972//5 1018//5 1017//5
f 972//6 973//6 1019//6 1018//6
f 973//7 974//7 1020//7 1019//7
f 974//8 975//8 1021//8 1020//8
f 975//9 976//9 1022//9 1021//9
f 976//10 977//10 1023//10 1022//10
f 977//11 978//11 1024//11 1023//11
f 978//12 979//12 1025//12 1024//12
f 979//13 980//13 1026//13 1025//13
f 980//14 981//14 1027//14 1026//14
f 981//15 982//15 1028//15 1027//15
f 982//16 983//16 1029//16 1028//16
f 983//17 984//17 1030//17 1029//17
f 984//18 985//18 1031//18 1030//18
f 985//19 986//19 1032//19 1031//19
f 986//20 987//20 1033//20 1032//20
f 987//21 988//21 1034//21 1033//21
f 988//22 989//22 1035//22 1034//22
f 989//23 990//23 1036//23 1035//23
f 990//24 991//24 1037//24 1036//24
f 991//25 992//25 1038//25 1037//25
f 992//26 993//26 1039//26 1038//26
f 993//27 994//27 1040//27 1039//27
f 994//28 995//28 1041//28 1040//28
f 995//29 996//29 1042//29 1041//29
f 996//30 997//30 1043//30 1042//30
f 997//31 998//31 1044//31 1043//31
f 998//32 999//32 1045//32 1044//32
f 999//33 1000//33 1046//33 1045//33
f 1000//34 1001//34 1047//34 1046//34
f 1001//35 1002//35 1048//35 1047//35
f 1002//36 1003//36 1049//36 1048//36
f 1003//37 1004//37 1050//37 1049//37
f 1004//38 1005//38 1051//38 1050//38
f 1005//39 1006//39 1052//39 1051//39
f 1006//40 1007//40 1053//40 1052//40
f 1007//41 1008//41 1054//41 1053//41
f 1008//42 1009//42 1055//42 1054//42
f 1009//43 1010//43 1056//43 1055//43
f 1010//44 1011//44 1057//44 1056//44
f 1011//45 1012//45 1058//45 1057//45
f 1013//1 1014//1 1060//1 1059//1
f 1014//2 1015//2 1061//2 1060//2
f 1015//3 1016//3 1062//3 1061//3
f 1016//4 1017//4 1063//4 1062//4
f 1017//5 1018//5 1064//5 1063//5
f 1018//6 1019//6 1065//6 1064//6
f 1019//7 1020//7 1066//7 1065//7
f 1020//8 1021//8 1067//8 1066//8
f 1021//9 1022//9 1068//9 1067//9
f 1022//10 1023//10 1069//10 1068//10
f 1023//11 1024//11 1070//11 1069//11
f 1024//12 1025//12 1071//12 1070//12
f 1025//13 1026//13 1072//13 1071//13
f 1026//14 1027//14 1073//14 1072//14
f 1027//15 1028//15 1074//15 1073//15
f 1028//16 1029//16 1075//16 1074//16
f 1029//17 1030//17 1076//17 1075//17
f 1030//18 1031//18 1077//18 1076//18
f 1031//19 1032//19 1078//19 1077//19
f 1032//20 1033//20 1079//20 1078//20
f 1033//21 1034//21 1080//21 1079//21
f 1034//22 1035//22 1081//22 1080//22
f 1035//23 1036//23 1082//23 1081//23
f 1036//24 1037//24 1083//24 1082//24
f 1037//25 1038//25 1084//25 1083//25
f 1038//26 1039//26 1085//26 1084//26
f 1039//27 1040//27 1086//27 1085//27
f 1040//28 1041//28 1087//28 1086//28
f 1041//29 1042//29 1088//29 1087//29
f 1042//30 1043//30 1089//30 1088//30
f 1043//31 1044//31 1090//31 1089//31
f 1044//32 1045//32 1091//32 1090//32
f 1045//33 1046//33 1092//33 1091//33
f 1046//34 1047//34 1093//34 1092//34
f 1047//35 1048//35 1094//35 1093//35
f 1048//36 1049//36 1095//36 1094//36
f 1049//37 1050//37 1096//37 1095//37
f 1050//38 1051//38 1097//38 1096//38
f 1051//39 1052//39 1098//39 1097//39
f 1052//40 1053//40 1099//40 1098//40
f 1053//41 1054//41 1100//41 1099//41
f 1054//42 1055//42 1101//42 1100//42
f 1055//43 1056//43 1102//43 1101//43
f 1056//44 1057//44 1103//44 1102//44
f 1057//45 1058//45 1104//45 1103//45
f 1059//1 1060//1 1106//1 1105//1
f 1060//2 1061//2 1107//2 1106//2
f 1061//3 1062//3 1108//3 1107//3
f 1062//4 1063//4 1109//4 1108//4
f 1063//5 1064//5 1110//5 1109//5
f 1064//6 1065//6 1111//6 1110//6
f 1065//7 1066//7 1112//7 1111//7
f 1066//8 1067//8 1113//8 1112//8
f 1067//9 1068//9 1114//9 1113//9
f 1068//10 1069//10 1115//10 1114//10
f 1069//11 1070//11 1116//11 1115//11
f 1070//12 1071//12 1117//12 1116//12
f 1071//13 1072//13 1118//13 1117//13
f 1072//14 1073//14 1119//14 1118//14
f 1073//15 1074//15 1120//15 1119//15
f 1074//16 1075//16 1121//16 1120//16
f 1075//17 1076//17 1122//17 1121//17
f 1076//18 1077//18 1123//18 1122//18
f 1077//19 1078//19 1124//19 1123//19
f 1078//20 1079//20 1125//20 1124//20
f 1079//21 1080//21 1126//21 1125//21
f 1080//22 1081//22 1127//22 1126//22
f 1081//23 1082//23 1128//23 1127//23
f 1082//24 1083//24 1129//24 1128//24
f 1083//25 1084//25 1130//25 1129//25
f 1084//26 1085//26 1131//26 1130//26
f 1085//27 1086//27 1132//27 1131//27
f 1086//28 1087//28 1133//28 1132//28
f 1087//29 1088//29 1134//29 1133//29
f 1088//30 1089//30 1135//30 1134//30
f 1089//31 1090//31 1136//31 1135//31
f 1090//32 1091//32 1137//32 1136//32
f 1091//33 1092//33 1138//33 1137//33
f 1092//34 1093//34 1139//34 1138//34
f 1093//35 1094//35 1140//35 1139//35
f 1094//36 1095//36 1141//36 1140//36
f 1095//37 1096//37 1142//37 1141//37
f 1096//38 1097//38 1143//38 1142//38
f 1097//39 1098//39 1144//39 1143//39
f 1098//40 1099//40 1145//40 1144//40
f 1099//41 1100//41 1146//41 1145//41
f 1100//42 1101//42 1147//42 1146//42
f 1101//43 1102//43 1148//43 1147//43
f 1102//44 1103//44 1149//44 1148//44
f 1103//45 1104//45 1150//45 1149//45
f 1105//1 1106//1 1152//1 1151//1
f 1106//2 1107//2 1153//2 1152//2
f 1107//3 1108//3 1154//3 1153//3
f 1108//4 1109//4 1155//4 1154//4
f 1109//5 1110//5 1156//5 1155//5
f 1110//6 1111//6 1157//6 1156//6
f 1111//7 1112//7 1158//7 1157//7
f 1112//8 1113//8 1159//8 1158//8
f 1113//9 1114//9 1160//9 1159//9
f 1114//10 1115//10 1161//10 1160//10
f 1115//11 1116//11 1162//11 1161//11
f 1116//12 1117//12 1163//12 1162//12
f 1117//13 1118//13 1164//13 1163//13
f 1118//14 1119//14 1165//14 1164//14
f 1119//15 1120//15 1166//15 1165//15
f 1120//16 1121//16 1167//16 1166//16
f 1121//17 1122//17 1168//17 1167//17
f 1122//18 1123//18 1169//18 1168//18
f 1123//19 1124//19 1170//19 1169//19
f 1124//20 1125//20 1171//20 1170//20
f 1125//21 1126//21 1172//21 1171//21
f 1126//22 1127//22 1173//22 1172//22
f 1127//23 1128//23 1174//23 1173//23
f 1128//24 1129//24 1175//24 1174//24
f 1129//25 1130//25 1176//25 1175//25
f 1130//26 1131//26 1177//26 1176//26
f 1131//27 1132//27 1178//27 1177//27
f 1132//28 1133//28 1179//28 1178//28
f 1133//29 1134//29 1180//29 1179//29
f 1134//30 1135//30 1181//30 1180//30
f 1135//31 1136//31 1182//31 1181//31
f 1136//32 1137//32 1183//32 1182//32
f 1137//33 1138//33 1184//33 1183//33
f 1138//34 1139//34 1185//34 1184//34
f 1139//35 1140//35 1186//35 1185//35
f 1140//36 1141//36 1187//36 1186//36
f 1141//37 1142//37 1188//37 1187//37
f 1142//38 1143//38 1189//38 1188//38
f 1143//39 1144//39 1190//39 1189//39
f 1144//40 1145//40 1191//40 1190//40
f 1145//41 1146//41 1192//41 1191//41
f 1146//42 1147//42 1193//42 1192//42
f 1147//43 1148//43 1194//43 1193//43
f 1148//44 1149//44 1195//44 1194//44
f 1149//45 1150//45 1196//45 1195//45
f 1151//1 1152//1 1198//1 1197//1
f 1152//2 1153//2 1199//2 1198//2
f 1153//3 1154//3 1200//3 1199//3
f 1154//4 1155//4 1201//4 1200//4
f 1155//5 1156//5 1202//5 1201//5
f 1156//6 1157//6 1203//6 1202//6
f 1157//7 1158//7 1204//7 1203//7
f 1158//8 1159//8 1205//8 1204//8
f 1159//9 1160//9 1206//9 1205//9
f 1160//10 1161//10 1207//10 1206//10
f 1161//11 1162//11 1208//11 1207//11
f 1162//12 1163//12 1209//12 1208//12
f 1163//13 1164//13 1210//13 1209//13
f 1164//14 1165//14 1211//14 1210//14
f 1165//15 1166//15 1212//15 1211//15
f 1166//16 1167//16 1213//16 1212//16
f 1167//17 1168//17 1214//17 1213//17
f 1168//18 1169//18 1215//18 1214//18
f 1169//19 1170//19 1216//19 1215//19
f 1170//20 1171//20 1217//20 1216//20
f 1171//21 1172//21 1218//21 1217//21
f 1172//22 1173//22 1219//22 1218//22
f 1173//23 1174//23 1220//23 1219//23
f 1174//24 1175//24 1221//24 1220//24
f 1175//25 1176//25 1222//25 1221//25
f 1176//26 1177//26 1223//26 1222//26
f 1177//27 1178//27 1224//27 1223//27
f 1178//28 1179//28 1225//28 1224//28
f 1179//29 1180//29 1226//29 1225//29
f 1180//30 1181//30 1227//30 1226//30
f 1181//31 1182//31 1228//31 1227//31
f 1182//32 1183//32 1229//32 1228//32
f 1183//33 1184//33 1230//33 1229//33
f 1184//34 1185//34 1231//34 1230//34
f 1185//35 1186//35 1232//35 1231//35
f 1186//36 1187//36 1233//36 1232//36
f 1187//37 1188//37 1234//37 1233//37
f 1188//38 1189//38 1235//38 1234//38
f 1189//39 1190//39 1236//39 1235//39
f 1190//40 1191//40 1237//40 1236//40
f 1191//41 1192//41 1238//41 1237//41
f 1192//42 1193//42 1239//42 1238//42
f 1193//43 1194//43 1240//43 1239//43
f 1194//44 1195//44 1241//44 1240//44
f 1195//45 1196//45 1242//45 1241//45
f 1197//1 1198//1 1244//1 1243//1
f 1198//2 1199//2 1245//2 1244//2
f 1199//3 1200//3 1246//3 1245//3
f 1200//4 1201//4 1247//4 1246//4
f 1201//5 1202//5 1248//5 1247//5
f 1202//6 1203//6 1249//6 1248//6
f 1203//7 1204//7 1250//7 1249//7
f 1204//8 1205//8 1251//8 1250//8
f 1205//9 1206//9 1252//9 1251//9
f 1206//10 1207//10 1253//10 1252//10
f 1207//11 1208//11 1254//11 1253//11
f 1208//12 1209//12 1255//12 1254//12
f 1209//13 1210//13 1256//13 1255//13
f 1210//14 1211//14 1257//14 1256//14
f 1211//15 1212//15 1258//15 1257//15
f 1212//16 1213//16 1259//16 1258//16
f 1213//17 1214//17 1260//17 1259//17
f 1214//18 1215//18 1261//18 1260//18
f 1215//19 1216//19 1262//19 1261//19
f 1216//20 1217//20 1263//20 1262//20
f 1217//21 1218//21 1264//21 1263//21
f 1218//22 1219//22 1265//22 1264//22
f 1219//23 1220//23 1266//23 1265//23
f 1220//24 1221//24 1267//24 1266//24
f 1221//25 1222//25 1268//25 1267//25
f 1222//26 1223//26 1269//26 1268//26
f 1223//27 1224//27 1270//27 1269//27
f 1224//28 1225//28 1271//28 1270//28
f 1225//29 1226//29 1272//29 1271//29
f 1226//30 1227//30 1273//30 1272//30
f 1227//31 1228//31 1274//31 1273//31
f 1228//32 1229//32 1275//32 1274//32
f 1229//33 1230//33 1276//33 1275//33
f 1230//34 1231//34 1277//34 1276//34
f 1231//35 1232//35 1278//35 1277//35
f 1232//36 1233//36 1279//36 1278//36
f 1233//37 1234//37 1280//37 1279//37
f 1234//38 1235//38 1281//38 1280//38
f 1235//39 1236//39 1282//39 1281//39
f 1236//40 1237//40 1283//40 1282//40
f 1237//41 1238//41 1284//41 1283//41
f 1238//42 1239//42 1285//42 1284//42
f 1239//43 1240//43 1286//43 1285//43
f 1240//44 1241//44 1287//44 1286//44
f 1241//45 1242//45 1288//45 1287//45
f 1243//1 1244//1 1290//1 1289//1
f 1244//2 1245//2 1291//2 1290//2
f 1245//3 1246//3 1292//3 1291//3
f 1246//4 1247//4 1293//4 1292//4
f 1247//5 1248//5 1294//5 1293//5
f 1248//6 1249//6 1295//6 1294//6
f 1249//7 1250//7 1296//7 1295//7
f 1250//8 1251//8 1297//8 1296//8
f 1251//9 1252//9 1298//9 1297//9
f 1252//10 1253//10 1299//10 1298//10
f 1253//11 1254//11 1300//11 1299//11
f 1254//12 1255//12 1301//12 1300//12
f 1255//13 1256//13 1302//13 1301//13
f 1256//14 1257//14 1303//14 1302//14
f 1257//15 1258//15 1304//15 1303//15
f 1258//16 1259//16 1305//16 1304//16
f 1259//17 1260//17 1306//17 1305//17
f 1260//18 1261//18 1307//18 1306//18
f 1261//19 1262//19 1308//19 1307//19
f 1262//20 1263//20 1309//20 1308//20
f 1263//21 1264//21 1310//21 1309//21
f 1264//22 1265//22 1311//22 1310//22
f 1265//23 1266//23 1312//23 1311//23
f 1266//24 1267//24 1313//24 1312//24
f 1267//25 1268//25 1314//25 1313//25
f 1268//26 1269//26 1315//26 1314//26
f 1269//27 1270//27 1316//27 1315//27
f 1270//28 1271//28 1317//28 1316//28
f 1271//29 1272//29 1318//29 1317//29
f 1272//30 1273//30 1319//30 1318//30
f 1273//31 1274//31 1320//31 1319//31
f 1274//32 1275//32 1321//32 1320//32
f 1275//33 1276//33 1322//33 1321//33
f 1276//34 1277//34 1323//34 1322//34
f 1277//35 1278//35 1324//35 1323//35
f 1278//36 1279//36 1325//36 1324//36
f 1279//37 1280//37 1326//37 1325//37
f 1280//38 1281//38 1327//38 1326//38
f 1281//39 1282//39 1328//39 1327//39
f 1282//40 1283//40 1329//40 1328//40
f 1283//41 1284//41 1330//41 1329//41
f 1284//42 1285//42 1331//42 1330//42
f 1285//43 1286//43 1332//43 1331//43
f 1286//44 1287//44 1333//44 1332//44
f 1287//45 1288//45 1334//45 1333//45
f 1289//1 1290//1 1336//1 1335//1
f 1290//2 1291//2 1337//2 1336//2
f 1291//3 1292//3 1338//3 1337//3
f 1292//4 1293//4 1339//4 1338//4
f 1293//5 1294//5 1340//5 1339//5
f 1294//6 1295//6 1341//6 1340//6
f 1295//7 1296//7 1342//7 1341//7
f 1296//8 1297//8 1343//8 1342//8
f 1297//9 1298//9 1344//9 1343//9
f 1298//10 1299//10 1345//10 1344//10
f 1299//11 1300//11 1346//11 1345//11
f 1300//12 1301//12 1347//12 1346//12
f 1301//13 1302//13 1348//13 1347//13
f 1302//14 1303//14 1349//14 1348//14
f 1303//15 1304//15 1350//15 1349//15
f 1304//16 1305//16 1351//16 1350//16
f 1305//17 1306//17 1352//17 1351//17
f 1306//18 1307//18 1353//18 1352//18
f 1307//19 1308//19 1354//19 1353//19
f 1308//20 1309//20 1355//20 1354//20
f 1309//21 1310//21 1356//21 1355//21
f 1310//22 1311//22 1357//22 1356//22
f 1311//23 1312//23 1358//23 1357//23
f 1312//24 1313//24 1359//24 1358//24
f 1313//25 1314//25 1360//25 1359//25
f 1314//26 1315//26 1361//26 1360//26
f 1315//27 1316//27 1362//27 1361//27
f 1316//28 1317//28 1363//28 1362//28
f 1317//29 1318//29 1364//29 1363//29
f 1318//30 1319//30 1365//30 1364//30
f 1319//31 1320//31 1366//31 1365//31
f 1320//32 1321//32 1367//32 1366//32
f 1321//33 1322//33 1368//33 1367//33
f 1322//34 1323//34 1369//34 1368//34
f 1323//35 1324//35 1370//35 1369//35
f 1324//36 1325//36 1371//36 1370//36
f 1325//37 1326//37 1372//37 1371//37
f 1326//38 1327//38 1373//38 1372//38
f 1327//39 1328//39 1374//39 1373//39
f 1328//40 1329//40 1375//40 1374//40
f 1329//41 1330//41 1376//41 1375//41
f 1330//42 1331//42 1377//42 1376//42
f 1331//43 1332//43 1378//43 1377//43
f 1332//44 1333//44 1379//44 1378//44
f 1333//45 1334//45 1380//45 1379//45
f 1335//1 1336//1 1382//1 1381//1
f 1336//2 1337//2 1383//2 1382//2
f 1337//3 1338//3 1384//3 1383//3
f 1338//4 1339//4 1385//4 1384//4
f 1339//5 1340//5 1386//5 1385//5
f 1340//6 1341//6 1387//6 1386//6
f 1341//7 1342//7 1388//7 1387//7
f 1342//8 1343//8 1389//8 1388//8
f 1343//9 1344//9 1390//9 1389//9
f 1344//10 1345//10 1391//10 1390//10
f 1345//11 1346//11 1392//11 1391//11
f 1346//12 1347//12 1393//12 1392//12
f 1347//13 1348//13 1394//13 1393//13
f 1348//14 1349//14 1395//14 1394//14
f 1349//15 1350//15 1396//15 1395//15
f 1350//16 1351//16 1397//16 1396//16
f 1351//17 1352//17 1398//17 1397//17
f 1352//18 1353//18 1399//18 1398//18
f 1353//19 1354//19 1400//19 1399//19
f 1354//20 1355//20 1401//20 1400//20
f 1355//21 1356//21 1402//21 1401//21
f 1356//22 1357//22 1403//22 1402//22
f 1357//23 1358//23 1404//23 1403//23
f 1358//24 1359//24 1405//24 1404//24
f 1359//25 1360//25 1406//25 1405//25
f 1360//26 1361//26 1407//26 1406//26
f 1361//27 1362//27 1408//27 1407//27
f 1362//28 1363//28 1409//28 1408//28
f 1363//29 1364//29 1410//29 1409//29
f 1364//30 1365//30 1411//30 1410//30
f 1365//31 1366//31 1412//31 1411//31
f 1366//32 1367//32 1413//32 1412//32
f 1367//33 1368//33 1414//33 1413//33
f 1368//34 1369//34 1415//34 1414//34
f 1369//35 1370//35 1416//35 1415//35
f 1370//36 1371//36 1417//36 1416//36
f 1371//37 1372//37 1418//37 1417//37
f 1372//38 1373//38 1419//38 1418//38
f 1373//39 1374//39 1420//39 1419//39
f 1374//40 1375//40 1421//40 1420//40
f 1375//41 1376//41 1422//41 1421//41
f 1376//42 1377//42 1423//42 1422//42
f 1377//43 1378//43 1424//43 1423//43
f 1378//44 1379//44 1425//44 1424//44
f 1379//45 1380//45 1426//45 1425//45
f 1381//1 1382//1 1428//1 1427//1
f 1382//2 1383//2 1429//2 1428//2
f 1383//3 1384//3 1430//3 1429//3
f 1384//4 1385//4 1431//4 1430//4
f 1385//5 1386//5 1432//5 1431//5
f 1386//6 1387//6 1433//6 1432//6
f 1387//7 1388//7 1434//7 1433//7
f 1388//8 1389//8 1435//8 1434//8
f 1389//9 1390//9 1436//9 1435//9
f 1390//10 1391//10 1437//10 1436//10
f 1391//11 1392//11 1438//11 1437//11
f 1392//12 1393//12 1439//12 1438//12
f 1393//13 1394//13 1440//13 1439//13
f 1394//14 1395//14 1441//14 1440//14
f 1395//15 1396//15 1442//15 1441//15
f 1396//16 1397//16 1443//16 1442//16
f 1397//17 1398//17 1444//17 1443//17
f 1398//18 1399//18 1445//18 1444//18
f 1399//19 1400//19 1446//19 1445//19
f 1400//20 1401//20 1447//20 1446//20
f 1401//21 1402//21 1448//21 1447//21
f 1402//22 1403//22 1449//22 1448//22
f 1403//23 1404//23 1450//23 1449//23
f 1404//24 1405//24 1451//24 1450//24
f 1405//25 1406//25 1452//25 1451//25
f 1406//26 1407//26 1453//26 1452//26
f 1407//27 1408//27 1454//27 1453//27
f 1408//28 1409//28 1455//28 1454//28
f 1409//29 1410//29 1456//29 1455//29
f 1410//30 1411//30 1457//30 1456//30
f 1411//31 1412//31 1458//31 1457//31
f 1412//32 1413//32 1459//32 1458//32
f 1413//33 1414//33 1460//33 1459//33
f 1414//34 1415//34 1461//34 1460//34
f 1415//35 1416//35 1462//35 1461//35
f 1416//36 1417//36 1463//36 1462//36
f 1417//37 1418//37 1464//37 1463//37
f 1418//38 1419//38 1465//38 1464//38
f 1419//39 1420//39 1466//39 1465//39
f 1420//40 1421//40 1467//40 1466//40
f 1421//41 1422//41 1468//41 1467//41
f 1422//42 1423//42 1469//42 1468//42
f 1423//43 1424//43 1470//43 1469//43
f 1424//44 1425//44 1471//44 1470//44
f 1425//45 1426//45 1472//45 1471//45
f 1427//1 1428//1 1474//1 1473//1
f 1428//2 1429//2 1475//2 1474//2
f 1429//3 1430//3 1476//3 1475//3
f 1430//4 1431//4 1477//4 1476//4
f 1431//5 1432//5 1478//5 1477//5
f 1432//6 1433//6 1479//6 1478//6
f 1433//7 1434//7 1480//7 1479//7
f 1434//8 1435//8 1481//8 1480//8
f 1435//9 1436//9 1482//9 1481//9
f 1436//10 1437//10 1483//10 1482//10
f 1437//11 1438//11 1484//11 1483//11
f 1438//12 1439//12 1485//12 1484//12
f 1439//13 1440//13 1486//13 1485//13
f 1440//14 1441//14 1487//14 1486//14
f 1441//15 1442//15 1488//15 1487//15
f 1442//16 1443//16 1489//16 1488//16
f 1443//17 1444//17 1490//17 1489//17
f 1444//18 1445//18 1491//18 1490//18
f 1445//19 1446//19 1492//19 1491//19
f 1446//20 1447//20 1493//20 1492//20
f 1447//21 1448//21 1494//21 1493//21
f 1448//22 1449//22 1495//22 1494//22
f 1449//23 1450//23 1496//23 1495//23
f 1450//24 1451//24 1497//24 1496//24
f 1451//25 1452//25 1498//25 1497//25
f 1452//26 1453//26 1499//26 1498//26
f 1453//27 1454//27 1500//27 1499//27
f 1454//28 1455//28 1501//28 1500//28
f 1455//29 1456//29 1502//29 1501//29
f 1456//30 1457//30 1503//30 1502//30
f 1457//31 1458//31 1504//31 1503//31
f 1458//32 1459//32 1505//32 1504//32
f 1459//33 1460//33 1506//33 1505//33
f 1460//34 1461//34 1507//34 1506//34
f 1461//35 1462//35 1508//35 1507//35
f 1462//36 1463//36 1509//36 1508//36
f 1463//37 1464//37 1510//37 1509//37
f 1464//38 1465//38 1511//38 1510//38
f 1465//39 1466//39 1512//39 1511//39
f 1466//40 1467//40 1513//40 1512//40
f 1467//41 1468//41 1514//41 1513//41
f 1468//42 1469//42 1515//42 1514//42
f 1469//43 1470//43 1516//43 1515//43
f 1470//44 1471//44 1517//44 1516//44
f 1471//45 1472//45 1518//45 1517//45
f 1473//1 1474//1 1520//1 1519//1
f 1474//2 1475//2 1521//2 1520//2
f 1475//3 1476//3 1522//3 1521//3
f 1476//4 1477//4 1523//4 1522//4
f 1477//5 1478//5 1524//5 1523//5
f 1478//6 1479//6 1525//6 1524//6
f 1479//7 1480//7 1526//7 1525//7
f 1480//8 1481//8 1527//8 1526//8
f 1481//9 1482//9 1528//9 1527//9
f 1482//10 1483//10 1529//10 1528//10
f 1483//11 1484//11 1530//11 1529//11
f 1484//12 1485//12 1531//12 1530//12
f 1485//13 1486//13 1532//13 1531//13
f 1486//14 1487//14 1533//14 1532//14
f 1487//15 1488//15 1534//15 1533//15
f 1488//16 1489//16 1535//16 1534//16
f 1489//17 1490//17 1536//17 1535//17
f 1490//18 1491//18 1537//18 1536//18
f 1491//19 1492//19 1538//19 1537//19
f 1492//20 1493//20 1539//20 1538//20
f 1493//21 1494//21 1540//21 1539//21
f 1494//22 1495//22 1541//22 1540//22
f 1495//23 1496//23 1542//23 1541//23
f 1496//24 1497//24 1543//24 1542//24
f 1497//25 1498//25 1544//25 1543//25
f 1498//26 1499//26 1545//26 1544//26
f 1499//27 1500//27 1546//27 1545//27
f 1500//28 1501//28 1547//28 1546//28
f 1501//29 1502//29 1548//29 1547//29
f 1502//30 1503//30 1549//30 1548//30
f 1503//31 1504//31 1550//31 1549//31
f 1504//32 1505//32 1551//32 1550//32
f 1505//33 1506//33 1552//33 1551//33
f 1506//34 1507//34 1553//34 1552//34
f 1507//35 1508//35 1554//35 1553//35
f 1508//36 1509//36 1555//36 1554//36
f 1509//37 1510//37 1556//37 1555//37
f 1510//38 1511//38 1557//38 1556//38
f 1511//39 1512//39 1558//39 1557//39
f 1512//40 1513//40 1559//40 1558//40
f 1513//41 1514//41 1560//41 1559//41
f 1514//42 1515//42 1561//42 1560//42
f 1515//43 1516//43 1562//43 1561//43
f 1516//44 1517//44 1563//44 1562//44
f 1517//45 1518//45 1564//45 1563//45
f 1519//1 1520//1 1566//1 1565//1
f 1520//2 1521//2 1567//2 1566//2
f 1521//3 1522//3 1568//3 1567//3
f 1522//4 1523//4 1569//4 1568//4
f 1523//5 1524//5 1570//5 1569//5
f 1524//6 1525//6 1571//6 1570//6
f 1525//7 1526//7 1572//7 1571//7
f 1526//8 1527//8 1573//8 1572//8
f 1527//9 1528//9 1574//9 1573//9
f 1528//10 1529//10 1575//10 1574//10
f 1529//11 1530//11 1576//11 1575//11
f 1530//12 1531//12 1577//12 1576//12
f 1531//13 1532//13 1578//13 1577//13
f 1532//14 1533//14 1579//14 1578//14
f 1533//15 1534//15 1580//15 1579//15
f 1534//16 1535//16 1581//16 1580//16
f 1535//17 1536//17 1582//17 1581//17
f 1536//18 1537//18 1583//18 1582//18
f 1537//19 1538//19 1584//19 1583//19
f 1538//20 1539//20 1585//20 1584//20
f 1539//21 1540//21 1586//21 1585//21
f 1540//22 1541//22 1587//22 1586//22
f 1541//23 1542//23 1588//23 1587//23
f 1542//24 1543//24 1589//24 1588//24
f 1543//25 1544//25 1590//25 1589//25
f 1544//26 1545//26 1591//26 1590//26
f 1545//27 1546//27 1592//27 1591//27
f 1546//28 1547//28 1593//28 1592//28
f 1547//29 1548//29 1594//29 1593//29
f 1548//30 1549//30 1595//30 1594//30
f 1549//31 1550//31 1596//31 1595//31
f 1550//32 1551//32 1597//32 1596//32
f 1551//33 1552//33 1598//33 1597//33
f 1552//34 1553//34 1599//34 1598//34
f 1553//35 1554//35 1600//35 1599//35
f 1554//36 1555//36 1601//36 1600//36
f 1555//37 1556//37 1602//37 1601//37
f 1556//38 1557//38 1603//38 1602//38
f 1557//39 1558//39 1604//39 1603//39
f 1558//40 1559//40 1605//40 1604//40
f 1559//41 1560//41 1606//41 1605//41
f 1560//42 1561//42 1607//42 1606//42
f 1561//43 1562//43 1608//43 1607//43
f 1562//44 1563//44 1609//44 1608//44
f 1563//45 1564//45 1610//45 1609//45
f 1565//1 1566//1 1612//1 1611//1
f 1566//2 1567//2 1613//2 1612//2
f 1567//3 1568//3 1614//3 1613//3
f 1568//4 1569//4 1615//4 1614//4
f 1569//5 1570//5 1616//5 1615//5
f 1570//6 1571//6 1617//6 1616//6
f 1571//7 1572//7 1618//7 1617//7
f 1572//8 1573//8 1619//8 1618//8
f 1573//9 1574//9 1620//9 1619//9
f 1574//10 1575//10 1621//10 1620//10
f 1575//11 1576//11 1622//11 1621//11
f 1576//12 1577//12 1623//12 1622//12
f 1577//13 1578//13 1624//13 1623//13
f 1578//14 1579//14 1625//14 1624//14
f 1579//15 1580//15 1626//15 1625//15
f 1580//16 1581//16 1627//16 1626//16
f 1581//17 1582//17 1628//17 1627//17
f 1582//18 1583//18 1629//18 1628//18
f 1583//19 1584//19 1630//19 1629//19
f 1584//20 1585//20 1631//20 1630//20
f 1585//21 1586//21 1632//21 1631//21
f 1586//22 1587//22 1633//22 1632//22
f 1587//23 1588//23 1634//23 1633//23
f 1588//24 1589//24 1635//24 1634//24
f 1589//25 1590//25 1636//25 1635//25
f 1590//26 1591//26 1637//26 1636//26
f 1591//27 1592//27 1638//27 1637//27
f 1592//28 1593//28 1639//28 1638//28
f 1593//29 1594//29 1640//29 1639//29
f 1594//30 1595//30 1641//30 1640//30
f 1595//31 1596//31 1642//31 1641//31
f 1596//32 1597//32 1643//32 1642//32
f 1597//33 1598//33 1644//33 1643//33
f 1598//34 1599//34 1645//34 1644//34
f 1599//35 1600//35 1646//35 1645//35
f 1600//36 1601//36 1647//36 1646//36
f 1601//37 1602//37 1648//37 1647//37
f 1602//38 1603//38 1649//38 1648//38
f 1603//39 1604//39 1650//39 1649//39
f 1604//40 1605//40 1651//40 1650//40
f 1605//41 1606//41 1652//41 1651//41
f 1606//42 1607//42 1653//42 1652//42
f 1607//43 1608//43 1654//43 1653//43
f 1608//44 1609//44 1655//44 1654//44
f 1609//45 1610//45 1656//45 1655//45
f 1611//1 1612//1 1658//1 1657//1
f 1612//2 1613//2 1659//2 1658//2
f 1613//3 1614//3 1660//3 1659//3
f 1614//4 1615//4 1661//4 1660//4
f 1615//5 1616//5 1662//5 1661//5
f 1616//6 1617//6 1663//6 1662//6
f 1617//7 1618//7 1664//7 1663//7
f 1618//8 1619//8 1665//8 1664//8
f 1619//9 1620//9 1666//9 1665//9
f 1620//10 1621//10 1667//10 1666//10
f 1621//11 1622//11 1668//11 1667//11
f 1622//12 1623//12 1669//12 1668//12
f 1623//13 1624//13 1670//13 1669//13
f 1624//14 1625//14 1671//14 1670//14
f 1625//15 1626//15 1672//15 1671//15
f 1626//16 1627//16 1673//16 1672//16
f 1627//17 1628//17 1674//17 1673//17
f 1628//18 1629//18 1675//18 1674//18
f 1629//19 1630//19 1676//19 1675//19
f 1630//20 1631//20 1677//20 1676//20
f 1631//21 1632//21 1678//21 1677//21
f 1632//22 1633//22 1679//22 1678//22
f 1633//23 1634//23 1680//23 1679//23
f 1634//24 1635//24 1681//24 1680//24
f 1635//25 1636//25 1682//25 1681//25
f 1636//26 1637//26 1683//26 1682//26
f 1637//27 1638//27 1684//27 1683//27
f 1638//28 1639//28 1685//28 1684//28
f 1639//29 1640//29 1686//29 1685//29
f 1640//30 1641//30 1687//30 1686//30
f 1641//31 1642//31 1688//31 1687//31
f 1642//32 1643//32 1689//32 1688//32
f 1643//33 1644//33 1690//33 1689//33
f 1644//34 1645//34 1691//34 1690//34
f 1645//35 1646//35 1692//35 1691//35
f 1646//36 1647//36 1693//36 1692//36
f 1647//37 1648//37 1694//37 1693//37
f 1648//38 1649//38 1695//38 1694//38
f 1649//39 1650//39 1696//39 1695//39
f 1650//40 1651//40 1697//40 1696//40
f 1651//41 1652//41 1698//41 1697//41
f 1652//42 1653//42 1699//42 1698//42
f 1653//43 1654//43 1700//43 1699//43
f 1654//44 1655//44 1701//44 1700//44
f 1655//45 1656//45 1702//45 1701//45
f 1657//1 1658//1 1704//1 1703//1
f 1658//2 1659//2 1705//2 1704//2
f 1659//3 1660//3 1706//3 1705//3
f 1660//4 1661//4 1707//4 1706//4
f 1661//5 1662//5 1708//5 1707//5
f 1662//6 1663//6 1709//6 1708//6
f 1663//7 1664//7 1710//7 1709//7
f 1664//8 1665//8 1711//8 1710//8
f 1665//9 1666//9 1712//9 1711//9
f 1666//10 1667//10 1713//10 1712//10
f 1667//11 1668//11 1714//11 1713//11
f 1668//12 1669//12 1715//12 1714//12
f 1669//13 1670//13 1716//13 1715//13
f 1670//14 1671//14 1717//14 1716//14
f 1671//15 1672//15 1718//15 1717//15
f 1672//16 1673//16 1719//16 1718//16
f 1673//17 1674//17 1720//17 1719//17
f 1674//18 1675//18 1721//18 1720//18
f 1675//19 1676//19 1722//19 1721//19
f 1676//20 1677//20 1723//20 1722//20
f 1677//21 1678//21 1724//21 1723//21
f 1678//22 1679//22 1725//22 1724//22
f 1679//23 1680//23 1726//23 1725//23
f 1680//24 1681//24 1727//24 1726//24
f 1681//25 1682//25 1728//25 1727//25
f 1682//26 1683//26 1729//26 1728//26
f 1683//27 1684//27 1730//27 1729//27
f 1684//28 1685//28 1731//28 1730//28
f 1685//29 1686//29 1732//29 1731//29
f 1686//30 1687//30 1733//30 1732//30
f 1687//31 1688//31 1734//31 1733//31
f 1688//32 1689//32 1735//32 1734//32
f 1689//33 1690//33 1736//33 1735//33
f 1690//34 1691//34 1737//34 1736//34
f 1691//35 1692//35 1738//35 1737//35
f 1692//36 1693//36 1739//36 1738//36
f 1693//37 1694//37 1740//37 1739//37
f 1694//38 1695//38 1741//38 1740//38
f 1695//39 1696//39 1742//39 1741//39
f 1696//40 1697//40 1743//40 1742//40
f 1697//41 1698//41 1744//41 1743//41
f 1698//42 1699//42 1745//42 1744//42
f 1699//43 1700//43 1746//43 1745//43
f 1700//44 1701//44 1747//44 1746//44
f 1701//45 1702//45 1748//45 1747//45
f 1703//1 1704//1 1750//1 1749//1
f 1704//2 1705//2 1751//2 1750//2
f 1705//3 1706//3 1752//3 1751//3
f 1706//4 1707//4 1753//4 1752//4
f 1707//5 1708//5 1754//5 1753//5
f 1708//6 1709//6 1755//6 1754//6
f 1709//7 1710//7 1756//7 1755//7
f 1710//8 1711//8 1757//8 1756//8
f 1711//9 1712//9 1758//9 1757//9
f 1712//10 1713//10 1759//10 1758//10
f 1713//11 1714//11 1760//11 1759//11
f 1714//12 1715//12 1761//12 1760//12
f 1715//13 1716//13 1762//13 1761//13
f 1716//14 1717//14 1763//14 1762//14
f 1717//15 1718//15 1764//15 1763//15
f 1718//16 1719//16 1765//16 1764//16
f 1719//17 1720//17 1766//17 1765//17
f 1720//18 1721//18 1767//18 1766//18
f 1721//19 1722//19 1768//19 1767//19
f 1722//20 1723//20 1769//20 1768//20
f 1723//21 1724//21 1770//21 1769//21
f 1724//22 1725//22 1771//22 1770//22
f 1725//23 1726//23 1772//23 1771//23
f 1726//24 1727//24 1773//24 1772//24
f 1727//25 1728//25 1774//25 1773//25
f 1728//26 1729//26 1775//26 1774//26
f 1729//27 1730//27 1776//27 1775//27
f 1730//28 1731//28 1777//28 1776//28
f 1731//29 1732//29 1778//29 1777//29
f 1732//30 1733//30 1779//30 1778//30
f 1733//31 1734//31 1780//31 1779//31
f 1734//32 1735//32 1781//32 1780//32
f 1735//33 1736//33 1782//33 1781//33
f 1736//34 1737//34 1783//34 1782//34
f 1737//35 1738//35 1784//35 1783//35
f 1738//36 1739//36 1785//36 1784//36
f 1739//37 1740//37 1786//37 1785//37
f 1740//38 1741//38 1787//38 1786//38
f 1741//39 1742//39 1788//39 1787//39
f 1742//40 1743//40 1789//40 1788//40
f 1743//41 1744//41 1790//41 1789//41
f 1744//42 1745//42 1791//42 1790//42
f 1745//43 1746//43 1792//43 1791//43
f 1746//44 1747//44 1793//44 1792//44
f 1747//45 1748//45 1794//45 1793//45
f 1749//1 1750//1 1796//1 1795//1
f 1750//2 1751//2 1797//2 1796//2
f 1751//3 1752//3 1798//3 1797//3
f 1752//4 1753//4 1799//4 1798//4
f 1753//5 1754//5 1800//5 1799//5
f 1754//6 1755//6 1801//6 1800//6
f 1755//7 1756//7 1802//7 1801//7
f 1756//8 1757//8 1803//8 1802//8
f 1757//9 1758//9 1804//9 1803//9
f 1758//10 1759//10 1805//10 1804//10
f 1759//11 1760//11 1806//11 1805//11
f 1760//12 1761//12 1807//12 1806//12
f 1761//13 1762//13 1808//13 1807//13
f 1762//14 1763//14 1809//14 1808//14
f 1763//15 1764//15 1810//15 1809//15
f 1764//16 1765//16 1811//16 1810//16
f 1765//17 1766//17 1812//17 1811//17
f 1766//18 1767//18 1813//18 1812//18
f 1767//19 1768//19 1814//19 1813//19
f 1768//20 1769//20 1815//20 1814//20
f 1769//21 1770//21 1816//21 1815//21
f 1770//22 1771//22 1817//22 1816//22
f 1771//23 1772//23 1818//23 1817//23
f 1772//24 1773//24 1819//24 1818//24
f 1773//25 1774//25 1820//25 1819//25
f 1774//26 1775//26 1821//26 1820//26
f 1775//27 1776//27 1822//27 1821//27
f 1776//28 1777//28 1823//28 1822//28
f 1777//29 1778//29 1824//29 1823//29
f 1778//30 1779//30 1825//30 1824//30
f 1779//31 1780//31 1826//31 1825//31
f 1780//32 1781//32 1827//32 1826//32
f 1781//33 1782//33 1828//33 1827//33
f 1782//34 1783//34 1829//34 1828//34
f 1783//35 1784//35 1830//35 1829//35
f 1784//36 1785//36 1831//36 1830//36
f 1785//37 1786//37 1832//37 1831//37
f 1786//38 1787//38 1833//38 1832//38
f 1787//39 1788//39 1834//39 1833//39
f 1788//40 1789//40 1835//40 1834//40
f 1789//41 1790//41 1836//41 1835//41
f 1790//42 1791//42 1837//42 1836//42
f 1791//43 1792//43 1838//43 1837//43
f 1792//44 1793//44 1839//44 1838//44
f 1793//45 1794//45 1840//45 1839//45
f 1795//1 1796//1 1842//1 1841//1
f 1796//2 1797//2 1843//2 1842//2
f 1797//3 1798//3 1844//3 1843//3
f 1798//4 1799//4 1845//4 1844//4
f 1799//5 1800//5 1846//5 1845//5
f 1800//6 1801//6 1847//6 1846//6
f 1801//7 1802//7 1848//7 1847//7
f 1802//8 1803//8 1849//8 1848//8
f 1803//9 1804//9 1850//9 1849//9
f 1804//10 1805//10 1851//10 1850//10
f 1805//11 1806//11 1852//11 1851//11
f 1806//12 1807//12 1853//12 1852//12
f 1807//13 1808//13 1854//13 1853//13
f 1808//14 1809//14 1855//14 1854//14
f 1809//15 1810//15 1856//15 1855//15
f 1810//16 1811//16 1857//16 1856//16
f 1811//17 1812//17 1858//17 1857//17
f 1812//18 1813//18 1859//18 1858//18
f 1813//19 1814//19 1860//19 1859//19
f 1814//20 1815//20 1861//20 1860//20
f 1815//21 1816//21 1862//21 1861//21
f 1816//22 1817//22 1863//22 1862//22
f 1817//23 1818//23 1864//23 1863//23
f 1818//24 1819//24 1865//24 1864//24
f 1819//25 1820//25 1866//25 1865//25
f 1820//26 1821//26 1867//26 1866//26
f 1821//27 1822//27 1868//27 1867//27
f 1822//28 1823//28 1869//28 1868//28
f 1823//29 1824//29 1870//29 1869//29
f 1824//30 1825//30 1871//30 1870//30
f 1825//31 1826//31 1872//31 1871//31
f 1826//32 1827//32 1873//32 1872//32
f 1827//33 1828//33 1874//33 1873//33
f 1828//34 1829//34 1875//34 1874//34
f 1829//35 1830//35 1876//35 1875//35
f 1830//36 1831//36 1877//36 1876//36
f 1831//37 1832//37 1878//37 1877//37
f 1832//38 1833//38 1879//38 1878//38
f 1833//39 1834//39 1880//39 1879//39
f 1834//40 1835//40 1881//40 1880//40
f 1835//41 1836//41 1882//41 1881//41
f 1836//42 1837//42 1883//42 1882//42
f 1837//43 1838//43 1884//43 1883//43
f 1838//44 1839//44 1885//44 1884//44
f 1839//45 1840//45 1886//45 1885//45
f 1841//1 1842//1 1888//1 1887//1
f 1842//2 1843//2 1889//2 1888//2
f 1843//3 1844//3 1890//3 1889//3
f 1844//4 1845//4 1891//4 1890//4
f 1845//5 1846//5 1892//5 1891//5
f 1846//6 1847//6 1893//6 1892//6
f 1847//7 1848//7 1894//7 1893//7
f 1848//8 1849//8 1895//8 1894//8
f 1849//9 1850//9 1896//9 1895//9
f 1850//10 1851//10 1897//10 1896//10
f 1851//11 1852//11 1898//11 1897//11
f 1852//12 1853//12 1899//12 1898//12
f 1853//13 1854//13 1900//13 1899//13
f 1854//14 1855//14 1901//14 1900//14
f 1855//15 1856//15 1902//15 1901//15
f 1856//16 1857//16 1903//16 1902//16
f 1857//17 1858//17 1904//17 1903//17
f 1858//18 1859//18 1905//18 1904//18
f 1859//19 1860//19 1906//19 1905//19
f 1860//20 1861//20 1907//20 1906//20
f 1861//21 1862//21 1908//21 1907//21
f 1862//22 1863//22 1909//22 1908//22
f 1863//23 1864//23 1910//23 1909//23
f 1864//24 1865//24 1911//24 1910//24
f 1865//25 1866//25 1912//25 1911//25
f 1866//26 1867//26 1913//26 1912//26
f 1867//27 1868//27 1914//27 1913//27
f 1868//28 1869//28 1915//28 1914//28
f 1869//29 1870//29 1916//29 1915//29
f 1870//30 1871//30 1917//30 1916//30
f 1871//31 1872//31 1918//31 1917//31
f 1872//32 1873//32 1919//32 1918//32
f 1873//33 1874//33 1920//33 1919//33
f 1874//34 1875//34 1921//34 1920//34
f 1875//35 1876//35 1922//35 1921//35
f 1876//36 1877//36 1923//36 1922//36
f 1877//37 1878//37 1924//37 1923//37
f 1878//38 1879//38 1925//38 1924//38
f 1879//39 1880//39 1926//39 1925//39
f 1880//40 1881//40 1927//40 1926//40
f 1881//41 1882//41 1928//41 1927//41
f 1882//42 1883//42 1929//42 1928//42
f 1883//43 1884//43 1930//43 1929//43
f 1884//44 1885//44 1931//44 1930//44
f 1885//45 1886//45 1932//45 1931//45
f 1887//1 1888//1 1934//1 1933//1
f 1888//2 1889//2 1935//2 1934//2
f 1889//3 1890//3 1936//3 1935//3
f 1890//4 1891//4 1937//4 1936//4
f 1891//5 1892//5 1938//5 1937//5
f 1892//6 1893//6 1939//6 1938//6
f 1893//7 1894//7 1940//7 1939//7
f 1894//8 1895//8 1941//8 1940//8
f 1895//9 1896//9 1942//9 1941//9
f 1896//10 1897//10 1943//10 1942//10
f 1897//11 1898//11 1944//11 1943//11
f 1898//12 1899//12 1945//12 1944//12
f 1899//13 1900//13 1946//13 1945//13
f 1900//14 1901//14 1947//14 1946//14
f 1901//15 1902//15 1948//15 1947//15
f 1902//16 1903//16 1949//16 1948//16
f 1903//17 1904//17 1950//17 1949//17
f 1904//18 1905//18 1951//18 1950//18
f 1905//19 1906//19 1952//19 1951//19
f 1906//20 1907//20 1953//20 1952//20
f 1907//21 1908//21 1954//21 1953//21
f 1908//22 1909//22 1955//22 1954//22
f 1909//23 1910//23 1956//23 1955//23
f 1910//24 1911//24 1957//24 1956//24
f 1911//25 1912//25 1958//25 1957//25
f 1912//26 1913//26 1959//26 1958//26
f 1913//27 1914//27 1960//27 1959//27
f 1914//28 1915//28 1961//28 1960//28
f 1915//29 1916//29 1962//29 1961//29
f 1916//30 1917//30 1963//30 1962//30
f 1917//31 1918//31 1964//31 1963//31
f 1918//32 1919//32 1965//32 1964//32
f 1919//33 1920//33 1966//33 1965//33
f 1920//34 1921//34 1967//34 1966//34
f 1921//35 1922//35 1968//35 1967//35
f 1922//36 1923//36 1969//36 1968//36
f 1923//37 1924//37 1970//37 1969//37
f 1924//38 1925//38 1971//38 1970//38
f 1925//39 1926//39 1972//39 1971//39
f 1926//40 1927//40 1973//40 1972//40
f 1927//41 1928//41 1974//41 1973//41
f 1928//42 1929//42 1975//42 1974//42
f 1929//43 1930//43 1976//43 1975//43
f 1930//44 1931//44 1977//44 1976//44
f 1931//45 1932//45 1978//45 1977//45
f 1933//1 1934//1 1980//1 1979//1
f 1934//2 1935//2 1981//2 1980//2
f 1935//3 1936//3 1982//3 1981//3
f 1936//4 1937//4 1983//4 1982//4
f 1937//5 1938//5 1984//5 1983//5
f 1938//6 1939//6 1985//6 1984//6
f 1939//7 1940//7 1986//7 1985//7
f 1940//8 1941//8 1987//8 1986//8
f 1941//9 1942//9 1988//9 1987//9
f 1942//10 1943//10 1989//10 1988//10
f 1943//11 1944//11 1990//11 1989//11
f 1944//12 1945//12 1991//12 1990//12
f 1945//13 1946//13 1992//13 1991//13
f 1946//14 1947//14 1993//14 1992//14
f 1947//15 1948//15 1994//15 1993//15
f 1948//16 1949//16 1995//16 1994//16
f 1949//17 1950//17 1996//17 1995//17
f 1950//18 1951//18 1997//18 1996//18
f 1951//19 1952//19 1998//19 1997//19
f 1952//20 1953//20 1999//20 1998//20
f 1953//21 1954//21 2000//21 1999//21
f 1954//22 1955//22 2001//22 2000//22
f 1955//23 1956//23 2002//23 2001//23
f 1956//24 1957//24 2003//24 2002//24
f 1957//25 1958//25 2004//25 2003//25
f 1958//26 1959//26 2005//26 2004//26
f 1959//27 1960//27 2006//27 2005//27
f 1960//28 1961//28 2007//28 2006//28
f 1961//29 1962//29 2008//29 2007//29
f 1962//30 1963//30 2009//30 2008//30
f 1963//31 1964//31 2010//31 2009//31
f 1964//32 1965//32 2011//32 2010//32
f 1965//33 1966//33 2012//33 2011//33
f 1966//34 1967//34 2013//34 2012//34
f 1967//35 1968//35 2014//35 2013//35
f 1968//36 1969//36 2015//36 2014//36
f 1969//37 1970//37 2016//37 2015//37
f 1970//38 1971//38 2017//38 2016//38
f 1971//39 1972//39 2018//39 2017//39
f 1972//40 1973//40 2019//40 2018//40
f 1973//41 1974//41 2020//41 2019//41
f 1974//42 1975//42 2021//42 2020//42
f 1975//43 1976//43 2022//43 2021//43
f 1976//44 1977//44 2023//44 2022//44
f 1977//45 1978//45 2024//45 2023//45
f 1979//1 1980//1 2026//1 2025//1
f 1980//2 1981//2 2027//2 2026//2
f 1981//3 1982//3 2028//3 2027//3
f 1982//4 1983//4 2029//4 2028//4
f 1983//5 1984//5 2030//5 2029//5
f 1984//6 1985//6 2031//6 2030//6
f 1985//7 1986//7 2032//7 2031//7
f 1986//8 1987//8 2033//8 2032//8
f 1987//9 1988//9 2034//9 2033//9
f 1988//10 1989//10 2035//10 2034//10
f 1989//11 1990//11 2036//11 2035//11
f 1990//12 1991//12 2037//12 2036//12
f 1991//13 1992//13 2038//13 2037//13
f 1992//14 1993//14 2039//14 2038//14
f 1993//15 1994//15 2040//15 2039//15
f 1994//16 1995//16 2041//16 2040//16
f 1995//17 1996//17 2042//17 2041//17
f 1996//18 1997//18 2043//18 2042//18
f 1997//19 1998//19 2044//19 2043//19
f 1998//20 1999//20 2045//20 2044//20
f 1999//21 2000//21 2046//21 2045//21
f 2000//22 2001//22 2047//22 2046//22
f 2001//23 2002//23 2048//23 2047//23
f 2002//24 2003//24 2049//24 2048//24
f 2003//25 2004//25 2050//25 2049//25
f 2004//26 2005//26 2051//26 2050//26
f 2005//27 2006//27 2052//27 2051//27
f 2006//28 2007//28 2053//28 2052//28
f 2007//29 2008//29 2054//29 2053//29
f 2008//30 2009//30 2055//30 2054//30
f 2009//31 2010//31 2056//31 2055//31
f 2010//32 2011//32 2057//32 2056//32
f 2011//33 2012//33 2058//33 2057//33
f 2012//34 2013//34 2059//34 2058//34
f 2013//35 2014//35 2060//35 2059//35
f 2014//36 2015//36 2061//36 2060//36
f 2015//37 2016//37 2062//37 2061//37
f 2016//38 2017//38 2063//38 2062//38
f 2017//39 2018//39 2064//39 2063//39
f 2018//40 2019//40 2065//40 2064//40
f 2019//41 2020//41 2066//41 2065//41
f 2020//42 2021//42 2067//42 2066//42
f 2021//43 2022//43 2068//43 2067//43
f 2022//44 2023//44 2069//44 2068//44
f 2023//45 2024//45 2070//45 2069//45
f 2025//1 2026//1 2072//1 2071//1
f 2026//2 2027//2 2073//2 2072//2
f 2027//3 2028//3 2074//3 2073//3
f 2028//4 2029//4 2075//4 2074//4
f 2029//5 2030//5 2076//5 2075//5
f 2030//6 2031//6 2077//6 2076//6
f 2031//7 2032//7 2078//7 2077//7
f 2032//8 2033//8 2079//8 2078//8
f 2033//9 2034//9 2080//9 2079//9
f 2034//10 2035//10 2081//10 2080//10
f 2035//11 2036//11 2082//11 2081//11
f 2036//12 2037//12 2083//12 2082//12
f 2037//13 2038//13 2084//13 2083//13
f 2038//14 2039//14 2085//14 2084//14
f 2039//15 2040//15 2086//15 2085//15
f 2040//16 2041//16 2087//16 2086//16
f 2041//17 2042//17 2088//17 2087//17
f 2042//18 2043//18 2089//18 2088//18
f 2043//19 2044//19 2090//19 2089//19
f 2044//20 2045//20 2091//20 2090//20
f 2045//21 2046//21 2092//21 2091//21
f 2046//22 2047//22 2093//22 2092//22
f 2047//23 2048//23 2094//23 2093//23
f 2048//24 2049//24 2095//24 2094//24
f 2049//25 2050//25 2096//25 2095//25
f 2050//26 2051//26 2097//26 2096//26
f 2051//27 2052//27 2098//27 2097//27
f 2052//28 2053//28 2099//28 2098//28
f 2053//29 2054//29 2100//29 2099//29
f 2054//30 2055//30 2101//30 2100//30
f 2055//31 2056//31 2102//31 2101//31
f 2056//32 2057//32 2103//32 2102//32
f 2057//33 2058//33 2104//33 2103//33
f 2058//34 2059//34 2105//34 2104//34
f 2059//35 2060//35 2106//35 2105//35
f 2060//36 2061//36 2107//36 2106//36
f 2061//37 2062//37 2108//37 2107//37
f 2062//38 2063//38 2109//38 2108//38
f 2063//39 2064//39 2110//39 2109//39
f 2064//40 2065//40 2111//40 2110//40
f 2065//41 2066//41 2112//41 2111//41
f 2066//42 2067//42 2113//42 2112//42
f 2067//43 2068//43 2114//43 2113//43
f 2068//44 2069//44 2115//44 2114//44
f 2069//45 2070//45 2116//45 2115//45
